pathway,sum_pval,sum_rank,n_timepoints,n_significant,mean_NES,rank_by_sum_pval,rank_by_sum_rank
WP_STRIATED_MUSCLE_CONTRACTION_PATHWAY,0.1592252342278996,139.0,10,7,-0.26783292438744,2.0,1.0
SWEET_LUNG_CANCER_KRAS_DN,0.1019244228485023,150.0,10,4,-0.24939456026071496,1.0,2.0
REACTOME_MUSCLE_CONTRACTION,0.47521287395285816,319.0,10,8,-0.2964545173318971,3.0,3.0
AFFAR_YY1_TARGETS_UP,0.6859364720935166,494.0,10,2,-0.06611824623642777,4.0,4.0
PECE_MAMMARY_STEM_CELL_UP,1.4661344320889382,975.0,10,1,-0.10894189435597748,6.0,5.0
KAAB_HEART_ATRIUM_VS_VENTRICLE_UP,1.4825648840274162,981.0,10,2,-0.36026100776715264,7.0,6.0
REACTOME_NEDDYLATION,1.3462879657650122,1017.0,10,0,0.037347996034733044,5.0,7.0
GRADE_COLON_AND_RECTAL_CANCER_UP,1.682856536913446,1258.0,10,0,0.025842205260057004,8.0,8.0
ENK_UV_RESPONSE_KERATINOCYTE_UP,2.1460794524134053,1282.0,8,2,-0.2892512795339919,13.0,9.0
HOUNKPE_HOUSEKEEPING_GENES,2.0530454656899075,1364.0,10,0,-0.02015025699852078,10.0,10.0
MARTINEZ_RB1_AND_TP53_TARGETS_DN,1.9986626337247066,1383.0,10,0,-0.04098710849448155,9.0,11.0
KRIGE_RESPONSE_TO_TOSEDOSTAT_6HR_DN,2.136413433517644,1430.0,10,0,0.017435683967924942,12.0,12.0
MARTINEZ_RB1_TARGETS_DN,2.2309866371238574,1434.0,10,0,-0.09567618694510398,16.0,13.0
EBAUER_TARGETS_OF_PAX3_FOXO1_FUSION_UP,2.464065626628922,1447.0,10,1,-0.2314544446032755,21.0,14.0
NUYTTEN_NIPP1_TARGETS_UP,2.0948474291771944,1448.0,10,0,0.2033107245678986,11.0,15.0
PULVER_FOREY_CELLCYCLE_PEAKING_G1_S,2.2335285951315162,1476.0,10,0,-0.14101871195921095,17.0,16.0
SCHAEFFER_PROSTATE_DEVELOPMENT_6HR_DN,2.2034544665987577,1482.0,10,0,-0.1660054908915825,15.0,17.0
REACTOME_CELL_CYCLE_MITOTIC,2.2725417005641377,1509.0,10,0,-0.1796300811029864,18.0,18.0
FEVR_CTNNB1_TARGETS_DN,2.1481115714746526,1517.0,10,0,-0.010888502986867676,14.0,19.0
MA_RAT_AGING_DN,2.5079112071717877,1554.0,10,1,-0.17401849241198628,25.0,20.0
WANG_CLIM2_TARGETS_UP,2.4263710389486812,1578.0,10,0,-0.21967825186868212,20.0,21.0
PAL_PRMT5_TARGETS_UP,2.497393269105886,1603.0,10,0,0.1633011932617743,24.0,22.0
LEE_BMP2_TARGETS_DN,2.4661368266316583,1626.0,10,0,0.1816244188958856,22.0,23.0
MCBRYAN_PUBERTAL_BREAST_4_5WK_UP,2.711271334910468,1644.0,10,1,-0.12744640499889495,33.0,24.0
REACTOME_SIGNALING_BY_TGFB_FAMILY_MEMBERS,2.6149294149668925,1661.0,10,0,-0.015265707830468767,29.0,25.0
RODRIGUES_THYROID_CARCINOMA_POORLY_DIFFERENTIATED_UP,2.4884772885245363,1662.0,10,0,0.18348614994051482,23.0,26.0
PULVER_FOREY_PERTURB_ACCUMULATION_G1_S,2.3867525839502184,1674.0,10,0,-0.17974923149703803,19.0,27.0
REACTOME_INFLUENZA_INFECTION,2.696502128480252,1677.0,9,2,-0.15861412407465675,32.0,28.0
UDAYAKUMAR_MED1_TARGETS_DN,2.6108840999482674,1682.0,10,0,0.1778843373159281,28.0,29.0
PEREZ_TP53_TARGETS,2.520745165520807,1687.0,10,0,-0.22039696585224422,26.0,30.0
LOPEZ_MBD_TARGETS,2.6567948317019567,1694.0,10,0,-0.06888809147286028,30.0,31.0
WONG_EMBRYONIC_STEM_CELL_CORE,2.718715704075033,1711.0,10,0,0.01581719850258769,35.0,32.0
PULVER_FOREY_PERTURB_ATTRITION_M_EG1,2.720512923072055,1711.0,10,0,0.0335087640971403,36.0,32.0
TIEN_INTESTINE_PROBIOTICS_24HR_UP,2.682107632137853,1717.0,10,0,-0.14909641253348566,31.0,34.0
DACOSTA_UV_RESPONSE_VIA_ERCC3_UP,2.559109724921523,1754.0,10,0,-0.23200086818273064,27.0,35.0
SARRIO_EPITHELIAL_MESENCHYMAL_TRANSITION_UP,2.715512742330213,1766.0,10,0,0.011857385217503614,34.0,36.0
PUJANA_CHEK2_PCC_NETWORK,2.788096879497144,1768.0,10,0,-0.021416379817240826,39.0,37.0
DUTERTRE_ESTRADIOL_RESPONSE_24HR_UP,2.7912748607282696,1769.0,10,0,0.1626778934855689,41.0,38.0
LU_EZH2_TARGETS_UP,2.8866147055777915,1771.0,10,0,0.09053516112485682,44.0,39.0
WAMUNYOKOLI_OVARIAN_CANCER_LMP_UP,2.8262083899974044,1774.0,10,0,-0.25174923854159376,42.0,40.0
CHYLA_CBFA2T3_TARGETS_UP,2.787648232143994,1778.0,10,0,0.00019934139110697747,38.0,41.0
LIU_PROSTATE_CANCER_DN,3.044622506329187,1783.0,10,0,0.10394314739576149,51.0,42.0
BENPORATH_SOX2_TARGETS,2.755379517026452,1786.0,10,0,-0.17111148207823532,37.0,43.0
KRIEG_HYPOXIA_NOT_VIA_KDM3A,2.7902132844704903,1819.0,10,0,-0.0009005482064513903,40.0,44.0
REACTOME_PROCESSING_OF_CAPPED_INTRON_CONTAINING_PRE_MRNA,2.8483480187879113,1837.0,10,0,0.03047751897981581,43.0,45.0
REACTOME_CELL_CYCLE,2.9741101882742047,1858.0,10,0,-0.19049888912092733,48.0,46.0
KRIGE_RESPONSE_TO_TOSEDOSTAT_24HR_DN,3.029707933621352,1860.0,10,0,-0.00910445152016568,50.0,47.0
PASINI_SUZ12_TARGETS_DN,3.1691205473347717,1860.0,9,1,0.19877344203979744,60.0,47.0
REACTOME_REGULATION_OF_EXPRESSION_OF_SLITS_AND_ROBOS,3.1935761043261626,1860.0,10,2,-0.17628536036697634,61.0,47.0
MARTINEZ_RESPONSE_TO_TRABECTEDIN_DN,2.9086211101032844,1870.0,10,0,0.27909992165725594,45.0,50.0
REACTOME_CELLULAR_RESPONSE_TO_CHEMICAL_STRESS,2.962604033467691,1876.0,10,0,-0.1035797962863827,47.0,51.0
PULVER_FOREY_PERTURB_ACCUMULATION_G2_M,2.9113365937292954,1903.0,10,0,0.04166033680828909,46.0,52.0
GAZDA_DIAMOND_BLACKFAN_ANEMIA_ERYTHROID_DN,3.009090195593037,1918.0,10,0,0.10709370259844539,49.0,53.0
REACTOME_MRNA_SPLICING,3.070972789824778,1946.0,10,0,0.03570496791448889,52.0,54.0
REACTOME_APOPTOSIS,3.252770712361252,1953.0,10,0,0.005726074440295314,68.0,55.0
REACTOME_PROGRAMMED_CELL_DEATH,3.252770712361252,1953.0,10,0,0.005726074440295314,68.0,55.0
KOYAMA_SEMA3B_TARGETS_DN,3.071885052748277,1955.0,10,0,-0.1231889041775263,53.0,57.0
MA_RAT_AGING_UP,3.1130164826773696,1956.0,10,0,-0.24085481481251209,56.0,58.0
LINDGREN_BLADDER_CANCER_CLUSTER_2B,3.083574317898767,1957.0,10,0,0.13135898372475624,54.0,59.0
REACTOME_CELLULAR_RESPONSE_TO_STARVATION,3.2973643748913624,1957.0,10,2,-0.24885998392268802,75.0,59.0
PUJANA_BRCA1_PCC_NETWORK,3.1469990866043713,1959.0,10,0,-0.018529898364178,57.0,61.0
DIAZ_CHRONIC_MYELOGENOUS_LEUKEMIA_UP,3.0884025953539416,1960.0,10,0,-0.1955779462316173,55.0,62.0
SENESE_HDAC3_TARGETS_UP,3.2441831830113594,1961.0,10,0,-0.2821807860313149,66.0,63.0
FLECHNER_BIOPSY_KIDNEY_TRANSPLANT_OK_VS_DONOR_UP,3.3505843563222997,1978.0,10,1,-0.027124435251662617,82.0,64.0
BENPORATH_NANOG_TARGETS,3.1576913064015324,1979.0,10,0,-0.18109713377201128,59.0,65.0
PULVER_FOREY_PERTURB_ACCUMULATION_LG1,3.4227769119394873,1984.0,10,0,-0.08873184813085941,92.0,66.0
LIM_MAMMARY_STEM_CELL_DN,3.2597804414759914,1985.0,10,0,0.20269406785889985,70.0,67.0
REACTOME_TRANSCRIPTIONAL_REGULATION_BY_RUNX1,3.2268791675062953,2002.0,10,0,-0.1985486295152298,65.0,68.0
NUYTTEN_EZH2_TARGETS_DN,3.21447977593904,2010.0,10,0,0.011926796964128527,63.0,69.0
GRAESSMANN_RESPONSE_TO_MC_AND_DOXORUBICIN_DN,3.3577569770322775,2013.0,10,0,-0.07418860161932814,84.0,70.0
KAAB_FAILED_HEART_ATRIUM_DN,3.2976507459522306,2018.0,10,0,-0.37999083704741454,76.0,71.0
BENPORATH_CYCLING_GENES,3.2778882766116015,2020.0,10,0,-0.07254290548857649,72.0,72.0
REACTOME_SIGNALING_BY_NOTCH,3.211324712960668,2022.0,10,0,0.11278641598947628,62.0,73.0
IBRAHIM_NRF1_UP,3.6651051198141724,2029.0,10,0,-0.31173151236222496,128.0,74.0
LEI_MYB_TARGETS,3.284017775956231,2035.0,10,0,-0.14572145627058644,73.0,75.0
BILANGES_SERUM_AND_RAPAMYCIN_SENSITIVE_GENES,3.3464861686496965,2037.0,10,0,-0.38577482705545785,81.0,76.0
CHANDRAN_METASTASIS_UP,3.3044858493319063,2044.0,10,1,-0.0003361437513947907,77.0,77.0
RHEIN_ALL_GLUCOCORTICOID_THERAPY_DN,3.250348874970638,2045.0,10,0,-0.20542033229590917,67.0,78.0
JISON_SICKLE_CELL_DISEASE_DN,3.3512888962568788,2045.0,10,0,-0.18434712804291267,83.0,78.0
RUTELLA_RESPONSE_TO_CSF2RB_AND_IL4_UP,3.157690757415031,2047.0,10,0,-0.008857887595028192,58.0,80.0
BENPORATH_ES_WITH_H3K27ME3,3.3088820688323475,2047.0,10,0,0.3580505170712488,78.0,80.0
REACTOME_CELL_CYCLE_CHECKPOINTS,3.2898513961721707,2048.0,10,0,-0.0050702055278512015,74.0,82.0
ZWANG_EGF_INTERVAL_DN,3.226863346722714,2050.0,10,0,0.04277890236113772,64.0,83.0
PULVER_FOREY_PERTURB_ATTRITION_G1_S,3.412470839404592,2052.0,10,0,0.1728370562414594,90.0,84.0
REACTOME_ESR_MEDIATED_SIGNALING,3.275743994435675,2060.0,10,0,-0.11850285747616988,71.0,85.0
REACTOME_METABOLISM_OF_RNA,3.3786580173304994,2060.0,10,1,-0.12039443606110771,85.0,85.0
MUELLER_PLURINET,3.4394511096495037,2072.0,10,0,-0.0028945699799742377,94.0,87.0
WP_PI3KAKT_SIGNALING,3.3446571184133616,2076.0,10,0,-0.024067021384171206,80.0,88.0
MOHANKUMAR_HOXA1_TARGETS_UP,3.413042248386872,2089.0,10,0,-0.21295951986437278,91.0,89.0
RICKMAN_METASTASIS_UP,3.4000076253609097,2091.0,10,0,0.07218249281837048,88.0,90.0
JOHNSTONE_PARVB_TARGETS_2_UP,3.509426657455323,2091.0,10,0,0.039100414143884724,104.0,90.0
REACTOME_CELLULAR_RESPONSES_TO_STIMULI,3.5095696764446864,2093.0,10,1,-0.0679939255690187,105.0,92.0
MEISSNER_NPC_HCP_WITH_H3_UNMETHYLATED,3.499160512841755,2094.0,10,0,0.10985959915397273,102.0,93.0
JIANG_MELANOMA_TRM3_CD8,3.491144223376301,2097.0,10,1,-0.08388356620691549,101.0,94.0
MARTORIATI_MDM4_TARGETS_NEUROEPITHELIUM_UP,3.4040649213312673,2099.0,10,0,-0.4677004727445374,89.0,95.0
HSIAO_HOUSEKEEPING_GENES,3.619354894528259,2105.0,10,1,-0.11012043970272511,119.0,96.0
CHARAFE_BREAST_CANCER_LUMINAL_VS_BASAL_UP,3.3441421180185493,2113.0,10,0,-0.3045802254884777,79.0,97.0
KINSEY_TARGETS_OF_EWSR1_FLII_FUSION_UP,3.4323005576775873,2113.0,10,0,0.04715022626420371,93.0,97.0
HOLLMANN_APOPTOSIS_VIA_CD40_DN,3.3911690611925374,2114.0,10,0,-0.3893832699998006,87.0,99.0
ACEVEDO_LIVER_TUMOR_VS_NORMAL_ADJACENT_TISSUE_UP,3.573575029862183,2118.0,10,0,-0.13478105923739067,113.0,100.0
REACTOME_SIGNALING_BY_GPCR,3.586090341883699,2130.0,10,0,0.05035200604241681,117.0,101.0
BUYTAERT_PHOTODYNAMIC_THERAPY_STRESS_UP,3.3868273207438504,2131.0,10,0,0.040476222802525406,86.0,102.0
REACTOME_HEMOSTASIS,3.4562795051721813,2142.0,10,0,-0.12585825208222792,95.0,103.0
YAO_TEMPORAL_RESPONSE_TO_PROGESTERONE_CLUSTER_14,3.667482422010555,2144.0,10,0,-0.07002048247767317,130.0,104.0
SPIELMAN_LYMPHOBLAST_EUROPEAN_VS_ASIAN_DN,3.466065280940993,2145.0,10,0,-0.21121809192446253,96.0,105.0
REACTOME_SIGNALING_BY_ROBO_RECEPTORS,3.7744600292778916,2150.0,9,1,-0.020541385994474845,142.0,106.0
MARKEY_RB1_ACUTE_LOF_UP,3.5324944030664978,2162.0,10,0,0.03741768269659891,108.0,107.0
REACTOME_ORGANELLE_BIOGENESIS_AND_MAINTENANCE,3.4851996483798446,2165.0,10,0,-0.3244088369742832,98.0,108.0
JIANG_MELANOMA_TRM1_CD8,3.5260403078169853,2169.0,10,0,-0.038492103643531804,107.0,109.0
SHETH_LIVER_CANCER_VS_TXNIP_LOSS_PAM2,3.521004617047918,2171.0,10,0,-0.03283619998420371,106.0,110.0
PARENT_MTOR_SIGNALING_UP,3.487119386349993,2184.0,10,0,-0.2015252608255876,99.0,111.0
REACTOME_NONSENSE_MEDIATED_DECAY_NMD,3.6965220907252805,2184.0,10,2,-0.12052246959238086,134.0,111.0
BORCZUK_MALIGNANT_MESOTHELIOMA_UP,3.586786871624971,2186.0,10,0,-0.16429533155975667,118.0,113.0
RUTELLA_RESPONSE_TO_HGF_UP,3.651719245407579,2187.0,10,1,-0.14829956424261864,126.0,114.0
HOSHIDA_LIVER_CANCER_SUBCLASS_S1,3.659885247443049,2194.0,10,0,0.050147698768278584,127.0,115.0
MARTINEZ_TP53_TARGETS_UP,3.7935924067255,2197.0,10,0,-0.013564049731153594,149.0,116.0
CREIGHTON_ENDOCRINE_THERAPY_RESISTANCE_2,3.483467334469049,2199.0,10,0,0.16260467142151872,97.0,117.0
REACTOME_INTERFERON_SIGNALING,3.542696917213712,2200.0,10,0,0.10479541998895361,110.0,118.0
SHEDDEN_LUNG_CANCER_POOR_SURVIVAL_A6,3.6457330943842856,2200.0,10,1,0.04318728302944848,123.0,118.0
GRAESSMANN_APOPTOSIS_BY_DOXORUBICIN_DN,3.7866159188726547,2202.0,10,0,0.02012710335403365,147.0,120.0
JOHNSTONE_PARVB_TARGETS_2_DN,3.678674087837537,2206.0,10,0,0.15446208664724365,133.0,121.0
MARTINEZ_RB1_TARGETS_UP,3.6449008560339538,2212.0,10,0,-0.20626576743497868,122.0,122.0
FORTSCHEGGER_PHF8_TARGETS_DN,3.641008123854851,2222.0,10,0,-0.0017098456404544883,121.0,123.0
KINSEY_TARGETS_OF_EWSR1_FLII_FUSION_DN,3.488477106470639,2223.0,10,0,-0.3404837134764981,100.0,124.0
REACTOME_EUKARYOTIC_TRANSLATION_ELONGATION,3.8319675514041536,2225.0,10,2,-0.20657762918806602,153.0,125.0
BENPORATH_SUZ12_TARGETS,3.505328639844011,2227.0,10,0,-0.014618765072209005,103.0,126.0
FUJII_YBX1_TARGETS_DN,3.5467687457757378,2228.0,10,0,-0.08379295444239332,111.0,127.0
REACTOME_RESPONSE_OF_EIF2AK4_GCN2_TO_AMINO_ACID_DEFICIENCY,3.8402344555430483,2229.0,10,2,-0.23336410301103777,154.0,128.0
PUJANA_BRCA2_PCC_NETWORK,3.583843743043114,2240.0,10,0,-0.1307500873917893,115.0,129.0
MARTORIATI_MDM4_TARGETS_FETAL_LIVER_DN,3.765792953552539,2241.0,10,0,0.1093235088855635,140.0,130.0
PUJANA_ATM_PCC_NETWORK,3.9611518042514122,2245.0,10,0,-0.11964881104966758,176.0,131.0
ZHONG_SECRETOME_OF_LUNG_CANCER_AND_FIBROBLAST,3.6653585694037387,2246.0,10,0,-0.03742131920285837,129.0,132.0
TOYOTA_TARGETS_OF_MIR34B_AND_MIR34C,3.6494245281988387,2248.0,10,0,-0.03198544339022928,125.0,133.0
LINDGREN_BLADDER_CANCER_CLUSTER_3_UP,3.578502269143546,2253.0,10,0,0.2789221653042591,114.0,134.0
REACTOME_SARS_COV_1_INFECTION,3.5714339308235887,2254.0,10,0,-0.17361778903925415,112.0,135.0
JOHNSTONE_PARVB_TARGETS_3_UP,3.782154850335066,2254.0,10,0,-0.2993686203495101,144.0,135.0
REACTOME_DNA_REPAIR,3.6276213655969967,2258.0,10,0,-0.041295110673400706,120.0,137.0
CASORELLI_ACUTE_PROMYELOCYTIC_LEUKEMIA_DN,3.535280754936189,2260.0,10,0,-0.17203148472263818,109.0,138.0
REACTOME_RNA_POLYMERASE_II_TRANSCRIPTION,3.6768720363348826,2262.0,10,0,-0.3523015612109943,132.0,139.0
JOHNSTONE_PARVB_TARGETS_3_DN,3.673850180461796,2265.0,10,0,0.017798274756357514,131.0,140.0
SHETH_LIVER_CANCER_VS_TXNIP_LOSS_PAM1,3.864075812047917,2265.0,10,0,0.19489253037078905,157.0,140.0
RAMALHO_STEMNESS_UP,3.7834190794977305,2266.0,10,0,0.28250939952864673,145.0,142.0
REACTOME_AUTOPHAGY,3.767602343370532,2268.0,10,0,-0.1410588505766533,141.0,143.0
REACTOME_SELECTIVE_AUTOPHAGY,3.584286594248383,2270.0,10,0,-0.209884033227207,116.0,144.0
KEGG_MEDICUS_REFERENCE_TRANSLATION_INITIATION,3.9750380552534272,2276.0,10,2,-0.20629180729647908,181.0,145.0
KEGG_RIBOSOME,3.9750380552534272,2276.0,10,2,-0.20629180729647908,181.0,145.0
REACTOME_SELENOAMINO_ACID_METABOLISM,3.9750380552534272,2276.0,10,2,-0.20629180729647908,181.0,145.0
WP_CYTOPLASMIC_RIBOSOMAL_PROTEINS,3.9750380552534272,2276.0,10,2,-0.20629180729647908,181.0,145.0
REACTOME_CILIUM_ASSEMBLY,3.738415623029452,2277.0,10,0,-0.19195647307678448,139.0,149.0
SCHAEFFER_PROSTATE_DEVELOPMENT_48HR_UP,3.7369918065704177,2283.0,10,0,0.08540435955045901,138.0,150.0
KOINUMA_TARGETS_OF_SMAD2_OR_SMAD3,3.648011030325964,2285.0,10,0,-0.008977898206631885,124.0,151.0
LINDGREN_BLADDER_CANCER_CLUSTER_1_DN,3.723174825747629,2285.0,10,0,-0.2757712676212793,137.0,151.0
PULVER_FOREY_CELLCYCLE_PEAKING_G2_M,3.7835538859861786,2285.0,10,0,0.023802421361791514,146.0,151.0
BYSTRYKH_HEMATOPOIESIS_STEM_CELL_QTL_TRANS,3.797656084236093,2287.0,10,0,-0.2551126331211101,150.0,154.0
REACTOME_ESTROGEN_DEPENDENT_GENE_EXPRESSION,3.698074601179825,2291.0,10,0,-0.1277677603891775,135.0,155.0
YOSHIMURA_MAPK8_TARGETS_UP,3.8855937044941005,2293.0,10,0,-0.18286035355328104,161.0,156.0
REACTOME_EUKARYOTIC_TRANSLATION_INITIATION,3.82003386910736,2294.0,10,2,-0.2397982088576663,152.0,157.0
PATIL_LIVER_CANCER,3.851867859044531,2297.0,10,0,0.004398535587336994,156.0,158.0
ACEVEDO_METHYLATED_IN_LIVER_CANCER_DN,3.943009954595117,2308.0,10,0,0.1424100275821786,171.0,159.0
IBRAHIM_NRF2_UP,4.103285206278623,2311.0,10,0,0.2373114758285409,201.0,160.0
MEISSNER_BRAIN_HCP_WITH_H3K4ME3_AND_H3K27ME3,3.7052831556670838,2314.0,10,0,-0.3547998995856797,136.0,161.0
REACTOME_M_PHASE,3.807347997481751,2317.0,10,0,-0.0414731795277294,151.0,162.0
DODD_NASOPHARYNGEAL_CARCINOMA_DN,3.9023257679310728,2320.0,10,0,-0.17517974473039616,164.0,163.0
WP_MIRTARGETED_GENES_IN_LYMPHOCYTES,3.8491488971526526,2321.0,10,0,-0.3918773115882928,155.0,164.0
FLORIO_NEOCORTEX_BASAL_RADIAL_GLIA_UP,4.059469330540081,2321.0,10,1,0.10234451514983503,193.0,164.0
MARTINEZ_RB1_AND_TP53_TARGETS_UP,3.793171253055748,2323.0,10,0,-0.20992385490793128,148.0,166.0
STARK_PREFRONTAL_CORTEX_22Q11_DELETION_DN,4.086232076660115,2326.0,10,0,-0.0939142051707714,199.0,167.0
JINESH_BLEBBISHIELD_TO_IMMUNE_CELL_FUSION_PBSHMS_DN,3.93493008092228,2327.0,10,0,-0.2204537785387953,169.0,168.0
WONG_ADULT_TISSUE_STEM_MODULE,3.9441195673867258,2330.0,10,0,0.05653155204559639,172.0,169.0
MULLIGHAN_MLL_SIGNATURE_1_UP,3.976699719303478,2332.0,10,0,0.004763530033800434,185.0,170.0
PULVER_FOREY_CELLCYCLE_PEAKING_EG1,3.888957937691711,2337.0,10,0,-0.3359149469511796,162.0,171.0
MOOTHA_MITOCHONDRIA,3.9900230729989166,2350.0,10,0,-0.12316501105791262,186.0,172.0
REACTOME_TRANSCRIPTIONAL_REGULATION_BY_TP53,3.776813378097999,2352.0,10,0,0.11162571473611302,143.0,173.0
FULCHER_INFLAMMATORY_RESPONSE_LECTIN_VS_LPS_DN,3.9665424083906347,2354.0,10,0,0.007223295218231706,179.0,174.0
BERTUCCI_MEDULLARY_VS_DUCTAL_BREAST_CANCER_DN,3.891333446962596,2355.0,10,0,-0.09221310432871754,163.0,175.0
HELLER_HDAC_TARGETS_SILENCED_BY_METHYLATION_DN,3.881071942733938,2356.0,10,0,0.09639993804282011,159.0,176.0
BLANCO_MELO_BETA_INTERFERON_TREATED_BRONCHIAL_EPITHELIAL_CELLS_UP,3.908198064758615,2356.0,10,0,0.01660725343006908,165.0,176.0
PULVER_FOREY_CELLCYCLE_ENRICHED_TFS_G2_M,4.1202057833595696,2359.0,10,0,-0.11975546213421488,208.0,178.0
SWEET_LUNG_CANCER_KRAS_UP,3.925734493622117,2361.0,10,0,-0.07277582398092161,168.0,179.0
TARTE_PLASMA_CELL_VS_PLASMABLAST_UP,3.8846725635684574,2376.0,10,0,-0.022777461352048965,160.0,180.0
YOSHIMURA_MAPK8_TARGETS_DN,4.047781649017791,2377.0,10,0,-0.1621421776145349,190.0,181.0
CHICAS_RB1_TARGETS_CONFLUENT,4.146358971160768,2379.0,10,0,-0.1004503294010016,210.0,182.0
PULVER_FOREY_CELLCYCLE_ENRICHED_TFS_S2,4.216881479917643,2386.0,10,0,0.031973143946279224,225.0,183.0
NUYTTEN_NIPP1_TARGETS_DN,4.117068502601072,2387.0,10,0,-0.3856899317845378,206.0,184.0
SCHAEFFER_PROSTATE_DEVELOPMENT_48HR_DN,3.913822672963237,2398.0,10,0,0.1762227394019841,166.0,185.0
LASTOWSKA_NEUROBLASTOMA_COPY_NUMBER_UP,4.045971774244195,2398.0,10,0,0.0775900608164541,189.0,185.0
GOLDRATH_ANTIGEN_RESPONSE,3.9562255103642228,2399.0,10,0,0.09161029881676326,174.0,187.0
DODD_NASOPHARYNGEAL_CARCINOMA_UP,3.9421996881265082,2400.0,10,0,0.00323884268185739,170.0,188.0
JINESH_BLEBBISHIELD_VS_LIVE_CONTROL_DN,3.973062061565445,2403.0,10,0,0.14147267950042247,180.0,189.0
REACTOME_NEUTROPHIL_DEGRANULATION,3.8766285964067064,2405.0,10,0,-0.021967593988981994,158.0,190.0
REACTOME_SIGNALING_BY_NUCLEAR_RECEPTORS,3.9645528633359723,2405.0,10,0,-0.19646287189329703,178.0,190.0
REACTOME_METABOLISM_OF_LIPIDS,3.9644010933972265,2410.0,10,0,0.19739238703051928,177.0,192.0
WHITFIELD_CELL_CYCLE_G2_M,4.04830522837501,2410.0,10,0,-0.2005405507712216,191.0,192.0
JIANG_MELANOMA_TRM8_CD4,4.2360795534784295,2410.0,10,2,-0.10593048565403629,231.0,192.0
DARWICHE_PAPILLOMA_RISK_LOW_DN,4.072457566077478,2412.0,10,0,-0.2086416914192002,194.0,195.0
HELLER_HDAC_TARGETS_DN,3.953039987513826,2414.0,10,0,-0.1347761504097246,173.0,196.0
WP_CILIARY_LANDSCAPE,4.055687419441709,2418.0,10,0,0.004914216756678269,192.0,197.0
BOQUEST_STEM_CELL_CULTURED_VS_FRESH_UP,4.19988727090393,2421.0,10,0,0.12842866820022286,221.0,198.0
KEGG_PATHWAYS_IN_CANCER,3.915019205039944,2427.0,10,0,-0.012039738692774915,167.0,199.0
DACOSTA_UV_RESPONSE_VIA_ERCC3_COMMON_DN,4.112807972534763,2436.0,10,0,0.146473477493551,204.0,200.0
DAZARD_RESPONSE_TO_UV_NHEK_UP,4.158752330605699,2436.0,10,0,-0.304211312922143,213.0,200.0
PULVER_FOREY_CELLCYCLE_ENRICHED_TFS_G2,4.23897655700229,2441.0,10,0,0.035004963040005596,232.0,202.0
REACTOME_ANTIGEN_PROCESSING_UBIQUITINATION_PROTEASOME_DEGRADATION,3.957889538095981,2442.0,10,0,-0.22563644840167996,175.0,203.0
NABA_MATRISOME,4.224085279729448,2445.0,10,0,0.056906836463215905,227.0,204.0
NABA_MATRISOME_ASSOCIATED,4.224085279729448,2445.0,10,0,0.056906836463215905,227.0,204.0
LIU_OVARIAN_CANCER_TUMORS_AND_XENOGRAFTS_XDGS_DN,4.308519376853312,2448.0,10,1,0.10417162144108989,237.0,206.0
ZWANG_CLASS_1_TRANSIENTLY_INDUCED_BY_EGF,4.249110585229277,2450.0,10,0,-0.13608557905160415,233.0,207.0
MARTINEZ_TP53_TARGETS_DN,4.170823612471025,2451.0,10,0,-0.05072438106452544,216.0,208.0
CHARAFE_BREAST_CANCER_LUMINAL_VS_MESENCHYMAL_UP,4.231525455952541,2452.0,10,0,-0.0926385367479344,230.0,209.0
CREIGHTON_ENDOCRINE_THERAPY_RESISTANCE_5,4.111550809052247,2453.0,10,0,0.20202030456394718,202.0,210.0
YAO_TEMPORAL_RESPONSE_TO_PROGESTERONE_CLUSTER_13,4.149143750188257,2453.0,10,1,-0.2228193289695668,211.0,210.0
PULVER_FOREY_CELLCYCLE_PEAKING_G2,4.1118703073736595,2457.0,10,0,-0.09251038301474739,203.0,212.0
REACTOME_MITOTIC_METAPHASE_AND_ANAPHASE,4.0849856400637305,2460.0,10,0,-0.0209864665985273,197.0,213.0
LIM_MAMMARY_STEM_CELL_UP,4.219410537815885,2462.0,10,0,-0.10657208646251189,226.0,214.0
OISHI_CHOLANGIOMA_STEM_CELL_LIKE_DN,4.254307378606169,2462.0,10,0,-0.19587125845531342,235.0,214.0
KONIGORSKI_INCREASED_SUBCUTANEOUS_ADIPOSE_TISSUE_MASS_UP,4.224721279785655,2463.0,10,0,-0.07920202946897092,229.0,216.0
DARWICHE_PAPILLOMA_RISK_HIGH_DN,4.029184935302577,2465.0,10,0,-0.19849769263036512,187.0,217.0
DEURIG_T_CELL_PROLYMPHOCYTIC_LEUKEMIA_UP,4.04162825632163,2467.0,10,0,0.16496468553807953,188.0,218.0
SANA_RESPONSE_TO_IFNG_DN,4.11956816914066,2469.0,10,0,-0.093441481102938,207.0,219.0
WEI_MYCN_TARGETS_WITH_E_BOX,4.114816588180247,2470.0,10,0,-0.008900156447839192,205.0,220.0
HADDAD_B_LYMPHOCYTE_PROGENITOR,4.085590177353673,2490.0,10,0,0.20488166840634073,198.0,221.0
GRUETZMANN_PANCREATIC_CANCER_UP,4.385652419993357,2494.0,10,0,0.31135739490755415,247.0,222.0
WANG_LMO4_TARGETS_UP,4.081559568782737,2496.0,10,0,0.023471740063191516,196.0,223.0
FULCHER_INFLAMMATORY_RESPONSE_LECTIN_VS_LPS_UP,4.214484642371176,2496.0,10,0,-0.13440461511028906,224.0,223.0
BENPORATH_EED_TARGETS,4.2550084347128205,2497.0,10,0,-0.3640253785427781,236.0,225.0
JIANG_MELANOMA_TRM5_CD8,4.310184676432135,2497.0,10,0,-0.033936876996632594,238.0,225.0
ALONSO_METASTASIS_UP,4.176407189630696,2503.0,10,0,-0.07357359028806712,217.0,227.0
REACTOME_SRP_DEPENDENT_COTRANSLATIONAL_PROTEIN_TARGETING_TO_MEMBRANE,4.41531405954505,2511.0,10,2,-0.20503870495764104,253.0,228.0
YAMAZAKI_TCEB3_TARGETS_DN,4.164860654822351,2512.0,10,0,-0.330426955627038,215.0,229.0
PULVER_FOREY_CELLCYCLE_PEAKING_LG1,4.390734905122961,2515.0,10,0,0.007041878184172035,248.0,230.0
SENESE_HDAC1_TARGETS_DN,4.0949365765682675,2518.0,10,0,-0.20350671833076223,200.0,231.0
DACOSTA_UV_RESPONSE_VIA_ERCC3_DN,4.164629525086088,2519.0,10,0,0.13799040493848763,214.0,232.0
GINESTIER_BREAST_CANCER_ZNF217_AMPLIFIED_DN,4.204940485325428,2519.0,10,0,-0.045274020913411726,222.0,232.0
KARLSSON_TGFB1_TARGETS_DN,4.198391323983093,2521.0,10,0,-0.25226202081811794,220.0,234.0
REACTOME_DNA_REPLICATION,4.157095032156418,2528.0,10,0,-0.04941937028822781,212.0,235.0
REACTOME_NERVOUS_SYSTEM_DEVELOPMENT,4.428994138276951,2530.0,9,1,-0.04742588082835223,258.0,236.0
JIANG_MELANOMA_TRM4,4.080112261301354,2535.0,10,0,0.05109548743739639,195.0,237.0
BASAKI_YBX1_TARGETS_UP,4.141105809232379,2539.0,10,0,-0.1425995054918073,209.0,238.0
BERENJENO_TRANSFORMED_BY_RHOA_UP,4.181172996042704,2541.0,10,0,-0.04047154748347228,218.0,239.0
KOBAYASHI_EGFR_SIGNALING_24HR_DN,4.206291860433885,2553.0,10,0,0.19022068999092268,223.0,240.0
MARTORIATI_MDM4_TARGETS_FETAL_LIVER_UP,4.3756007804376384,2557.0,10,0,-0.5909132296450738,245.0,241.0
REACTOME_ADAPTIVE_IMMUNE_SYSTEM,4.374233468605883,2558.0,10,0,-0.1686860031333262,244.0,242.0
PULVER_FOREY_PERTURB_ACCUMULATION_S,4.360214594704692,2563.0,10,0,-0.1961865930100353,243.0,243.0
REACTOME_SARS_COV_1_HOST_INTERACTIONS,4.383901518274322,2563.0,10,0,-0.14654119070606147,246.0,243.0
REACTOME_CYTOKINE_SIGNALING_IN_IMMUNE_SYSTEM,4.408264300623031,2563.0,10,0,-0.011716401421317602,252.0,243.0
REACTOME_HIV_INFECTION,4.185296192787761,2566.0,10,0,0.1537390616884648,219.0,246.0
REACTOME_INTRACELLULAR_SIGNALING_BY_SECOND_MESSENGERS,4.552697105154254,2569.0,10,0,-0.0772325830749137,279.0,247.0
REACTOME_POST_TRANSLATIONAL_PROTEIN_MODIFICATION,4.600368544808846,2569.0,10,0,-0.09918236791382325,288.0,247.0
LINDGREN_BLADDER_CANCER_CLUSTER_3_DN,4.249836000464979,2572.0,10,0,-0.1977948377203685,234.0,249.0
SPIELMAN_LYMPHOBLAST_EUROPEAN_VS_ASIAN_UP,4.358740191863337,2572.0,10,0,-0.12078439581731278,241.0,249.0
TONKS_TARGETS_OF_RUNX1_RUNX1T1_FUSION_HSC_UP,4.7184694096578,2574.0,10,1,0.1206933992438461,313.0,251.0
SMID_BREAST_CANCER_BASAL_DN,4.310352192680875,2583.0,10,0,-0.259314655765325,239.0,252.0
HAN_SATB1_TARGETS_UP,4.431471980436016,2586.0,10,0,-0.014764713715098155,259.0,253.0
SATO_SILENCED_BY_METHYLATION_IN_PANCREATIC_CANCER_1,4.460746319311633,2590.0,10,0,0.18292784821623687,262.0,254.0
OSWALD_HEMATOPOIETIC_STEM_CELL_IN_COLLAGEN_GEL_UP,4.426508197579997,2593.0,10,0,-0.23137997484004588,257.0,255.0
SENESE_HDAC1_TARGETS_UP,4.393025937225105,2597.0,10,0,-0.15725663922119232,249.0,256.0
RODRIGUES_THYROID_CARCINOMA_ANAPLASTIC_UP,4.479190383730395,2599.0,10,0,0.1061661989072031,265.0,257.0
WINTER_HYPOXIA_METAGENE,4.614423318142038,2605.0,10,0,-0.0392259593571158,293.0,258.0
SENGUPTA_NASOPHARYNGEAL_CARCINOMA_UP,4.424149407740169,2607.0,10,0,0.1583913409674446,256.0,259.0
OISHI_CHOLANGIOMA_STEM_CELL_LIKE_UP,4.417167833331595,2609.0,10,0,0.1637535110558505,254.0,260.0
REACTOME_METABOLISM_OF_AMINO_ACIDS_AND_DERIVATIVES,4.358920197757789,2610.0,10,1,-0.214715253629931,242.0,261.0
WAKABAYASHI_ADIPOGENESIS_PPARG_RXRA_BOUND_8D,4.464702524202834,2612.0,10,0,-0.15968640803700346,264.0,262.0
FLECHNER_BIOPSY_KIDNEY_TRANSPLANT_REJECTED_VS_OK_DN,4.394335519437595,2614.0,10,0,0.06264841921320663,250.0,263.0
VECCHI_GASTRIC_CANCER_EARLY_UP,4.52061241528914,2617.0,10,0,-0.16823942513333168,271.0,264.0
GRESHOCK_CANCER_COPY_NUMBER_UP,4.574175110080962,2626.0,10,0,-0.16490321012717196,283.0,265.0
BAELDE_DIABETIC_NEPHROPATHY_DN,4.596422244297437,2627.0,10,0,0.029165742014169393,286.0,266.0
CREIGHTON_ENDOCRINE_THERAPY_RESISTANCE_3,4.420628951626441,2631.0,10,0,-0.2215659539879022,255.0,267.0
PULVER_FOREY_CELLCYCLE_PEAKING_M,4.347340690686454,2632.0,10,0,-0.2842851394667243,240.0,268.0
IGLESIAS_E2F_TARGETS_UP,4.4932677263622764,2632.0,10,0,0.1282064711405658,267.0,268.0
PULVER_FOREY_PERTURB_ATTRITION_S,4.4643976676019,2633.0,10,0,-0.0003807102585904998,263.0,270.0
CREIGHTON_ENDOCRINE_THERAPY_RESISTANCE_4,4.404606232006045,2634.0,10,0,-0.27546875265956156,251.0,271.0
GEORGES_TARGETS_OF_MIR192_AND_MIR215,4.522551010099647,2642.0,10,0,-0.16752833780796136,273.0,272.0
YAGI_AML_WITH_11Q23_REARRANGED,4.520788808774328,2648.0,10,0,0.21683507489205697,272.0,273.0
GARY_CD5_TARGETS_DN,4.7258863397088,2659.0,10,0,-0.08175285590692702,315.0,274.0
WANG_TUMOR_INVASIVENESS_DN,4.697404285742952,2667.0,10,1,0.012629714197846786,307.0,275.0
BENPORATH_ES_1,4.535927234725606,2692.0,10,0,0.11894703193670282,275.0,276.0
FARMER_BREAST_CANCER_APOCRINE_VS_LUMINAL,4.561739644274633,2696.0,10,0,-0.11424141814759133,281.0,277.0
KEGG_FOCAL_ADHESION,4.7154325936731745,2696.0,10,0,0.11062944585476639,310.0,277.0
WP_FOCAL_ADHESION,4.7154325936731745,2696.0,10,0,0.11062944585476639,310.0,277.0
ENK_UV_RESPONSE_EPIDERMIS_UP,4.450764720188106,2697.0,10,0,0.224703371469385,260.0,280.0
SMID_BREAST_CANCER_BASAL_UP,4.630966192990946,2698.0,10,0,0.03823669612098799,296.0,281.0
TIEN_INTESTINE_PROBIOTICS_24HR_DN,4.534612273603106,2702.0,10,0,0.0278855165302073,274.0,282.0
ACEVEDO_LIVER_CANCER_UP,4.6001641251568754,2702.0,10,0,-0.18405296479468808,287.0,282.0
PULVER_FOREY_CELLCYCLE_PEAKING_S2,4.603657898219652,2702.0,10,0,-0.19379524996345482,290.0,282.0
REACTOME_CLASS_I_MHC_MEDIATED_ANTIGEN_PROCESSING_PRESENTATION,4.51472153886706,2704.0,10,0,-0.22241566784947991,270.0,285.0
CREIGHTON_ENDOCRINE_THERAPY_RESISTANCE_1,4.509993360926625,2705.0,10,0,-0.07961302231861071,268.0,286.0
SENESE_HDAC1_AND_HDAC2_TARGETS_DN,4.763007596040304,2707.0,10,0,0.12053637976963709,322.0,287.0
PROVENZANI_METASTASIS_DN,4.5435622074448405,2712.0,10,0,-0.17826290897196445,278.0,288.0
WP_MIRTARGETED_GENES_IN_LEUKOCYTES,4.542273118717025,2714.0,10,0,-0.30069047939537547,277.0,289.0
BROWNE_HCMV_INFECTION_48HR_DN,4.633777157916294,2719.0,10,0,-0.2043386096284973,298.0,290.0
REACTOME_HOST_INTERACTIONS_OF_HIV_FACTORS,4.59532247486606,2720.0,10,0,0.06191850226278099,285.0,291.0
REACTOME_AEROBIC_RESPIRATION_AND_RESPIRATORY_ELECTRON_TRANSPORT,4.650309501142648,2720.0,10,0,-0.4339051129168894,302.0,291.0
PULVER_FOREY_PERTURB_ACCUMULATION_M_EG1,4.610464045253236,2722.0,10,0,0.005067111069268793,292.0,293.0
REACTOME_DISEASES_OF_SIGNAL_TRANSDUCTION_BY_GROWTH_FACTOR_RECEPTORS_AND_SECOND_MESSENGERS,4.511884155509823,2723.0,10,0,0.28758256552603545,269.0,294.0
PILON_KLF1_TARGETS_UP,4.541919150454986,2723.0,10,0,0.0009527803242965982,276.0,294.0
DUTERTRE_ESTRADIOL_RESPONSE_24HR_DN,4.574549869172987,2726.0,10,0,-0.198039085879918,284.0,296.0
REACTOME_TRANSLATION,4.817765485282077,2727.0,10,2,-0.014575937604322997,328.0,297.0
FIGAROL_EGFR_TKI_DRUG_TOLERANT_CELL_DN,4.555935681759996,2728.0,10,0,0.20380261160879914,280.0,298.0
BOCHKIS_FOXA2_TARGETS,4.480909717559948,2730.0,10,0,0.2319760465697162,266.0,299.0
MEBARKI_HCC_PROGENITOR_FZD8CRD_UP,4.565814864102869,2733.0,10,0,-0.1065023309922617,282.0,300.0
LI_INDUCED_T_TO_NATURAL_KILLER_UP,4.622412606013027,2734.0,10,0,-0.02056080860850109,295.0,301.0
REACTOME_CHROMATIN_ORGANIZATION,4.606989437572262,2735.0,10,0,0.04130546064673052,291.0,302.0
MOOTHA_PGC,4.63854906649353,2739.0,10,0,-0.389344323176773,300.0,303.0
CAIRO_HEPATOBLASTOMA_CLASSES_UP,4.6574057637681445,2741.0,10,0,0.3145740089554384,304.0,304.0
ROZANOV_MMP14_TARGETS_UP,4.60272970517298,2742.0,10,0,-0.3899626302172745,289.0,305.0
WP_MIRTARGETED_GENES_IN_MUSCLE_CELL,4.734584310629686,2745.0,10,0,-0.21794860878674505,317.0,306.0
IVANOVA_HEMATOPOIESIS_LATE_PROGENITOR,4.743462244070014,2748.0,10,0,-0.114302231973564,319.0,307.0
MARSON_BOUND_BY_E2F4_UNSTIMULATED,4.747613349685593,2748.0,10,0,-0.1799682019585214,321.0,307.0
KEGG_HUNTINGTONS_DISEASE,4.6721387145407025,2751.0,10,0,-0.16746327772268033,306.0,309.0
REACTOME_MITOTIC_G2_G2_M_PHASES,4.735684292088211,2753.0,10,0,0.06651474221191181,318.0,310.0
FISCHER_DREAM_TARGETS,4.7910789775977305,2753.0,10,0,0.16963257369419948,325.0,310.0
STEIN_ESRRA_TARGETS,4.633773533150392,2754.0,10,0,-0.0541962957488609,297.0,312.0
JINESH_BLEBBISHIELD_TO_IMMUNE_CELL_FUSION_PBSHMS_UP,4.852037966697126,2757.0,10,0,0.03806224729142399,334.0,313.0
DARWICHE_SQUAMOUS_CELL_CARCINOMA_DN,4.451845767937274,2759.0,10,0,-0.21080489100547198,261.0,314.0
WP_PLEURAL_MESOTHELIOMA,4.638262584295869,2759.0,10,0,-0.0036428552874092856,299.0,314.0
HELLER_HDAC_TARGETS_SILENCED_BY_METHYLATION_UP,4.704918066427061,2762.0,10,0,-0.22671721734545155,308.0,316.0
ALCALAY_AML_BY_NPM1_LOCALIZATION_DN,4.7111844787437045,2770.0,10,0,-0.040604575429421995,309.0,317.0
SANSOM_APC_MYC_TARGETS,4.812849352742851,2778.0,10,0,-0.2307624259194573,327.0,318.0
BLALOCK_ALZHEIMERS_DISEASE_UP,4.715499902450956,2782.0,10,0,-0.1902913240849204,312.0,319.0
REACTOME_MAPK1_MAPK3_SIGNALING,4.9433077123234614,2783.0,10,0,-0.08149940027139159,342.0,320.0
MARSON_BOUND_BY_FOXP3_STIMULATED,4.725766201751723,2784.0,10,0,-0.030687147780350466,314.0,321.0
MARSON_BOUND_BY_FOXP3_UNSTIMULATED,4.641799246857735,2785.0,10,0,-0.05031740681701833,301.0,322.0
NUYTTEN_EZH2_TARGETS_UP,4.617150238417993,2789.0,10,0,-0.12569982912406602,294.0,323.0
SCHLOSSER_SERUM_RESPONSE_DN,4.854554007230277,2790.0,10,0,-0.14337496275862963,336.0,324.0
MITSIADES_RESPONSE_TO_APLIDIN_DN,4.852849474406483,2792.0,10,0,-0.2928168224130544,335.0,325.0
LEE_BMP2_TARGETS_UP,4.82267769824122,2805.0,10,0,0.14048544693623527,330.0,326.0
CUI_TCF21_TARGETS_2_UP,4.7938846570759015,2811.0,10,0,0.09974640687376968,326.0,327.0
GRAESSMANN_RESPONSE_TO_MC_AND_DOXORUBICIN_UP,4.6662309877449495,2812.0,10,0,-0.23837078465365683,305.0,328.0
OSMAN_BLADDER_CANCER_UP,4.944305640800551,2816.0,10,0,-0.152983834122268,343.0,329.0
RODRIGUES_THYROID_CARCINOMA_POORLY_DIFFERENTIATED_DN,4.650834224897788,2818.0,10,0,-0.16476399196257557,303.0,330.0
ONKEN_UVEAL_MELANOMA_DN,5.008473440272532,2818.0,10,0,-0.41182693204177206,354.0,330.0
REACTOME_SIGNALING_BY_INTERLEUKINS,4.784088340444778,2820.0,10,0,-0.03880019834345191,324.0,332.0
WANG_RESPONSE_TO_GSK3_INHIBITOR_SB216763_DN,4.919824513528727,2822.0,10,0,0.19766779409433427,341.0,333.0
REACTOME_PTEN_REGULATION,4.987522173084657,2826.0,10,0,-0.18081993605397648,351.0,334.0
REACTOME_RHO_GTPASE_EFFECTORS,4.743817108324662,2830.0,10,0,-0.06831229609333096,320.0,335.0
DARWICHE_PAPILLOMA_RISK_HIGH_UP,4.7708840326264,2832.0,10,0,-0.2326665888374503,323.0,336.0
NIKOLSKY_BREAST_CANCER_17Q21_Q25_AMPLICON,5.100012746466584,2834.0,10,0,0.033312328640885715,365.0,337.0
PULVER_FOREY_PERTURB_ATTRITION_LG1,4.846493674321447,2837.0,10,0,-0.05158272277920113,333.0,338.0
KIM_WT1_TARGETS_DN,4.821973550340359,2848.0,10,0,-0.05274326942211858,329.0,339.0
MONNIER_POSTRADIATION_TUMOR_ESCAPE_UP,5.104142560221389,2854.0,10,0,-0.044626472100900996,369.0,340.0
REACTOME_INNATE_IMMUNE_SYSTEM,4.733541576681881,2862.0,10,0,0.1604167959869424,316.0,341.0
SHETH_LIVER_CANCER_VS_TXNIP_LOSS_PAM4,4.9619536655566225,2863.0,10,0,0.17259825089216774,345.0,342.0
REACTOME_INTRA_GOLGI_AND_RETROGRADE_GOLGI_TO_ER_TRAFFIC,4.835845311951263,2867.0,10,0,-0.11604256745838337,331.0,343.0
REACTOME_EPIGENETIC_REGULATION_OF_GENE_EXPRESSION,5.017853570047238,2867.0,10,0,-0.026710678922817876,356.0,343.0
DEBIASI_APOPTOSIS_BY_REOVIRUS_INFECTION_UP,4.885134683244351,2870.0,10,0,0.0983350321402356,337.0,345.0
REACTOME_DEUBIQUITINATION,4.90477306569902,2870.0,10,0,-0.057978283258134165,339.0,345.0
WP_CANCER_PATHWAYS,4.90664909337765,2875.0,10,0,-0.04697361719307939,340.0,347.0
FOURNIER_ACINAR_DEVELOPMENT_LATE_2,4.964654668847797,2879.0,10,0,-0.1650202099661719,346.0,348.0
PULVER_FOREY_CELLCYCLE_PEAKING_S1,4.9660497916188415,2880.0,10,0,0.0157566988791888,347.0,349.0
PHONG_TNF_RESPONSE_NOT_VIA_P38,4.982031374237514,2894.0,10,0,0.18569826428724173,350.0,350.0
BLANCO_MELO_BRONCHIAL_EPITHELIAL_CELLS_INFLUENZA_A_DEL_NS1_INFECTION_UP,4.99192218862648,2897.0,10,0,0.03269100798805209,352.0,351.0
PEDERSEN_METASTASIS_BY_ERBB2_ISOFORM_7,5.142498568498849,2899.0,10,0,0.031283353548130124,374.0,352.0
REACTOME_VIRAL_INFECTION_PATHWAYS,4.898140590922215,2905.0,10,0,-0.168058583668195,338.0,353.0
IVANOVA_HEMATOPOIESIS_EARLY_PROGENITOR,4.98171152585759,2908.0,10,0,0.08377455095050561,349.0,354.0
TONKS_TARGETS_OF_RUNX1_RUNX1T1_FUSION_MONOCYTE_UP,4.837292455826781,2909.0,10,0,0.0300849098290104,332.0,355.0
ZHOU_INFLAMMATORY_RESPONSE_LIVE_UP,4.9550079207315685,2916.0,10,0,-0.014696123170474895,344.0,356.0
MATSUDA_NATURAL_KILLER_DIFFERENTIATION,5.1031050724896,2918.0,10,0,0.10421279774249859,367.0,357.0
MULLIGHAN_MLL_SIGNATURE_2_DN,4.966877766495192,2919.0,10,0,-0.1970121507474421,348.0,358.0
GRYDER_PAX3FOXO1_ENHANCERS_KO_DOWN,5.088547556514131,2919.0,10,0,-0.1482378995017982,364.0,358.0
MOOTHA_HUMAN_MITODB_6_2002,5.026079178094266,2922.0,10,0,-0.25148518891209914,357.0,360.0
LIAO_METASTASIS,5.0420934776010995,2928.0,10,0,-0.3573581686642088,359.0,361.0
FERNANDEZ_BOUND_BY_MYC,5.1518347763194186,2934.0,10,0,0.181049124341666,375.0,362.0
MIKKELSEN_NPC_ICP_WITH_H3K4ME3,5.180175198866119,2935.0,10,0,0.14131962763800948,381.0,363.0
BENPORATH_OCT4_TARGETS,5.108129633742294,2938.0,10,0,-0.15748927317470232,370.0,364.0
TARTE_PLASMA_CELL_VS_PLASMABLAST_DN,5.103631782393976,2944.0,10,0,0.0322106878248154,368.0,365.0
LEE_LIVER_CANCER_SURVIVAL_DN,5.12054665310863,2944.0,10,0,-0.03126418104755006,373.0,365.0
MILI_PSEUDOPODIA_HAPTOTAXIS_DN,5.061648954088353,2949.0,10,0,-0.17257768869018492,362.0,367.0
WANG_SMARCE1_TARGETS_UP,5.255601574818275,2958.0,10,1,0.1533754112774581,395.0,368.0
MILI_PSEUDOPODIA_CHEMOTAXIS_DN,5.116327620657565,2960.0,10,0,0.06165011715278377,371.0,369.0
AGUIRRE_PANCREATIC_CANCER_COPY_NUMBER_UP,5.254135232820562,2963.0,10,0,-0.03361587794996247,393.0,370.0
REACTOME_PLATELET_ACTIVATION_SIGNALING_AND_AGGREGATION,5.232190360088129,2964.0,10,0,0.09324950240136422,389.0,371.0
MARTENS_TRETINOIN_RESPONSE_DN,5.0409328264842745,2966.0,10,0,-0.14656059405728916,358.0,372.0
LI_AMPLIFIED_IN_LUNG_CANCER,5.046598130506007,2972.0,10,0,-0.005532113332808097,360.0,373.0
BRUINS_UVC_RESPONSE_EARLY_LATE,5.155669997924738,2973.0,10,0,0.0767826845782649,376.0,374.0
ACEVEDO_NORMAL_TISSUE_ADJACENT_TO_LIVER_TUMOR_DN,5.074989955390377,2976.0,10,0,0.054222203963237736,363.0,375.0
KIM_ALL_DISORDERS_CALB1_CORR_UP,5.3698956060307275,2979.0,10,0,-0.1319597691746223,406.0,376.0
CHAUHAN_RESPONSE_TO_METHOXYESTRADIOL_DN,5.1881291282314415,2983.0,10,0,-0.2689515611152764,383.0,377.0
WANG_LMO4_TARGETS_DN,5.014841307025892,2984.0,10,0,-0.0060657166742777765,355.0,378.0
ACEVEDO_LIVER_CANCER_DN,5.211034189029093,2987.0,10,0,-0.10352971353278204,387.0,379.0
JINESH_BLEBBISHIELD_TRANSFORMED_STEM_CELL_SPHERES_DN,4.995839533844798,2988.0,10,0,-0.18311029973432838,353.0,380.0
RUTELLA_RESPONSE_TO_HGF_VS_CSF2RB_AND_IL4_DN,5.048833998240978,2988.0,10,0,-0.09861910877562088,361.0,380.0
RODRIGUES_THYROID_CARCINOMA_ANAPLASTIC_DN,5.27839278603798,2990.0,10,0,0.18134555836876398,398.0,382.0
REACTOME_SIGNALING_BY_RECEPTOR_TYROSINE_KINASES,5.327369673591518,2991.0,10,0,-0.18015179021346722,403.0,383.0
ZHOU_INFLAMMATORY_RESPONSE_LIVE_DN,5.100192062649561,2994.0,10,0,-0.17559564858677498,366.0,384.0
SCHLOSSER_SERUM_RESPONSE_UP,5.118892017125718,2996.0,10,0,-0.2667981051522789,372.0,385.0
ZHANG_BREAST_CANCER_PROGENITORS_UP,5.187194058505508,3002.0,10,0,0.04000517640073553,382.0,386.0
ZWANG_TRANSIENTLY_UP_BY_2ND_EGF_PULSE_ONLY,5.206176544619028,3007.0,10,0,-0.5073388030244876,386.0,387.0
BUYTAERT_PHOTODYNAMIC_THERAPY_STRESS_DN,5.167371337755307,3014.0,10,0,-0.23664602412431268,378.0,388.0
WANG_TUMOR_INVASIVENESS_UP,5.17682533044838,3022.0,10,0,-0.07024971694119805,380.0,389.0
HAMAI_APOPTOSIS_VIA_TRAIL_UP,5.166928306331339,3023.0,10,0,0.1321793258128972,377.0,390.0
THUM_SYSTOLIC_HEART_FAILURE_UP,5.477582644284821,3031.0,10,0,0.009239333469344723,418.0,391.0
KIM_ALL_DISORDERS_OLIGODENDROCYTE_NUMBER_CORR_UP,5.519464986967953,3032.0,10,0,-0.2777409170741168,427.0,392.0
RICKMAN_TUMOR_DIFFERENTIATED_WELL_VS_POORLY_UP,5.23872746066413,3033.0,10,0,0.0968634809172366,390.0,393.0
REACTOME_REGULATION_OF_TP53_ACTIVITY,5.257990434904021,3034.0,10,0,-0.034267922180048885,396.0,394.0
NAKAMURA_TUMOR_ZONE_PERIPHERAL_VS_CENTRAL_DN,5.255183413826371,3039.0,10,0,-0.15760314137640968,394.0,395.0
BLANCO_MELO_COVID19_SARS_COV_2_INFECTION_A594_ACE2_EXPRESSING_CELLS_UP,5.326502139562681,3043.0,10,0,-0.07266999327464338,402.0,396.0
BASAKI_YBX1_TARGETS_DN,5.169233007898263,3046.0,10,0,-0.09335631830744391,379.0,397.0
OSWALD_HEMATOPOIETIC_STEM_CELL_IN_COLLAGEN_GEL_DN,5.253468810307984,3046.0,10,0,-0.12452502386360842,392.0,397.0
BLANCO_MELO_COVID19_SARS_COV_2_INFECTION_A594_ACE2_EXPRESSING_CELLS_RUXOLITINIB_UP,5.404062694035886,3050.0,10,1,-0.14888218905951525,411.0,399.0
MILI_PSEUDOPODIA_HAPTOTAXIS_UP,5.190873852772657,3053.0,10,0,0.09012475540456763,384.0,400.0
JINESH_BLEBBISHIELD_VS_LIVE_CONTROL_UP,5.299370551904044,3055.0,10,0,0.017592835249162574,399.0,401.0
LU_EZH2_TARGETS_DN,5.311423580663442,3057.0,10,0,0.04758447894711733,401.0,402.0
MULLIGHAN_MLL_SIGNATURE_2_UP,5.228136548367846,3061.0,10,0,0.13095380713643387,388.0,403.0
KEGG_MAPK_SIGNALING_PATHWAY,5.205953346382069,3067.0,10,0,0.11287730288320592,385.0,404.0
DAIRKEE_CANCER_PRONE_RESPONSE_BPA_E2,5.407141651025874,3070.0,10,0,0.1189327321187232,412.0,405.0
RUTELLA_RESPONSE_TO_HGF_VS_CSF2RB_AND_IL4_UP,5.277030865882269,3071.0,10,0,-0.11144727420218921,397.0,406.0
LASTOWSKA_NEUROBLASTOMA_COPY_NUMBER_DN,5.400705730801968,3075.0,10,0,-0.013426810521072174,410.0,407.0
BRUINS_UVC_RESPONSE_VIA_TP53_GROUP_A,5.51283153817655,3083.0,10,0,0.15136367567843362,426.0,408.0
BLALOCK_ALZHEIMERS_DISEASE_INCIPIENT_UP,5.246879949931639,3090.0,10,0,-0.24434285864547478,391.0,409.0
MITSIADES_RESPONSE_TO_APLIDIN_UP,5.300293024149204,3092.0,10,0,-0.1603059255244268,400.0,410.0
GRYDER_PAX3FOXO1_TOP_ENHANCERS,5.40010277416661,3098.0,10,0,-0.1103561650408175,409.0,411.0
MIKKELSEN_ES_ICP_WITH_H3K4ME3,5.482992270934004,3112.0,10,0,0.14115156864257958,420.0,412.0
REACTOME_ACTIVATION_OF_THE_MRNA_UPON_BINDING_OF_THE_CAP_BINDING_COMPLEX_AND_EIFS_AND_SUBSEQUENT_BINDING_TO_43S,5.471252027243332,3115.0,10,0,-0.2222150959896101,415.0,413.0
ENK_UV_RESPONSE_EPIDERMIS_DN,5.343363197165722,3121.0,10,0,-0.08209280591726575,404.0,414.0
FARMER_BREAST_CANCER_APOCRINE_VS_BASAL,5.563755547727057,3121.0,10,0,0.08896756476468089,431.0,414.0
GABRIELY_MIR21_TARGETS,5.567282406642104,3121.0,10,0,-0.07792136555834508,433.0,414.0
CARRILLOREIXACH_HEPATOBLASTOMA_VS_NORMAL_DN,5.472977823691393,3123.0,10,0,-0.017271568248728896,417.0,417.0
REACTOME_HIV_LIFE_CYCLE,5.39716652311115,3136.0,10,0,-0.06079466472946817,408.0,418.0
BENPORATH_MYC_TARGETS_WITH_EBOX,5.47287121495754,3144.0,10,0,-1.9174419923306817e-05,416.0,419.0
BLUM_RESPONSE_TO_SALIRASIB_UP,5.502297548869199,3151.0,10,0,0.06770893628422012,424.0,420.0
REN_ALVEOLAR_RHABDOMYOSARCOMA_DN,5.481803617973172,3153.0,10,0,-0.3357120472877926,419.0,421.0
REACTOME_MAPK_FAMILY_SIGNALING_CASCADES,5.585646588999452,3154.0,10,0,0.11796438113522001,435.0,422.0
DESERT_STEM_CELL_HEPATOCELLULAR_CARCINOMA_SUBCLASS_UP,5.575672755584648,3155.0,10,0,-0.03874354501910582,434.0,423.0
IWANAGA_CARCINOGENESIS_BY_KRAS_PTEN_DN,5.614137502818593,3160.0,10,0,-0.10843275355999893,436.0,424.0
SMID_BREAST_CANCER_LUMINAL_B_DN,5.37806694966137,3163.0,10,0,-0.021622974466117717,407.0,425.0
CHICAS_RB1_TARGETS_SENESCENT,5.461171169866828,3164.0,10,0,-0.03738913437436732,414.0,426.0
REACTOME_INFECTIOUS_DISEASE,5.364514798725973,3168.0,10,0,-0.1882356989608305,405.0,427.0
LIU_SOX4_TARGETS_DN,5.492438557397615,3168.0,10,0,-0.26023263796224333,422.0,427.0
REACTOME_RRNA_PROCESSING,5.636447078403907,3168.0,10,1,-0.016682025550068303,439.0,427.0
KUMAR_TARGETS_OF_MLL_AF9_FUSION,5.45807336100847,3169.0,10,0,0.044928024476345675,413.0,430.0
DELACROIX_RAR_BOUND_ES,5.664990667577954,3177.0,10,0,-0.1684238136197091,445.0,431.0
DARWICHE_PAPILLOMA_RISK_LOW_UP,5.529029480662459,3181.0,10,0,-0.19657094630731237,429.0,432.0
DAVICIONI_TARGETS_OF_PAX_FOXO1_FUSIONS_UP,5.528805881670086,3183.0,10,0,0.26721591240410925,428.0,433.0
CARRILLOREIXACH_HEPATOBLASTOMA_VS_NORMAL_HYPOMETHYLATED_AND_UP,5.69935906468865,3183.0,10,0,0.1343222895899529,447.0,433.0
JIANG_MELANOMA_TRM9_CD8,5.716500475451022,3185.0,10,1,-0.0024046576617057225,449.0,435.0
SMID_BREAST_CANCER_RELAPSE_IN_BONE_DN,5.548652193700747,3188.0,10,0,-0.14932530053564308,430.0,436.0
GRYDER_PAX3FOXO1_ENHANCERS_IN_TADS,5.490646566350285,3189.0,10,0,-0.20947467397558298,421.0,437.0
YAGI_AML_WITH_T_8_21_TRANSLOCATION,5.644957894234773,3190.0,10,0,-0.22518774085429868,442.0,438.0
BLUM_RESPONSE_TO_SALIRASIB_DN,5.642430167144643,3195.0,10,0,-0.049729753517877805,441.0,439.0
KIM_BIPOLAR_DISORDER_OLIGODENDROCYTE_DENSITY_CORR_UP,5.702094566977977,3198.0,10,0,-0.10572766287844629,448.0,440.0
FEVR_CTNNB1_TARGETS_UP,5.6286171737911515,3202.0,10,0,-0.14212387614602856,437.0,441.0
MULLIGHAN_NPM1_SIGNATURE_3_UP,5.49523347044287,3204.0,10,0,-0.0839711264601023,423.0,442.0
STEIN_ESRRA_TARGETS_UP,5.508940322076369,3210.0,10,0,-0.14249092510041078,425.0,443.0
GARY_CD5_TARGETS_UP,5.629774146191565,3217.0,10,0,-0.37691732527993194,438.0,444.0
DARWICHE_SQUAMOUS_CELL_CARCINOMA_UP,5.567080433072925,3221.0,10,0,0.03160619447546087,432.0,445.0
NAKAMURA_TUMOR_ZONE_PERIPHERAL_VS_CENTRAL_UP,5.69437427349939,3224.0,10,0,0.038869843448849785,446.0,446.0
HELLER_HDAC_TARGETS_UP,5.784160350859742,3224.0,10,0,0.0903666872953709,454.0,446.0
WONG_MITOCHONDRIA_GENE_MODULE,5.637438702332503,3230.0,10,0,-0.31059680297381986,440.0,448.0
HAN_SATB1_TARGETS_DN,5.7455736633250485,3234.0,10,0,0.008575001041417363,451.0,449.0
CARRILLOREIXACH_HEPATOBLASTOMA_VS_NORMAL_UP,5.657481301109939,3240.0,10,0,-0.150233655600546,443.0,450.0
GOBERT_OLIGODENDROCYTE_DIFFERENTIATION_DN,5.793464595477807,3262.0,10,0,0.0515199729263149,455.0,451.0
JAATINEN_HEMATOPOIETIC_STEM_CELL_UP,5.894159243818721,3272.0,10,0,-0.07729547434352271,465.0,452.0
JIANG_MELANOMA_TRM6_CD8,5.815230852230941,3285.0,10,0,0.012959506751968409,457.0,453.0
HORIUCHI_WTAP_TARGETS_UP,5.762643221017326,3287.0,10,0,0.2507055701189599,452.0,454.0
RAO_BOUND_BY_SALL4_ISOFORM_B,5.783991587579534,3291.0,10,0,0.03189497419361629,453.0,455.0
CHARAFE_BREAST_CANCER_LUMINAL_VS_MESENCHYMAL_DN,5.840741177970488,3294.0,10,0,-0.2015655207665837,461.0,456.0
MARTENS_BOUND_BY_PML_RARA_FUSION,5.663585410482813,3299.0,10,0,-0.1723482264928724,444.0,457.0
BLALOCK_ALZHEIMERS_DISEASE_DN,5.898034463706655,3306.0,10,0,-0.23436543499199067,466.0,458.0
WP_MAPK_SIGNALING,5.717771854136833,3309.0,10,0,0.10026311764974874,450.0,459.0
FOSTER_TOLERANT_MACROPHAGE_DN,5.822185046125378,3324.0,10,0,0.03554856427388091,459.0,460.0
CHEN_METABOLIC_SYNDROM_NETWORK,5.907862953059064,3325.0,10,0,-0.33370898358786677,468.0,461.0
WAKABAYASHI_ADIPOGENESIS_PPARG_BOUND_8D,6.009083768162207,3329.0,10,0,-0.06312886056699471,473.0,462.0
KEGG_REGULATION_OF_ACTIN_CYTOSKELETON,6.02682315090173,3333.0,10,0,0.13503272038405129,476.0,463.0
GOBERT_OLIGODENDROCYTE_DIFFERENTIATION_UP,5.890322976056359,3335.0,10,0,0.14686400152187867,462.0,464.0
DARWICHE_SKIN_TUMOR_PROMOTER_DN,5.89356205277164,3337.0,10,0,-0.07934880937193038,464.0,465.0
REACTOME_SIGNALING_BY_RHO_GTPASES_MIRO_GTPASES_AND_RHOBTB3,5.807635597197016,3345.0,10,0,-0.04706989181552208,456.0,466.0
GRAESSMANN_APOPTOSIS_BY_DOXORUBICIN_UP,5.817102999627866,3350.0,10,0,-0.2550057516756622,458.0,467.0
GOZGIT_ESR1_TARGETS_DN,5.961741629609534,3356.0,10,0,0.13878117681063043,470.0,468.0
RODWELL_AGING_KIDNEY_UP,6.068682402041739,3358.0,10,0,-0.19779880025829077,479.0,469.0
CHEMNITZ_RESPONSE_TO_PROSTAGLANDIN_E2_DN,5.824876015885615,3361.0,10,0,-0.3047603803894497,460.0,470.0
DOUGLAS_BMI1_TARGETS_DN,5.890455878924357,3362.0,10,0,-0.04277299121013339,463.0,471.0
WP_ALZHEIMERS_DISEASE,5.974277799964122,3363.0,10,0,-0.07661155221203134,471.0,472.0
WP_ALZHEIMERS_DISEASE_AND_MIRNA_EFFECTS,5.974277799964122,3363.0,10,0,-0.07661155221203134,471.0,472.0
WEST_ADRENOCORTICAL_TUMOR_UP,5.89949121648804,3365.0,10,0,0.013544199332305228,467.0,474.0
WANG_RESPONSE_TO_GSK3_INHIBITOR_SB216763_UP,5.925553987129848,3377.0,10,0,-0.25148030711398606,469.0,475.0
MANALO_HYPOXIA_DN,6.053037308264292,3385.0,10,0,0.2874452265695975,477.0,476.0
KRIGE_RESPONSE_TO_TOSEDOSTAT_24HR_UP,6.210412355418675,3404.0,10,0,-0.19243035612418438,486.0,477.0
OSMAN_BLADDER_CANCER_DN,6.022397729338035,3417.0,10,0,-0.1564216377619894,475.0,478.0
RIGGI_EWING_SARCOMA_PROGENITOR_UP,6.053292761326972,3436.0,10,0,0.013443567789812339,478.0,479.0
FARMER_BREAST_CANCER_BASAL_VS_LULMINAL,6.159139565920251,3452.0,10,0,-0.5418753356184374,482.0,480.0
PULVER_FOREY_PERTURB_ATTRITION_G2_M,6.103598435195922,3456.0,10,0,0.04016786505869811,481.0,481.0
REACTOME_SARS_COV_2_HOST_INTERACTIONS,6.301278069633832,3457.0,10,0,0.04303361207150371,490.0,482.0
FORTSCHEGGER_PHF8_TARGETS_UP,6.1984505492505635,3466.0,10,0,-0.22104976175026358,485.0,483.0
REACTOME_ASPARAGINE_N_LINKED_GLYCOSYLATION,6.021758988726975,3469.0,10,0,-0.06730686581332089,474.0,484.0
REACTOME_TCF_DEPENDENT_SIGNALING_IN_RESPONSE_TO_WNT,6.078108279264747,3479.0,10,0,-0.005184459172438915,480.0,485.0
DANG_MYC_TARGETS_UP,6.186374345548845,3505.0,10,0,0.0788574161375348,483.0,486.0
LEE_RECENT_THYMIC_EMIGRANT,6.195478028439692,3510.0,10,0,0.17071176012975037,484.0,487.0
CHARAFE_BREAST_CANCER_LUMINAL_VS_BASAL_DN,6.245565728544646,3510.0,10,0,0.14914919018522532,487.0,487.0
AGUIRRE_PANCREATIC_CANCER_COPY_NUMBER_DN,6.264596720780059,3510.0,10,0,0.07384188481827919,489.0,487.0
MASSARWEH_TAMOXIFEN_RESISTANCE_UP,6.253698144801152,3512.0,10,0,0.2047800839427055,488.0,490.0
REACTOME_SARS_COV_INFECTIONS,6.458236961837331,3519.0,10,0,-0.10970205352532689,498.0,491.0
BRUINS_UVC_RESPONSE_VIA_TP53_GROUP_B,6.338055493743731,3536.0,10,0,-0.0007972792770191917,493.0,492.0
REACTOME_TRANSPORT_OF_SMALL_MOLECULES,6.393948475952967,3539.0,10,0,-0.03832348674225128,496.0,493.0
IVANOVA_HEMATOPOIESIS_STEM_CELL_AND_PROGENITOR,6.3561271674348765,3548.0,10,0,-0.2144753726389252,494.0,494.0
BERENJENO_TRANSFORMED_BY_RHOA_DN,6.303487271734582,3558.0,10,0,-0.12411874495183887,491.0,495.0
BRUINS_UVC_RESPONSE_LATE,6.336722359239483,3558.0,10,0,-0.3821735351432672,492.0,495.0
WANG_SMARCE1_TARGETS_DN,6.508736601534399,3572.0,10,0,-0.047852498812822095,501.0,497.0
MISSIAGLIA_REGULATED_BY_METHYLATION_DN,6.3588784266540905,3580.0,10,0,0.1210037062649382,495.0,498.0
GRAESSMANN_APOPTOSIS_BY_SERUM_DEPRIVATION_UP,6.403592414472871,3589.0,10,0,0.1981651949919346,497.0,499.0
KRIGE_RESPONSE_TO_TOSEDOSTAT_6HR_UP,6.476262064221681,3597.0,10,0,-0.2348487410713756,500.0,500.0
HORIUCHI_WTAP_TARGETS_DN,6.610298865272052,3619.0,10,0,-0.2012137693163832,505.0,501.0
DOUGLAS_BMI1_TARGETS_UP,6.518512900111145,3658.0,10,0,-0.19029602578277968,502.0,502.0
WP_VEGFAVEGFR2_SIGNALING,6.546485353202874,3664.0,10,0,-0.24723204923040512,503.0,503.0
ONKEN_UVEAL_MELANOMA_UP,6.663641382797187,3691.0,10,0,-0.20677263678568064,507.0,504.0
DANG_BOUND_BY_MYC,6.473886517982077,3696.0,10,0,-0.2160351719575762,499.0,505.0
YAGI_AML_WITH_INV_16_TRANSLOCATION,6.764606142012979,3698.0,10,0,-0.003485020753301815,510.0,506.0
WP_FATTY_ACID_AND_LIPOPROTEIN_TRANSPORT_IN_HEPATOCYTES,6.600728719012417,3699.0,10,0,0.13083105037474518,504.0,507.0
RICKMAN_TUMOR_DIFFERENTIATED_WELL_VS_POORLY_DN,6.625824678967003,3703.0,10,0,-0.22112496291503758,506.0,508.0
ENK_UV_RESPONSE_KERATINOCYTE_DN,6.818941048687465,3746.0,10,0,-0.0030883403450390977,513.0,509.0
WEST_ADRENOCORTICAL_TUMOR_DN,6.768608934369363,3772.0,10,0,-0.058892981617084686,511.0,510.0
REACTOME_SIGNALING_BY_WNT,6.8614467707310665,3782.0,10,0,-0.1427525084627001,515.0,511.0
GAVIN_FOXP3_TARGETS_CLUSTER_T7,6.681957216827201,3789.0,10,0,-0.37481876263505354,508.0,512.0
WP_NONALCOHOLIC_FATTY_LIVER_DISEASE,6.795008817224371,3801.0,10,0,-0.2757261689395652,512.0,513.0
SENESE_HDAC3_TARGETS_DN,6.7557651774128145,3818.0,10,0,-0.2500127545922953,509.0,514.0
REACTOME_RHO_GTPASE_CYCLE,6.838997229671385,3836.0,10,0,-0.2087831802804149,514.0,515.0
DURCHDEWALD_SKIN_CARCINOGENESIS_DN,6.991618071976939,3843.0,10,0,-0.10089724916961318,517.0,516.0
RIZKI_TUMOR_INVASIVENESS_3D_DN,6.9896816728373565,3848.0,10,0,-0.0395031065294424,516.0,517.0
REACTOME_SARS_COV_2_INFECTION,7.019657091436151,3865.0,10,0,-0.1739648958192518,518.0,518.0
CUI_TCF21_TARGETS_2_DN,7.234808817668695,3942.0,10,0,-0.1193921036963117,519.0,519.0
REACTOME_MEMBRANE_TRAFFICKING,7.28863525593005,3983.0,10,0,-0.1813080781390859,521.0,520.0
KIM_MYC_AMPLIFICATION_TARGETS_UP,7.353373299089023,4020.0,10,0,0.17269891124541478,523.0,521.0
BENPORATH_MYC_MAX_TARGETS,7.24993750671834,4023.0,10,0,-0.19132724420128733,520.0,522.0
MARKEY_RB1_ACUTE_LOF_DN,7.295453632230307,4035.0,10,0,-0.19340084398214671,522.0,523.0
REACTOME_VESICLE_MEDIATED_TRANSPORT,7.525479417915178,4082.0,10,0,-0.18356372555931116,524.0,524.0
