pathway,stouffer_pval,min_pval,n_timepoints,n_significant,mean_NES,stouffer_padj
REACTOME_MUSCLE_CONTRACTION,7.599219590790129e-25,1.23356603331908e-06,10,7,-0.3049330952682124,5.30425527437151e-22
SWEET_LUNG_CANCER_KRAS_DN,8.134183734817303e-20,3.95121169153286e-05,10,2,-0.27518991779037305,2.838830123451239e-17
KEGG_HYPERTROPHIC_CARDIOMYOPATHY_HCM,1.3774614116365103e-17,2.38851125125987e-05,10,4,-0.2706270393819775,3.2048935510742807e-15
KEGG_DILATED_CARDIOMYOPATHY,4.823543990239223e-17,5.73489148228052e-05,10,5,-0.24951835706162698,8.417084262967444e-15
AFFAR_YY1_TARGETS_UP,4.268363970149237e-16,9.74411951809032e-06,10,2,-0.1591885689114188,5.958636102328334e-14
HOUNKPE_HOUSEKEEPING_GENES,7.848154864756099e-08,3.14023745910603e-05,10,1,0.002848644619836005,8.40395249228693e-06
WP_CYTOPLASMIC_RIBOSOMAL_PROTEINS,9.632037240443472e-08,5.49399270254968e-05,10,3,-0.26819403353647653,8.40395249228693e-06
KEGG_MEDICUS_REFERENCE_TRANSLATION_INITIATION,9.632037240443472e-08,5.49399270254968e-05,10,3,-0.26819403353647653,8.40395249228693e-06
KAAB_HEART_ATRIUM_VS_VENTRICLE_UP,1.3459970515593072e-06,2.35673178161264e-05,10,1,-0.21803521132812284,0.00010438954910982183
PECE_MAMMARY_STEM_CELL_UP,2.035473088343711e-06,9.92928191780973e-07,10,1,0.1176727961913667,0.00014207602156639102
TSENG_IRS1_TARGETS_DN,1.2663306566168361e-05,0.001530500159156,10,1,-0.2787474650566709,0.0007677458458040969
REACTOME_EUKARYOTIC_TRANSLATION_ELONGATION,1.3199068982305391e-05,0.0001062109738504,9,3,-0.09371147557744325,0.0007677458458040969
BENPORATH_CYCLING_GENES,1.4504162079956939e-05,0.0121168586762913,10,0,-0.144733329046158,0.0007787619332161494
HSIAO_HOUSEKEEPING_GENES,2.453356580228984e-05,2.35560342847925e-05,10,2,-0.07591627778363125,0.0012231734949998791
MA_RAT_AGING_DN,5.675493892780325e-05,0.0015310969192139,10,0,-0.20611242263295693,0.002640996491440445
SCHAEFFER_PROSTATE_DEVELOPMENT_6HR_DN,6.349595095888019e-05,0.0009168035464904,10,1,-0.193472353296128,0.0027700108605811483
MARTINEZ_RB1_AND_TP53_TARGETS_DN,7.189078090698504e-05,0.0029631479670126,9,0,0.1262172623506869,0.0029517508866515035
KEGG_RIBOSOME,9.612565520241869e-05,0.0001137498152988,10,3,-0.19849018392014975,0.00372753929618268
MARTINEZ_RB1_TARGETS_DN,0.00012613330651368217,0.0014581813742367,9,0,-0.16680144884116727,0.004633739365607903
WONG_EMBRYONIC_STEM_CELL_CORE,0.00025994869363855607,0.0053697741025292,10,0,0.17079907154451288,0.009072209407985607
WP_MRNA_PROCESSING,0.0003139518628146233,0.0001436272348743,10,1,-0.1499347186568885,0.01000166968343837
ENK_UV_RESPONSE_KERATINOCYTE_UP,0.00031523887254390276,0.0002068540323494,10,3,-0.27730303579554566,0.01000166968343837
MCBRYAN_PUBERTAL_BREAST_4_5WK_UP,0.0003639323400466423,0.0037182806237231,10,0,-0.08094295137086455,0.011044555363154624
GOLDRATH_HOMEOSTATIC_PROLIFERATION,0.0004028570948171931,0.0022968338612761,10,0,0.024500212687246427,0.0117164271742667
REACTOME_NEDDYLATION,0.00046155967509346475,0.0134982265209978,10,0,-0.16349157152739993,0.012886746128609537
RODRIGUES_THYROID_CARCINOMA_POORLY_DIFFERENTIATED_UP,0.0004954533559125813,0.0040567999754878,10,0,0.17715146387991315,0.013301017016422374
TIEN_INTESTINE_PROBIOTICS_24HR_UP,0.0005410801260762794,0.0116061867184055,10,0,-0.12877294134839232,0.013675759496011035
DIAZ_CHRONIC_MYELOGENOUS_LEUKEMIA_UP,0.0005907051347207347,0.02997002997003,10,0,-0.17758735889068566,0.013675759496011035
JIANG_MELANOMA_TRM3_CD8,0.0005988379082551426,0.0005657335709673,10,1,-0.04326590883215827,0.013675759496011035
REACTOME_MRNA_SPLICING,0.0006146620912130032,0.0039077434576589,10,0,0.06060672867416243,0.013675759496011035
PULVER_FOREY_CELLCYCLE_PEAKING_G1_S,0.0006199531059989463,0.002496396330244,10,0,-0.13727136909974,0.013675759496011035
FEVR_CTNNB1_TARGETS_DN,0.0006269689167225689,0.0104119639978614,10,0,-0.14509960524628415,0.013675759496011035
REACTOME_CELLULAR_RESPONSE_TO_STARVATION,0.0006476304254605098,0.0001262065564239,10,2,-0.16534535197891315,0.013698364756710175
JIANG_MELANOMA_TRM8_CD4,0.000671747851163105,6.47232123746793e-06,10,3,-0.07387768706745626,0.013790588238583744
MARTINEZ_RESPONSE_TO_TRABECTEDIN_DN,0.0007022314238438116,0.0257894340309177,10,0,0.2824560672667002,0.0140045009669423
WP_MESODERMAL_COMMITMENT_PATHWAY,0.0008091094381157693,0.0017654940506012,10,1,0.0006487274910998764,0.015317357090548272
GRADE_COLON_AND_RECTAL_CANCER_UP,0.0008295544245815441,0.0513595166163142,10,0,-0.0101944612426911,0.015317357090548272
EBAUER_TARGETS_OF_PAX3_FOXO1_FUSION_UP,0.0008338962312905937,0.0001493634910596,10,1,-0.23494632606466279,0.015317357090548272
DUTERTRE_ESTRADIOL_RESPONSE_24HR_UP,0.0010469399712952992,0.0085248474259496,10,0,0.02369653899409587,0.018737541024720996
FUJII_YBX1_TARGETS_DN,0.0010792941006913892,0.0094465074013773,10,0,-0.1332349405812901,0.0187613382897753
WANG_CLIM2_TARGETS_UP,0.0011113664113837245,0.0094631044980971,10,0,-0.05042623399785018,0.0187613382897753
REACTOME_NONSENSE_MEDIATED_DECAY_NMD,0.0011289057423647028,0.0001948567605168,10,1,0.10640024433501041,0.0187613382897753
REACTOME_RESPONSE_OF_EIF2AK4_GCN2_TO_AMINO_ACID_DEFICIENCY,0.00146109159904415,8.64410182273866e-05,10,2,-0.14625992249674621,0.023717254328670157
BRUINS_UVC_RESPONSE_EARLY_LATE,0.0015360890369666687,9.53219607090476e-05,10,1,-0.10761612546513599,0.024367957904607607
ZHENG_BOUND_BY_FOXP3,0.001661137118285271,0.028125,10,0,-0.016260566936193842,0.025392310996976038
LU_EZH2_TARGETS_UP,0.0016734187763050108,0.0046106762290101,10,0,-0.025656071059059406,0.025392310996976038
REACTOME_INFLUENZA_INFECTION,0.001757798883561962,0.0015612330443377,10,0,-0.005920067429765019,0.025649883753317997
NUYTTEN_EZH2_TARGETS_DN,0.0017638888540963665,0.0089916047573112,10,0,0.006239999240199023,0.025649883753317997
REACTOME_CELLULAR_RESPONSES_TO_STIMULI,0.0019512938332660826,0.0003457357580422,10,1,-0.04742104829649592,0.02779598154325971
PULVER_FOREY_PERTURB_ACCUMULATION_G1_S,0.0025945329911648586,0.002962069761041,10,0,-0.20237362278536888,0.03621968055666143
KRIEG_HYPOXIA_NOT_VIA_KDM3A,0.002818483912066042,0.019359219545118,10,0,-0.02634719373103902,0.037928072861041724
CHNG_MULTIPLE_MYELOMA_HYPERPLOID_UP,0.0028255870899343404,0.0055567598502083,10,0,0.08968892114676943,0.037928072861041724
LEE_BMP2_TARGETS_DN,0.0030811282144117508,0.0030256104220069,10,0,-6.756234432956366e-05,0.04057787723885664
REACTOME_PROCESSING_OF_CAPPED_INTRON_CONTAINING_PRE_MRNA,0.003299409896843022,0.0057987453873623,10,0,0.05437844182694847,0.0426479279258598
SARRIO_EPITHELIAL_MESENCHYMAL_TRANSITION_UP,0.0038434141739080423,0.0014003462227295,10,0,0.046630518501794116,0.047999579218175936
REACTOME_ESR_MEDIATED_SIGNALING,0.0038885735779035572,0.0298661072605153,10,0,-0.09438393828782787,0.047999579218175936
UDAYAKUMAR_MED1_TARGETS_DN,0.004020288056775815,0.011948828281942,10,0,0.17272875621162925,0.047999579218175936
TONKS_TARGETS_OF_RUNX1_RUNX1T1_FUSION_HSC_UP,0.004036985625311668,0.0001136375581027,10,1,0.07593140718551301,0.047999579218175936
FLECHNER_BIOPSY_KIDNEY_TRANSPLANT_OK_VS_DONOR_UP,0.0040572710227398,0.0035810500466609,10,0,-0.026588677216737078,0.047999579218175936
REACTOME_TRANSMISSION_ACROSS_CHEMICAL_SYNAPSES,0.004654490739674711,0.0291877581373071,10,0,-0.011128104456016686,0.054129832362125485
KIM_WT1_TARGETS_12HR_DN,0.00473054408895366,0.0019401402009675,10,0,-0.16353808218129942,0.054129832362125485
REACTOME_CELL_CYCLE_MITOTIC,0.0052942958527735515,0.0060754663044903,10,0,-0.1639186425064249,0.05960352427799901
JIANG_MELANOMA_TRM2_CD8,0.005599672579178044,0.0137346903702611,10,0,-0.05196513985955211,0.06204081682962341
PAL_PRMT5_TARGETS_UP,0.005815998500868281,0.0204668414369221,10,0,0.022714819985315483,0.06320681285704116
KEGG_TIGHT_JUNCTION,0.005931816441435802,0.0195993114278284,10,0,-0.051947585910097585,0.06320681285704116
LEE_LIVER_CANCER_SURVIVAL_DN,0.005976575427743148,0.0054142807128483,10,0,0.11461557587491397,0.06320681285704116
WP_ENDODERM_DIFFERENTIATION,0.006928407768065517,0.0009416772001073,10,1,-0.0639635672722508,0.07131121864758921
JISON_SICKLE_CELL_DISEASE_UP,0.006947224739306685,0.0087396969800594,10,0,-0.28018154897324193,0.07131121864758921
PEREZ_TP53_TARGETS,0.007142152198232105,0.0012788500506129,10,0,-0.21256882919844639,0.07224959759950739
REACTOME_S_PHASE,0.007569570187039839,0.0008765487356055,10,0,-0.07261681573487662,0.07547942843648296
LU_AGING_BRAIN_DN,0.007698153908178467,0.0016355530853859,10,0,-0.021393906167759512,0.07568044264659957
PASINI_SUZ12_TARGETS_DN,0.009295429901770886,9.03402457695679e-06,10,1,0.10262617957808254,0.08911954679149789
BILANGES_SERUM_AND_RAPAMYCIN_SENSITIVE_GENES,0.009320525667305653,0.0290904859795363,10,0,-0.46172909342058943,0.08911954679149789
LI_WILMS_TUMOR_VS_FETAL_KIDNEY_1_DN,0.009884448449183098,0.0136836421648479,10,0,0.13210012424905646,0.09323439212878111
LIM_MAMMARY_STEM_CELL_DN,0.010191433931406004,0.0064794957014071,10,0,0.06771186492757134,0.0940849077635283
KRIGE_RESPONSE_TO_TOSEDOSTAT_24HR_DN,0.010244201991444343,0.002719369901675,10,0,-0.15336412692536114,0.0940849077635283
SASAKI_ADULT_T_CELL_LEUKEMIA,0.01049916069577998,0.0196526601247003,10,0,-0.0845069435484255,0.09423167978254163
REACTOME_SIGNALING_BY_ROBO_RECEPTORS,0.01053018771208918,0.0001258757207558,10,2,0.025478022416407575,0.09423167978254163
PURBEY_TARGETS_OF_CTBP1_AND_SATB1_UP,0.01090678619816548,0.0001554554074031,10,1,-0.04075013813624555,0.09636628818125957
BORCZUK_MALIGNANT_MESOTHELIOMA_UP,0.011856721937840506,0.0013755340377211,10,0,-0.11371009557940066,0.1034498989076584
CHICAS_RB1_TARGETS_GROWING,0.01214792035045939,0.008173212805596,10,0,0.04539455157794553,0.1046820790693908
BOUDOUKHA_BOUND_BY_IGF2BP2,0.012992642814556072,0.0048566390350256,10,0,-0.015761957868403,0.11059591078731876
REACTOME_CELLULAR_RESPONSE_TO_CHEMICAL_STRESS,0.013862586123881375,0.0454664681514638,10,0,-0.11818509280744027,0.11391409847008362
DACOSTA_UV_RESPONSE_VIA_ERCC3_UP,0.01388792540449477,0.0534687196612226,10,0,-0.22433537949468346,0.11391409847008362
CASORELLI_ACUTE_PROMYELOCYTIC_LEUKEMIA_DN,0.01394248978661416,0.066167290886392,10,0,-0.18006525171350543,0.11391409847008362
ACEVEDO_LIVER_TUMOR_VS_NORMAL_ADJACENT_TISSUE_UP,0.014099817124747959,0.0066620255666603,10,0,-0.1490987902063441,0.11391409847008362
PULVER_FOREY_PERTURB_ATTRITION_M_EG1,0.014251282949461527,0.0419354838709678,10,0,0.03562495937740353,0.11391409847008362
REACTOME_NEURONAL_SYSTEM,0.014556537937309842,0.0375782881002088,10,0,0.0028141970995489095,0.11391409847008362
JOHNSTONE_PARVB_TARGETS_2_UP,0.01463371398299274,0.0011822951683687,10,1,0.031092890708183663,0.11391409847008362
RAMALHO_STEMNESS_UP,0.014688064272646883,0.0004514694208232,10,0,0.1404004614525331,0.11391409847008362
PUJANA_CHEK2_PCC_NETWORK,0.01620093425056529,0.0066625032053632,10,0,0.05327054805460074,0.12324675863473622
DODD_NASOPHARYNGEAL_CARCINOMA_UP,0.016244558444693025,0.0417690417690418,10,0,0.005697286404332136,0.12324675863473622
PURBEY_TARGETS_OF_CTBP1_NOT_SATB1_DN,0.01673203904370162,0.0130059866660089,10,0,-0.559462058096104,0.12558025002692183
BROWNE_HCMV_INFECTION_1HR_DN,0.016950647208769928,0.0593607305936073,10,0,-0.2327771736116219,0.1258675718268235
WAMUNYOKOLI_OVARIAN_CANCER_LMP_UP,0.017871233691028752,0.004629411435176,10,0,-0.2624005910323598,0.13130653806671652
BROWNE_HCMV_INFECTION_20HR_UP,0.018368863881477307,0.0411522633744856,10,0,0.08386131703162199,0.13239649370221762
REACTOME_CELL_CYCLE_CHECKPOINTS,0.018398939669219353,0.08731241473397,10,0,0.060020923928778155,0.13239649370221762
REACTOME_CELL_CYCLE,0.019045051583490152,0.0123083072115025,10,0,-0.16959349329764042,0.13563146832639333
TIEN_INTESTINE_PROBIOTICS_6HR_UP,0.019237128029101633,0.0107437455525047,10,0,-0.1405569861967372,0.13563146832639333
REACTOME_TRANSCRIPTIONAL_REGULATION_BY_RUNX1,0.02011617020445784,0.0213330916988698,10,0,-0.1759118310423453,0.14041086802711572
RHEIN_ALL_GLUCOCORTICOID_THERAPY_DN,0.02033603926657091,0.037037037037037,10,0,-0.1947994369929448,0.14043977052021092
DAZARD_RESPONSE_TO_UV_NHEK_UP,0.020522717182036555,0.0103250487750601,10,0,-0.11476847891659625,0.14043977052021092
GRUETZMANN_PANCREATIC_CANCER_UP,0.021639379846717075,0.0015687085845987,10,0,0.01735424948012073,0.14664356439814094
LOPEZ_MBD_TARGETS,0.021853620595942386,0.0285453876548514,10,0,-0.05279219240968321,0.1466714151535364
PULVER_FOREY_CELLCYCLE_PEAKING_G2_M,0.022479946884433572,8.09803167405822e-05,10,1,0.07494163437254397,0.14943812309842508
BERENJENO_TRANSFORMED_BY_RHOA_UP,0.02370096255805689,0.0335571908600858,10,0,0.02245432929354404,0.15471617672573953
KOBAYASHI_EGFR_SIGNALING_24HR_DN,0.02371723626024947,0.0204668414369221,10,0,0.08511432449601622,0.15471617672573953
BENPORATH_SOX2_TARGETS,0.02491194179043947,0.0167219903246446,10,0,-0.16923610967310238,0.1567901459502721
KAAB_FAILED_HEART_ATRIUM_DN,0.025262929565686234,0.0274443990684248,10,0,-0.2948326348601552,0.1567901459502721
MARKEY_RB1_ACUTE_LOF_UP,0.025274003518585237,0.0365111561866126,10,0,0.060375589455846,0.1567901459502721
KRIGE_RESPONSE_TO_TOSEDOSTAT_6HR_DN,0.025375327660457102,0.0036813109811171,10,0,-0.12889741211582714,0.1567901459502721
BOYAULT_LIVER_CANCER_SUBCLASS_G3_UP,0.02539920270631553,0.0236477056623004,10,0,0.009538706144137288,0.1567901459502721
FULCHER_INFLAMMATORY_RESPONSE_LECTIN_VS_LPS_DN,0.02590843877982909,0.0114579858176607,10,0,-0.17268336570291504,0.1567901459502721
MUELLER_PLURINET,0.02598435105196673,0.0598958333333333,10,0,0.028360639741591042,0.1567901459502721
GLASS_IGF2BP1_CLIP_TARGETS_KNOCKDOWN_DN,0.026046924544830107,0.0374458877975147,10,0,0.030825032712150358,0.1567901459502721
RUTELLA_RESPONSE_TO_CSF2RB_AND_IL4_UP,0.02605681508629164,0.0683856502242153,10,0,-0.09410923798484898,0.1567901459502721
YAO_TEMPORAL_RESPONSE_TO_PROGESTERONE_CLUSTER_14,0.026779870852679973,0.0208786871652468,10,0,0.0014686153085552212,0.15910394295568284
HELLER_HDAC_TARGETS_DN,0.026964377702173453,0.0385038503850385,10,0,-0.1899682195477329,0.15910394295568284
REACTOME_SIGNALING_BY_NUCLEAR_RECEPTORS,0.027125170790438764,0.0795698924731183,10,0,-0.18813591750993938,0.15910394295568284
BUYTAERT_PHOTODYNAMIC_THERAPY_STRESS_UP,0.02771681966658417,0.0071830726217536,10,0,-0.1461267092086352,0.1602464950903272
MCBRYAN_PUBERTAL_BREAST_4_5WK_DN,0.02777912020906818,0.0183461420951651,10,0,0.14416140614771486,0.1602464950903272
REACTOME_TRANSLATION,0.02811780361476394,0.0015523618118964,10,0,0.00511103828969649,0.1608707124844691
BENPORATH_NANOG_TARGETS,0.02836921950573929,0.0193181671955308,10,0,0.006908656531882706,0.1609895545935449
ZWANG_EGF_INTERVAL_DN,0.02899106192928323,0.0469208211143695,10,0,0.03687658007206751,0.16319162279548138
CHYLA_CBFA2T3_TARGETS_UP,0.030846232119981082,0.0246814105143433,10,0,0.0015769276848464852,0.17224536015797437
NUYTTEN_NIPP1_TARGETS_UP,0.031508108787132595,0.0181775975805075,10,0,0.20852293796252805,0.17454492010649644
REACTOME_METABOLISM_OF_RNA,0.032621429222098375,0.0199123451081096,10,0,-0.13817443408641555,0.179289429897832
PARENT_MTOR_SIGNALING_UP,0.034178256097947564,0.0863509749303621,10,0,0.00674430693179986,0.18637830278412032
IBRAHIM_NRF1_UP,0.035825116793417384,0.0027564510382441,10,0,-0.1562341091292923,0.19384443040159174
KINSEY_TARGETS_OF_EWSR1_FLII_FUSION_UP,0.0361471228097614,0.038961038961039,10,0,0.04411012527160692,0.1940822440093343
JOHNSTONE_PARVB_TARGETS_2_DN,0.03706021612823583,0.0020284971688861,10,0,0.07712552777965112,0.19526512622641887
REACTOME_PROGRAMMED_CELL_DEATH,0.03732557015428626,0.0355029146121698,10,0,0.001190240685636179,0.19526512622641887
REACTOME_APOPTOSIS,0.03732557015428626,0.0355029146121698,10,0,0.001190240685636179,0.19526512622641887
REACTOME_SEPARATION_OF_SISTER_CHROMATIDS,0.0374864282440403,0.0327395391728289,10,0,0.1455111007837128,0.19526512622641887
MA_RAT_AGING_UP,0.03780944648061219,0.0221938731711631,10,0,-0.26987467820946104,0.19548884180346154
PULVER_FOREY_PERTURB_ATTRITION_G1_S,0.03818899948734604,0.023406226712013,10,0,0.015812849838685396,0.19599942383946717
LIU_PROSTATE_CANCER_DN,0.04000950452807369,0.0042468328802851,10,0,-0.11305686807687598,0.2038440449678499
YOSHIMURA_MAPK8_TARGETS_UP,0.04068900635768852,0.0075427745630975,10,0,-0.2197840835929125,0.2058038147656999
PULVER_FOREY_CELLCYCLE_ENRICHED_TFS_G2_M,0.04325681622511133,0.0313131313131313,10,0,0.057653260760706905,0.21305640097904904
BENPORATH_ES_1,0.04336846584016064,0.014124937474146,10,0,-0.17554946552486786,0.21305640097904904
REACTOME_G2_M_CHECKPOINTS,0.0435968492828308,0.103009259259259,10,0,0.17362261353612757,0.21305640097904904
NUYTTEN_NIPP1_TARGETS_DN,0.04360647577716251,0.0360721442885772,10,0,-0.23420029642387288,0.21305640097904904
GAZDA_DIAMOND_BLACKFAN_ANEMIA_ERYTHROID_DN,0.043649090744991424,0.0117480332233409,10,0,-0.00978862322166323,0.21305640097904904
GARY_CD5_TARGETS_UP,0.04440856960846584,0.0354317876586504,10,0,-0.2136110313853825,0.21525820546325802
REACTOME_ESTROGEN_DEPENDENT_GENE_EXPRESSION,0.04546543717557545,0.0322535541275758,10,0,-0.10504939937702651,0.21886120792104594
MARTINEZ_TP53_TARGETS_DN,0.046193472165274245,0.0125578921517526,10,0,-0.05314190113081283,0.22069449143189118
DEURIG_T_CELL_PROLYMPHOCYTIC_LEUKEMIA_DN,0.04661416711378027,0.0336004361394355,10,0,0.1285403327043188,0.22069449143189118
REACTOME_CLASS_I_MHC_MEDIATED_ANTIGEN_PROCESSING_PRESENTATION,0.046794820532836526,0.0126202534987785,10,0,-0.10339787533130311,0.22069449143189118
NABA_MATRISOME,0.04738982418066818,0.0002799400642375,10,1,-0.05861354333220057,0.22200065287319726
MATTIOLI_MGUS_VS_PCL,0.04799674008498602,0.0173839024416618,10,0,-0.1372877281662072,0.22307008389677496
MULLIGHAN_MLL_SIGNATURE_1_UP,0.04825728175990404,0.0381443298969072,10,0,-0.03690627275957692,0.22307008389677496
FISCHER_DREAM_TARGETS,0.04941003129661021,0.0029043582888847,10,0,0.18974299505392989,0.22689606476996002
YAO_TEMPORAL_RESPONSE_TO_PROGESTERONE_CLUSTER_13,0.050411129889888995,0.0012523784342421,10,0,-0.19369646594861906,0.22867986607924734
HIRSCH_CELLULAR_TRANSFORMATION_SIGNATURE_UP,0.05045372403467635,0.0384615384615385,10,0,-0.04120830663712799,0.22867986607924734
RAY_TUMORIGENESIS_BY_ERBB2_CDC25A_DN,0.05110340021333858,0.0055196763244678,10,0,-0.14028911339101513,0.23013015063813116
HAN_SATB1_TARGETS_UP,0.05267709860250296,0.035941008628678,10,0,0.02369429933529026,0.23569624887530172
LINDGREN_BLADDER_CANCER_CLUSTER_2B,0.05359772135580928,0.0196965706060431,10,0,0.11616674402517979,0.23828795863920305
REACTOME_RRNA_PROCESSING,0.05532952440413968,0.0018274347834215,10,0,-0.009318773734834118,0.2419637959846981
GARCIA_TARGETS_OF_FLI1_AND_DAX1_DN,0.05541517857961153,0.0115263722191269,10,0,-0.013871973435958983,0.2419637959846981
MONNIER_POSTRADIATION_TUMOR_ESCAPE_DN,0.05546448045494513,0.0398692641669435,10,0,-0.2272849736582497,0.2419637959846981
REACTOME_ANTIGEN_PROCESSING_UBIQUITINATION_PROTEASOME_DEGRADATION,0.05608860466394617,0.01233954599703,10,0,-0.2723618620419552,0.2431667456859281
BOQUEST_STEM_CELL_CULTURED_VS_FRESH_UP,0.057199420417223305,9.50817951412743e-05,10,1,0.27373587333147925,0.24434222460746255
PULVER_FOREY_PERTURB_ACCUMULATION_G2_M,0.05773496813269873,0.0584088620342397,10,0,0.028010463919704697,0.24434222460746255
REACTOME_CILIUM_ASSEMBLY,0.057854811558007216,0.0560165975103735,10,0,-0.19692700800439975,0.24434222460746255
WP_7Q1123_COPY_NUMBER_VARIATION_SYNDROME,0.057962410847649644,0.0087341112112984,10,0,0.10335027250222488,0.24434222460746255
SENESE_HDAC3_TARGETS_UP,0.05811004195535642,0.0183213164631012,10,0,-0.2570709782479361,0.24434222460746255
JOHNSTONE_PARVB_TARGETS_3_DN,0.05974888218172272,0.032,10,0,0.006729603637575843,0.2487953954449695
PUJANA_ATM_PCC_NETWORK,0.05988198629621042,0.0015232402806709,10,0,-0.1258752951601783,0.2487953954449695
REACTOME_AUTOPHAGY,0.060326600157764136,0.0387700534759358,10,0,-0.18770092947990918,0.24915956751549923
OISHI_CHOLANGIOMA_STEM_CELL_LIKE_UP,0.061992470755758505,0.0112560520411245,10,0,0.022010228956187584,0.2545337916912908
LASTOWSKA_NEUROBLASTOMA_COPY_NUMBER_UP,0.06291718514934,0.0229584227170201,10,0,0.11336631803246569,0.25681985517099015
JIANG_MELANOMA_TRM1_CD8,0.06452063092209406,0.0742624618514751,10,0,-0.07339753063628786,0.261833723160591
YAO_TEMPORAL_RESPONSE_TO_PROGESTERONE_CLUSTER_17,0.06494500534691328,0.0062548106124139,10,0,0.07866697423331363,0.2620324493187599
REACTOME_SIGNALING_BY_THE_B_CELL_RECEPTOR_BCR,0.06843625486639396,0.0182613590547814,10,0,0.17186191512589044,0.27453164308472977
NABA_MATRISOME_ASSOCIATED,0.06900996146154946,0.0101171366932088,10,0,0.006470104163815016,0.27453940490693723
REACTOME_AEROBIC_RESPIRATION_AND_RESPIRATORY_ELECTRON_TRANSPORT,0.06922483562123345,0.058016924785377,10,0,-0.06555773802194392,0.27453940490693723
REACTOME_SIGNALING_BY_NOTCH,0.07213491185474998,0.0662566172100664,10,0,-0.07578787834812624,0.284464228670144
ACEVEDO_METHYLATED_IN_LIVER_CANCER_DN,0.07406365541890057,0.0260069185689033,10,0,0.11788288210286409,0.28920704958871823
SENESE_HDAC1_AND_HDAC2_TARGETS_DN,0.07453304525375895,0.0210480529679889,10,0,-0.034423799297161384,0.28920704958871823
FULCHER_INFLAMMATORY_RESPONSE_LECTIN_VS_LPS_UP,0.07458061450711931,0.0041336004769551,10,0,-0.3055911638606056,0.28920704958871823
SHETH_LIVER_CANCER_VS_TXNIP_LOSS_PAM2,0.07516618531094993,0.0060408081010151,10,0,0.16306283369418773,0.28986738865769646
PUJANA_BRCA1_PCC_NETWORK,0.07632068205445072,0.0045512747272584,10,0,0.0013312189422906018,0.29192475716609245
JISON_SICKLE_CELL_DISEASE_DN,0.07653614693609587,0.0048403789880895,10,0,-0.1638880862075231,0.29192475716609245
WINNEPENNINCKX_MELANOMA_METASTASIS_UP,0.07881756719889843,0.0043912401504209,10,0,0.12542243363002004,0.2989927277436473
WHITFIELD_CELL_CYCLE_M_G1,0.07936677395098296,0.0050124655632084,10,0,-0.0928397543225043,0.29944869306911404
SENESE_HDAC1_TARGETS_DN,0.08148112672292485,0.0407186784606167,10,0,-0.36792669533881506,0.30577326049785775
TORCHIA_TARGETS_OF_EWSR1_FLI1_FUSION_UP,0.08501918970310696,0.0006007309490664,10,1,-0.17289184996921458,0.315233997298274
GRAESSMANN_RESPONSE_TO_MC_AND_DOXORUBICIN_DN,0.08526605775641677,0.010996159097047,10,0,0.229862305395463,0.315233997298274
WELCSH_BRCA1_TARGETS_UP,0.08567608459395115,0.0107905887780108,10,0,0.05615919123109907,0.315233997298274
PATIL_LIVER_CANCER,0.08580868121299723,0.0820820820820821,10,0,0.0038256721046172728,0.315233997298274
KIM_WT1_TARGETS_DN,0.08655429767584283,0.0326478019691892,10,0,-0.14179737629870356,0.3163083757996769
WAKABAYASHI_ADIPOGENESIS_PPARG_RXRA_BOUND_8D,0.08734410417628485,0.0593713620488941,10,0,-0.05616904881426101,0.31753221205753557
PULVER_FOREY_PERTURB_ACCUMULATION_LG1,0.08924835020350036,0.0011289808415041,10,0,-0.1728181504289704,0.32277382612457645
SPIELMAN_LYMPHOBLAST_EUROPEAN_VS_ASIAN_DN,0.09025468831364652,0.0155013033320801,10,0,-0.16577423081559214,0.3228523826098294
BYSTRYKH_HEMATOPOIESIS_STEM_CELL_QTL_TRANS,0.09040491774546766,0.0490490490490491,10,0,-0.2346416765514971,0.3228523826098294
CHARAFE_BREAST_CANCER_LUMINAL_VS_BASAL_UP,0.09065768909960825,0.0132819645458693,10,0,-0.30571146866427934,0.3228523826098294
MEISSNER_BRAIN_HCP_WITH_H3K4ME3_AND_H3K27ME3,0.09121054053889577,0.0119006533552648,10,0,-0.3662206699759881,0.32304661182850253
GROSS_HYPOXIA_VIA_ELK3_UP,0.09163786410034885,0.0797101449275362,10,0,-0.10929720558038643,0.32304661182850253
GOLDRATH_ANTIGEN_RESPONSE,0.09237308030383912,0.0403217613897612,10,0,0.13768189774459724,0.32376315283720486
WP_MIRTARGETED_GENES_IN_LYMPHOCYTES,0.09278421513936402,0.03450370125569,10,0,-0.3905078294756644,0.32376315283720486
ZHONG_SECRETOME_OF_LUNG_CANCER_AND_FIBROBLAST,0.09323265575971085,0.004309522439806,10,0,-0.22986534382464235,0.32376315283720486
TOYOTA_TARGETS_OF_MIR34B_AND_MIR34C,0.09377280362131124,0.0331131843798732,10,0,-0.19022705202932938,0.32402681647363984
REACTOME_ORGANELLE_BIOGENESIS_AND_MAINTENANCE,0.09533584358650493,0.0551020408163265,10,0,-0.344015748873746,0.32780501883438645
FARMER_BREAST_CANCER_APOCRINE_VS_LUMINAL,0.09677520870386846,0.0430971914627355,10,0,-0.1171284822629044,0.3293827932934046
REACTOME_MITF_M_REGULATED_MELANOCYTE_DEVELOPMENT,0.09718988901772618,0.0050124655632084,10,0,-0.12544872584943395,0.3293827932934046
BIDUS_METASTASIS_UP,0.09721039458229419,0.0758974358974359,10,0,-0.13099494262928307,0.3293827932934046
REACTOME_PROTEIN_LOCALIZATION,0.10168521295341826,0.0309842428027668,10,0,-0.2275644105426172,0.34288057314727505
HOLLMANN_APOPTOSIS_VIA_CD40_DN,0.10410868943491863,0.002375976470158,10,0,-0.5865707262668451,0.347394537104607
MARTORIATI_MDM4_TARGETS_NEUROEPITHELIUM_UP,0.1045669332109383,0.083758937691522,10,0,-0.42414257323069326,0.347394537104607
LIU_OVARIAN_CANCER_TUMORS_AND_XENOGRAFTS_XDGS_DN,0.10482807668537525,3.72827357332535e-06,10,1,-0.15408065420726064,0.347394537104607
RAO_BOUND_BY_SALL4,0.10501468098720929,0.0026183170503896,10,0,-0.16450664893046646,0.347394537104607
REACTOME_BETA_CATENIN_INDEPENDENT_WNT_SIGNALING,0.10784143195286133,0.162162162162162,10,0,-0.0416527102993729,0.3548461488561605
BHAT_ESR1_TARGETS_VIA_AKT1_UP,0.10873929789096548,0.0018601395252651,10,0,-0.3280390030951877,0.3548461488561605
REACTOME_VIRAL_INFECTION_PATHWAYS,0.10879237228541311,0.03584229390681,10,0,-0.017905375087774057,0.3548461488561605
ODONNELL_TFRC_TARGETS_UP,0.10935655318794846,0.0262335674721003,10,0,-0.01003619796688462,0.35502732151250244
SCHAEFFER_PROSTATE_DEVELOPMENT_48HR_UP,0.11071822720804525,0.0003114587811238,10,0,-0.07137735185801794,0.35778390088525736
KIM_ALL_DISORDERS_OLIGODENDROCYTE_NUMBER_CORR_UP,0.11154254351503684,0.0024179388425315,10,0,-0.1393976766607592,0.35878661462440425
MITSIADES_RESPONSE_TO_APLIDIN_DN,0.11218603868895999,0.0590030518819939,10,0,-0.1684047632539972,0.3589838043287382
RUTELLA_RESPONSE_TO_HGF_DN,0.11280623415079477,0.020994860535671,10,0,0.17984533131198072,0.3589838043287382
MOHANKUMAR_HOXA1_TARGETS_UP,0.11329555248639395,0.0905752753977968,10,0,-0.18885461461630088,0.3589838043287382
MARTORIATI_MDM4_TARGETS_FETAL_LIVER_UP,0.11389583282456367,0.0104359806746719,10,0,-0.16177606027492106,0.3589838043287382
WP_ANDROGEN_RECEPTOR_SIGNALING,0.11417536470054424,0.0239706283869645,10,0,-0.09447956978954841,0.3589838043287382
WANG_TUMOR_INVASIVENESS_DN,0.11472535088371455,0.0179946191474942,10,0,0.09964060558704568,0.3590954929005953
REACTOME_EUKARYOTIC_TRANSLATION_INITIATION,0.11636911647586867,0.0033926985697057,10,0,0.005562314167671523,0.36261447901855504
RODRIGUES_THYROID_CARCINOMA_POORLY_DIFFERENTIATED_DN,0.11739691509639255,0.0264744997901357,10,0,-0.1386370442964803,0.36419131883236444
DACOSTA_UV_RESPONSE_VIA_ERCC3_COMMON_DN,0.11960800828488982,0.0187239412870373,10,0,0.2918371881855465,0.3680257597431481
REACTOME_MAPK1_MAPK3_SIGNALING,0.11968746054684043,0.0350645424382938,10,0,0.022927240618197307,0.3680257597431481
CREIGHTON_ENDOCRINE_THERAPY_RESISTANCE_4,0.12026535081397965,0.0115332301730513,10,0,-0.2906090266899734,0.36818076696560437
RUTELLA_RESPONSE_TO_HGF_UP,0.12123598040787398,0.0604467805519054,10,0,-0.17413965420912808,0.3695315036012927
KEGG_HUNTINGTONS_DISEASE,0.12205115851909376,0.0685992443472315,10,0,-0.023640652579568232,0.3703987332449019
WANG_SMARCE1_TARGETS_UP,0.12270070579195685,1.25367825100102e-05,10,1,0.11454043174265463,0.3707579768085969
CAIRO_HEPATOBLASTOMA_CLASSES_UP,0.12459966124917521,0.0818181818181818,10,0,-0.11482526637182049,0.374545163282584
REACTOME_REGULATION_OF_MRNA_STABILITY_BY_PROTEINS_THAT_BIND_AU_RICH_ELEMENTS,0.12502725364590556,0.0575692963752665,10,0,0.1700907332524726,0.374545163282584
LOCKWOOD_AMPLIFIED_IN_LUNG_CANCER,0.12720980039327556,0.0372215138087799,10,0,-0.1560137640587695,0.37945487467737754
LINDGREN_BLADDER_CANCER_CLUSTER_3_UP,0.12842706390606073,0.0273522975929978,10,0,0.2736911978730053,0.38145570470821444
PULVER_FOREY_CELLCYCLE_PEAKING_S2,0.13102927424683675,0.0377867746288799,10,0,-0.2012999321277354,0.38156635562493874
REACTOME_ANTIVIRAL_MECHANISM_BY_IFN_STIMULATED_GENES,0.13193743397850255,0.0246710418687701,10,0,-0.3312243005794632,0.38156635562493874
IVANOVA_HEMATOPOIESIS_MATURE_CELL,0.1322416501710622,0.0370879120879121,10,0,0.0343639378143076,0.38156635562493874
REACTOME_SARS_COV_1_INFECTION,0.13285040667411058,0.001394967140579,10,1,0.0024824940570519205,0.38156635562493874
PULVER_FOREY_CELLCYCLE_PEAKING_G2,0.133126708328079,0.043043043043043,10,0,-0.3190975453998094,0.38156635562493874
KONIGORSKI_INCREASED_SUBCUTANEOUS_ADIPOSE_TISSUE_MASS_UP,0.13328244532003203,0.0188216861235994,10,0,0.11422730023725776,0.38156635562493874
WP_IL18_SIGNALING,0.1340746686199336,0.0102716351029933,10,0,-0.5866205993758625,0.38156635562493874
STARK_PREFRONTAL_CORTEX_22Q11_DELETION_DN,0.13415844545359407,0.005321730188269,10,0,-0.07599686510149431,0.38156635562493874
REACTOME_DNA_REPAIR,0.13415967987456784,0.0937015753715112,10,0,-0.029587094100964696,0.38156635562493874
TARTE_PLASMA_CELL_VS_PLASMABLAST_UP,0.13427805957820188,0.0035532996854314,10,0,0.029240198948417184,0.38156635562493874
REACTOME_ADAPTIVE_IMMUNE_SYSTEM,0.13447754080764318,0.0175906061534674,10,0,-0.17480592871266032,0.38156635562493874
MULLIGHAN_MLL_SIGNATURE_2_UP,0.13692493981810472,0.131465517241379,10,0,0.12684129106197214,0.38693768418233637
SENGUPTA_NASOPHARYNGEAL_CARCINOMA_UP,0.13882288392909575,0.092901878914405,10,0,-0.017467033698928058,0.38711439884181625
REACTOME_SARS_COV_2_HOST_INTERACTIONS,0.1388671891198655,0.0053443680981285,10,0,0.11668382343197115,0.38711439884181625
REACTOME_EPIGENETIC_REGULATION_BY_WDR5_CONTAINING_HISTONE_MODIFYING_COMPLEXES,0.13897580751188576,0.0181003756442465,10,0,-0.1466393577527088,0.38711439884181625
LINDGREN_BLADDER_CANCER_CLUSTER_1_DN,0.1392483474893318,0.0186584410230116,10,0,-0.0838336655942383,0.38711439884181625
WINTER_HYPOXIA_METAGENE,0.13990779048805646,0.0024966682703468,10,0,-0.017033703503174836,0.38711439884181625
SHETH_LIVER_CANCER_VS_TXNIP_LOSS_PAM1,0.14031510445126005,0.0021999923278907,10,0,-0.11827861469949918,0.38711439884181625
VERHAAK_GLIOBLASTOMA_CLASSICAL,0.1409613640364396,0.0413961962120038,10,0,0.14064662662443098,0.3873662681001372
PUJANA_BRCA2_PCC_NETWORK,0.14433338425222575,0.007051435354525,10,0,-0.11845606197890457,0.39507726356099443
PULVER_FOREY_CELLCYCLE_PEAKING_LG1,0.14550627918157993,0.0082231415203532,10,0,0.1487839990377029,0.39673196433102653
DELYS_THYROID_CANCER_UP,0.14642415521265578,0.0100720677159405,10,0,0.2984114594864752,0.3973198523637739
LIM_MAMMARY_STEM_CELL_UP,0.14690065665088192,0.0116278013326219,10,0,-0.2088002460073005,0.3973198523637739
CARRILLOREIXACH_HEPATOBLASTOMA_VS_NORMAL_DN,0.14742957272523988,0.117824773413897,10,0,-0.012858197675730132,0.3973198523637739
REACTOME_SIGNALING_BY_GPCR,0.1503369809511731,0.127873563218391,10,0,0.013914568393401217,0.4013316998918826
OSWALD_HEMATOPOIETIC_STEM_CELL_IN_COLLAGEN_GEL_UP,0.1503664067050498,0.0234708107928889,10,0,-0.41233165871535943,0.4013316998918826
REACTOME_FACTORS_INVOLVED_IN_MEGAKARYOCYTE_DEVELOPMENT_AND_PLATELET_PRODUCTION,0.150643130904976,0.0030970712793232,10,0,-0.2976304960103736,0.4013316998918826
RIGGINS_TAMOXIFEN_RESISTANCE_DN,0.15417356958900852,0.042820235768953,10,0,-0.0862121050849439,0.40917548126664616
PASQUALUCCI_LYMPHOMA_BY_GC_STAGE_UP,0.15557727804900678,0.0550724637681159,10,0,-0.31322091299460453,0.4113368942356315
REACTOME_SELECTIVE_AUTOPHAGY,0.15684979644824593,0.053941908713693,10,0,-0.21783577322799869,0.4131364449844364
FORTSCHEGGER_PHF8_TARGETS_DN,0.15755255562068848,0.042042042042042,10,0,-0.11823057020434906,0.41342738279413743
SENESE_HDAC1_TARGETS_UP,0.15845822332627174,0.0012162495743117,10,1,-0.08134787919284606,0.4142465913173696
MARTENS_TRETINOIN_RESPONSE_DN,0.1590928600737091,0.0636330618160999,10,0,-0.0041914846000466795,0.4143537922815259
BASAKI_YBX1_TARGETS_UP,0.15996980723106657,0.0078087828322505,10,0,0.01623515437563061,0.41463854462774563
HELLER_SILENCED_BY_METHYLATION_UP,0.16083797750109174,0.0687502436073568,10,0,0.01771547813130254,0.41463854462774563
MARTORIATI_MDM4_TARGETS_FETAL_LIVER_DN,0.16098430600876656,0.0715005035246727,10,0,0.02502388481807418,0.41463854462774563
MARTINEZ_TP53_TARGETS_UP,0.1618994219024647,0.0308072175418614,10,0,-0.017201721822214446,0.41546248708794253
REACTOME_RHO_GTPASE_EFFECTORS,0.16317032769450085,0.0318154483796491,10,0,0.10394852060005477,0.41719006861084834
CREIGHTON_ENDOCRINE_THERAPY_RESISTANCE_2,0.16693575304057312,0.0126700583201788,10,0,0.2743813971073963,0.42525969205226294
PODAR_RESPONSE_TO_ADAPHOSTIN_UP,0.16780683629935028,0.0270551508844953,10,0,-0.18085309385389609,0.42592426086162366
KARLSSON_TGFB1_TARGETS_DN,0.16954438070051447,0.0583333333333333,10,0,-0.45634749693012183,0.42877528162666345
CHANDRAN_METASTASIS_UP,0.17074715444337368,0.000967148606953,10,0,-0.028211750632795594,0.4302581725685012
KEGG_INSULIN_SIGNALING_PATHWAY,0.17150341569228011,0.0207428465600341,10,0,0.037404130417796,0.43060929551514937
JOHNSTONE_PARVB_TARGETS_3_UP,0.17449487000243763,0.0045706776907384,10,0,-0.18591507026388301,0.43654988982688697
PULVER_FOREY_CELLCYCLE_ENRICHED_TFS_S2,0.17680184168157437,0.0472361809045226,10,0,-0.0764065438724243,0.43944663529218003
LI_INDUCED_T_TO_NATURAL_KILLER_UP,0.17694379003166977,0.0220020187091221,10,0,0.1422943343708112,0.43944663529218003
MARSON_BOUND_BY_FOXP3_STIMULATED,0.17754147729569453,0.115,10,0,-0.15279544621786884,0.43944663529218003
GARY_CD5_TARGETS_DN,0.17981071549260547,0.0125174070151164,10,0,-0.17719056775997005,0.4406133359081683
REACTOME_MITOTIC_G2_G2_M_PHASES,0.18002868349760148,0.0206409187828339,10,0,0.05673445630271108,0.4406133359081683
LINDGREN_BLADDER_CANCER_CLUSTER_3_DN,0.18052379896831805,0.0059460093730649,10,0,-0.1753484369259434,0.4406133359081683
JIANG_MELANOMA_TRM5_CD8,0.1807439392808895,0.0061093089090244,10,0,-0.2168585621305914,0.4406133359081683
BENPORATH_SUZ12_TARGETS,0.18126105036119716,0.0397148676171079,10,0,-0.1621400836199637,0.4406133359081683
REACTOME_M_PHASE,0.1818896992503316,0.146186440677966,10,0,-0.01997452247208491,0.4406133359081683
ROZANOV_MMP14_TARGETS_UP,0.18243159609951382,0.0693070038046583,10,0,-0.23692037907509297,0.4406133359081683
REACTOME_HEMOSTASIS,0.1868314482877252,0.0068541500028455,10,0,-0.0002501777738300959,0.4496839686373523
WANG_LMO4_TARGETS_DN,0.1888846732015405,0.141078838174274,10,0,0.12983974527458078,0.45306358039407313
PULVER_FOREY_CELLCYCLE_PEAKING_EG1,0.19040194955215545,0.0202592959605959,10,0,-0.32580274543769605,0.4551389068061798
VANOEVELEN_MYOGENESIS_SIN3A_TARGETS,0.19353109092855603,0.0280917915295492,10,0,-0.11575854619404513,0.4610399367513041
KAUFFMANN_DNA_REPAIR_GENES,0.19590215591990867,0.0118900743926125,10,0,0.08207357729530078,0.46510103684386483
ONKEN_UVEAL_MELANOMA_DN,0.19930151880653502,0.0093302380124555,10,0,-0.3536415071233021,0.4715676614473269
BENPORATH_OCT4_TARGETS,0.200677225477496,0.0444420445310497,10,0,-0.04134760873523361,0.47195431511348673
ALCALAY_AML_BY_NPM1_LOCALIZATION_DN,0.20081723723310252,0.0857740585774059,10,0,-0.18396616239373653,0.47195431511348673
BENPORATH_NOS_TARGETS,0.20238792447438836,0.026593398398148,10,0,-0.05558667590176738,0.47306338308817536
REACTOME_RESPIRATORY_SYNCYTIAL_VIRUS_INFECTION_PATHWAY,0.20310081526538887,0.117834394904459,10,0,-0.0699462684213978,0.47306338308817536
REACTOME_SARS_COV_1_HOST_INTERACTIONS,0.20332237095480316,0.0001199171067555,10,1,-0.0873302839150938,0.47306338308817536
RICKMAN_METASTASIS_UP,0.2043042908080157,0.0100955653890634,10,0,0.05084790505953647,0.473768754099651
YAGI_AML_WITH_11Q23_REARRANGED,0.20509917928843807,0.0421192871625602,10,0,0.2272988018097609,0.47403717597129064
REACTOME_SIGNALING_BY_TGFB_FAMILY_MEMBERS,0.20580310144694397,0.0590500641848524,10,0,-0.039919491506891044,0.47409427330022075
KIM_ALL_DISORDERS_CALB1_CORR_UP,0.20763137915282487,0.0453172205438067,10,0,-0.1087655455974954,0.47673257450220974
TARTE_PLASMA_CELL_VS_PLASMABLAST_DN,0.20943208467382546,0.0720812182741117,10,0,-0.04641518553359232,0.4792904757453448
PULVER_FOREY_PERTURB_ATTRITION_S,0.21222271545319998,0.035035035035035,10,0,0.1596279275805837,0.48408972348475027
BENPORATH_EED_TARGETS,0.21702292548950092,0.0118071084844065,10,0,-0.320654909948734,0.4921046931513562
THEILGAARD_NEUTROPHIL_AT_SKIN_WOUND_DN,0.21774607069619623,0.0724946695095949,10,0,-0.18351406336188944,0.4921046931513562
REACTOME_DNA_REPLICATION,0.21785150456127372,0.0802238805970149,10,0,-0.04642564492371779,0.4921046931513562
REACTOME_INTRA_GOLGI_AND_RETROGRADE_GOLGI_TO_ER_TRAFFIC,0.21968053752137867,0.121268656716418,10,0,-0.10436881772505287,0.493398786699715
SENGUPTA_NASOPHARYNGEAL_CARCINOMA_WITH_LMP1_UP,0.21983814135187874,0.0401948842874543,10,0,-0.07841121706327452,0.493398786699715
WHITFIELD_CELL_CYCLE_G2_M,0.22186964207156024,0.0866477272727273,10,0,-0.12704793685514268,0.4962128537141686
REACTOME_MITOTIC_METAPHASE_AND_ANAPHASE,0.22251378683744238,0.109053497942387,10,0,-0.01605271788187852,0.4962128537141686
REACTOME_INTRACELLULAR_SIGNALING_BY_SECOND_MESSENGERS,0.22638684611651316,0.0191202240798559,10,0,0.09720269222282862,0.5023241847505007
BENPORATH_ES_WITH_H3K27ME3,0.2271215462198395,0.0071850888627046,10,0,0.17818497701968444,0.5023241847505007
REACTOME_SARS_COV_2_INFECTION,0.2276314303363488,0.0106677439944741,10,0,-0.016676384229994977,0.5023241847505007
REACTOME_SIGNALING_BY_NTRKS,0.22834727314552222,0.0802816901408451,10,0,0.1375171096327106,0.5023241847505007
PULVER_FOREY_PERTURB_ACCUMULATION_S,0.22885256554535705,0.029029029029029,10,0,-0.15180372823677585,0.5023241847505007
SHEN_SMARCA2_TARGETS_UP,0.2316840963345302,0.0532359081419624,10,0,0.09446173676098728,0.5069451386880943
SHEDDEN_LUNG_CANCER_POOR_SURVIVAL_A6,0.23405827076575791,0.0388827428246814,10,0,0.06391349556652491,0.5098765673959537
RUTELLA_RESPONSE_TO_CSF2RB_AND_IL4_DN,0.23448478242707899,0.0659920588401782,10,0,-0.2874545834734277,0.5098765673959537
DAVICIONI_MOLECULAR_ARMS_VS_ERMS_UP,0.23813431351438646,0.0059261389677843,10,0,0.14533600332288182,0.5149837536053242
WP_PI3KAKT_SIGNALING,0.23830910088040075,0.157057654075547,10,0,0.17326358048537754,0.5149837536053242
KOYAMA_SEMA3B_TARGETS_DN,0.2396813914085279,0.0520209439515338,10,0,0.03389031202352681,0.5163506518615817
TORCHIA_TARGETS_OF_EWSR1_FLI1_FUSION_DN,0.24063971045437632,0.0524527838485284,10,0,-0.18034425592086226,0.5168200550681682
PILON_KLF1_TARGETS_UP,0.24264731926637179,0.021826947428948,10,0,0.0687177512012498,0.5183410572183694
FLORIO_NEOCORTEX_BASAL_RADIAL_GLIA_UP,0.24283313139026763,0.0008047139130359,10,0,0.07985135156694673,0.5183410572183694
KIM_BIPOLAR_DISORDER_OLIGODENDROCYTE_DENSITY_CORR_UP,0.244551764572719,0.0034779477395228,10,0,-0.061636081953847434,0.5204180843651154
PULVER_FOREY_CELLCYCLE_ENRICHED_TFS_G2,0.2465652497918716,0.0496083550913838,10,0,-0.07415952548893114,0.5231080375523598
IGLESIAS_E2F_TARGETS_UP,0.2497400766687599,0.0233446417682986,10,0,-0.348891294161252,0.5282381015599831
HELLER_HDAC_TARGETS_SILENCED_BY_METHYLATION_DN,0.25118332643553676,0.0672268907563025,10,0,-0.24398993510265488,0.528423890551828
MONNIER_POSTRADIATION_TUMOR_ESCAPE_UP,0.2513420224401245,0.0182087687932063,10,0,0.009033236120862643,0.528423890551828
PEDERSEN_METASTASIS_BY_ERBB2_ISOFORM_7,0.2574032526100152,0.0162825646343614,10,0,0.05859358682589729,0.5374504760048681
REACTOME_CHROMATIN_ORGANIZATION,0.25964310147038205,0.0241817054771003,10,0,0.013592396415922936,0.5374504760048681
BLALOCK_ALZHEIMERS_DISEASE_UP,0.2596495830583925,0.0902366863905326,10,0,-0.1762980393356575,0.5374504760048681
JINESH_BLEBBISHIELD_VS_LIVE_CONTROL_DN,0.25991115979667434,0.0561330561330561,10,0,0.14691031803152513,0.5374504760048681
SMID_BREAST_CANCER_BASAL_DN,0.26043217481800107,0.0598885793871866,10,0,-0.26267864674259966,0.5374504760048681
REACTOME_POST_TRANSLATIONAL_PROTEIN_MODIFICATION,0.2606443788298752,0.0019130687091766,10,0,-0.17634328838562163,0.5374504760048681
CREIGHTON_ENDOCRINE_THERAPY_RESISTANCE_5,0.2610253744493557,0.010064570239746,10,0,0.19571274787456966,0.5374504760048681
RODRIGUES_THYROID_CARCINOMA_ANAPLASTIC_UP,0.26581300889290704,0.0393374741200828,10,0,0.15147583880650056,0.545001661405011
SANA_RESPONSE_TO_IFNG_DN,0.2662543933225054,0.092901878914405,10,0,-0.202520201185808,0.545001661405011
VECCHI_GASTRIC_CANCER_EARLY_UP,0.2687273690739932,0.0389929239231157,10,0,-0.13472355312329454,0.5479344547022451
SOTIRIOU_BREAST_CANCER_GRADE_1_VS_3_UP,0.26934293999520487,0.0746887966804979,10,0,-0.0711501114603162,0.5479344547022451
DODD_NASOPHARYNGEAL_CARCINOMA_DN,0.270042195440648,0.0153666665738175,10,0,-0.17045302894160108,0.5479344547022451
ZWANG_TRANSIENTLY_UP_BY_2ND_EGF_PULSE_ONLY,0.2709966303137451,0.146439317953862,10,0,-0.19503177294637095,0.5482096239091496
IVANOVA_HEMATOPOIESIS_EARLY_PROGENITOR,0.2717486101326157,0.145106861642295,10,0,0.015279894751383138,0.5482096239091496
WP_GASTRIN_SIGNALING,0.2822001897761568,0.15311510031679,10,0,0.03509910914436869,0.5676534076765344
REACTOME_RNA_POLYMERASE_II_TRANSCRIPTION,0.28324950029212925,0.035035035035035,10,0,-0.1469258826798681,0.5681268712755926
GEORGES_TARGETS_OF_MIR192_AND_MIR215,0.28414990031069387,0.0202213879132641,10,0,-0.052413679264868285,0.5682998006213877
ACEVEDO_LIVER_CANCER_UP,0.29123746087296276,0.0067499607579557,10,0,-0.12269708320042508,0.5808107076837943
FIGAROL_EGFR_TKI_DRUG_TOLERANT_CELL_DN,0.29532676883609166,0.0584088620342397,10,0,0.049282324800899224,0.58728799044898
WP_FOCAL_ADHESION_PI3KAKTMTORSIGNALING,0.2970466663732714,0.0676855895196507,10,0,0.3794365192623214,0.5890300372969983
SMID_BREAST_CANCER_BASAL_UP,0.2984973112384749,0.0779376498800959,10,0,-0.19612064008845667,0.5902298108908087
MARTINEZ_RB1_TARGETS_UP,0.3021783128208233,0.0415721361277502,10,0,-0.066305281314271,0.5958205151099849
WP_MIRTARGETED_GENES_IN_MUSCLE_CELL,0.30774600084041726,0.0253455389795546,10,0,-0.39698770462425503,0.6050893199622852
ENK_UV_RESPONSE_EPIDERMIS_UP,0.308880150057978,0.02455954462518,10,0,0.062059916274306,0.6056133279226648
LI_DCP2_BOUND_MRNA,0.31007745577762963,0.0184681159054139,10,0,-0.0006457825603639833,0.6062578827248893
AGUIRRE_PANCREATIC_CANCER_COPY_NUMBER_UP,0.3111887942965168,0.0641509433962264,10,0,-0.15179614706590366,0.6067312246339909
HAHTOLA_MYCOSIS_FUNGOIDES_SKIN_UP,0.31753272464218407,0.0708215297450425,10,0,-0.10614071552490727,0.6173756039004025
SWEET_LUNG_CANCER_KRAS_UP,0.3184660850297364,0.0392367477969302,8,0,-0.24656731515790475,0.6174703537521
LEI_MYB_TARGETS,0.3210492712570043,0.0508275829446857,10,0,-0.5978958756431529,0.6207545466409667
KAAB_HEART_ATRIUM_VS_VENTRICLE_DN,0.3231664673591194,0.0154889934548924,10,0,-0.20300022007397894,0.6231220834714513
JIANG_MELANOMA_TRM6_CD8,0.3290323803140474,0.0235327368583314,10,0,-0.027437036541524972,0.6326848525046973
REACTOME_TP53_REGULATES_METABOLIC_GENES,0.3318352312637304,0.0437260552231382,10,0,0.17466091281022805,0.6363214050057248
REACTOME_CYTOKINE_SIGNALING_IN_IMMUNE_SYSTEM,0.3339264357200052,0.0544747081712062,10,0,-0.006138260543968821,0.6385771291303114
SATO_SILENCED_BY_METHYLATION_IN_PANCREATIC_CANCER_1,0.3350476713596032,0.0385471903159885,10,0,-0.183337416239654,0.6389706956530139
JINESH_BLEBBISHIELD_TO_IMMUNE_CELL_FUSION_PBSHMS_DN,0.33604942301510443,0.0759753593429158,10,0,-0.5613480079140648,0.6391348699306346
GRAESSMANN_RESPONSE_TO_MC_AND_DOXORUBICIN_UP,0.3395422097000368,0.245989304812834,10,0,-0.25225365534968813,0.6440229955723524
REACTOME_TOLL_LIKE_RECEPTOR_CASCADES,0.3421402895057415,0.0538213132400431,10,0,0.17710010312923125,0.6471922007452778
AFFAR_YY1_TARGETS_DN,0.34358386593117507,0.141666666666667,10,0,-0.09836555834081058,0.6481663200539464
SCHLOSSER_SERUM_RESPONSE_UP,0.346189836562245,0.0195612688144476,10,0,-0.15361963638572523,0.6504296475575874
FARMER_BREAST_CANCER_APOCRINE_VS_BASAL,0.34664731932868553,0.0843779419451663,10,0,-0.013586129819031534,0.6504296475575874
CREIGHTON_ENDOCRINE_THERAPY_RESISTANCE_1,0.34897324137663693,0.0660177140265587,10,0,-0.07403780082606248,0.6530383980720981
REACTOME_METABOLISM_OF_LIPIDS,0.35315253033328287,0.0724346076458753,10,0,0.007591475410927429,0.6590921555417952
SHETH_LIVER_CANCER_VS_TXNIP_LOSS_PAM4,0.3595934366674485,0.0612903225806452,10,0,0.011826535418000828,0.6693232501170107
BASAKI_YBX1_TARGETS_DN,0.36062345148851976,0.203931203931204,10,0,-0.030479488181659697,0.6694552370717733
BAELDE_DIABETIC_NEPHROPATHY_DN,0.3656330200212663,0.0866062437059416,10,0,-0.1929594875375125,0.6769545039120527
YAMAZAKI_TCEB3_TARGETS_UP,0.36835689182811204,0.0242547325457504,10,0,0.02991720592836671,0.6780680396281173
DELACROIX_RAR_BOUND_ES,0.36875551666380746,0.0217394241334448,10,0,-0.24665052458791478,0.6780680396281173
WEI_MYCN_TARGETS_WITH_E_BOX,0.3700472265820599,0.0513100436681223,10,0,-0.019165945470589828,0.6780680396281173
FOURNIER_ACINAR_DEVELOPMENT_LATE_2,0.37072404932999503,0.0756811301715439,10,0,0.2125873187642897,0.6780680396281173
REACTOME_PTEN_REGULATION,0.37109167784805275,0.0954356846473029,10,0,-0.0648648959266542,0.6780680396281173
MOOTHA_MITOCHONDRIA,0.372528894747178,0.0305561741197749,10,0,-0.04110155897134149,0.6789168891214888
ZHOU_INFLAMMATORY_RESPONSE_LIVE_UP,0.3778493567569287,0.103030303030303,10,0,0.1159416582262061,0.6868199245217089
LIN_ENDOMETRIAL_CANCER_MITOCHONDRIAL_SIGNATURE,0.3799073724080736,0.108527131782946,10,0,-0.15061958581186033,0.6877630116025336
DOANE_RESPONSE_TO_ANDROGEN_DN,0.38057197789348984,0.157840083073728,10,0,-0.13951416595536878,0.6877630116025336
FISCHER_G2_M_CELL_CYCLE,0.38132419124667694,0.0607966457023061,10,0,0.07386146049662787,0.6877630116025336
WP_MIRTARGETED_GENES_IN_LEUKOCYTES,0.38458239536478794,0.10261780104712,10,0,-0.3115187542231041,0.6899598681574005
REACTOME_NEUTROPHIL_DEGRANULATION,0.3853698117081796,0.0838773658869136,10,0,0.12378483156447002,0.6899598681574005
MEBARKI_HCC_PROGENITOR_FZD8CRD_UP,0.38704031874725237,0.0657084188911704,10,0,0.009937501204413246,0.6899598681574005
DEBIASI_APOPTOSIS_BY_REOVIRUS_INFECTION_UP,0.3872195274226497,0.138917262512768,10,0,-0.06409190345283475,0.6899598681574005
ALONSO_METASTASIS_UP,0.38788640710758415,0.0302057291776495,10,0,-0.2251850757455355,0.6899598681574005
MCBRYAN_PUBERTAL_BREAST_6_7WK_UP,0.38886990876890604,0.011683519289361,10,0,-0.11372316640181308,0.6899598681574005
WANG_RESPONSE_TO_GSK3_INHIBITOR_SB216763_DN,0.3896332820509507,0.0800405268490375,10,0,0.1754561589118215,0.6899598681574005
REACTOME_SUMOYLATION,0.3904500686564086,0.0447916666666667,10,0,0.04722187449869712,0.6899598681574005
REACTOME_TRANSCRIPTIONAL_REGULATION_BY_TP53,0.3934465958904707,0.190573770491803,10,0,0.14048835725957912,0.6924260396780519
KARLSSON_TGFB1_TARGETS_UP,0.3940960461005862,0.0505050505050505,10,0,0.015548569740002627,0.6924260396780519
BLUM_RESPONSE_TO_SALIRASIB_DN,0.3948217246301786,0.0318471337579618,10,0,0.14655721482226364,0.6924260396780519
ZWANG_CLASS_1_TRANSIENTLY_INDUCED_BY_EGF,0.39655225365762764,0.0985010706638116,10,0,-0.16398417222144085,0.6937179775765016
PULVER_FOREY_PERTURB_ACCUMULATION_M_EG1,0.40159586912538753,0.135483870967742,10,0,-0.004657917367246356,0.697875330618404
BLANCO_MELO_BETA_INTERFERON_TREATED_BRONCHIAL_EPITHELIAL_CELLS_UP,0.40165460966391225,0.0580912863070539,10,0,-0.010732465869567376,0.697875330618404
TIEN_INTESTINE_PROBIOTICS_24HR_DN,0.40192819900945326,0.0089061673987272,10,0,-0.016295309521012647,0.697875330618404
CAIRO_HEPATOBLASTOMA_UP,0.40535943665605617,0.16020942408377,10,0,0.051855942092721805,0.7020865677070155
YOSHIMURA_MAPK8_TARGETS_DN,0.4101615209967312,0.0375335120643432,10,0,-0.1547664153650391,0.7086454001379169
WANG_LMO4_TARGETS_UP,0.4124687364631783,0.0483870967741936,10,0,-0.15919681230634614,0.7103095000311279
SMID_BREAST_CANCER_RELAPSE_IN_BONE_DN,0.41392850141590076,0.0691056910569106,10,0,-0.12346674221231439,0.7103095000311279
OSWALD_HEMATOPOIETIC_STEM_CELL_IN_COLLAGEN_GEL_DN,0.41417760245368057,0.0429362880886427,10,0,-0.14413596476173193,0.7103095000311279
THUM_SYSTOLIC_HEART_FAILURE_UP,0.41746444050284937,0.0031180106622109,10,0,0.008610163720968622,0.7126987323548838
WP_PLEURAL_MESOTHELIOMA,0.4176128675259993,0.0226337840064022,10,0,-0.0885611571591842,0.7126987323548838
SCHLOSSER_SERUM_RESPONSE_DN,0.42041431684253583,0.0594758064516129,10,0,-0.15757074038343705,0.7150796087290866
ZHOU_INFLAMMATORY_RESPONSE_LIVE_DN,0.42105690428030745,0.115212527964206,10,0,-0.061224462010603095,0.7150796087290866
REACTOME_METABOLISM_OF_AMINO_ACIDS_AND_DERIVATIVES,0.4243949119755558,0.0639407905900203,10,0,-0.043294624407950025,0.7189991469877134
JIANG_MELANOMA_TRM4,0.43155822993758264,0.0908141962421712,10,0,0.056768484151389534,0.7292744657728613
REACTOME_SARS_COV_INFECTIONS,0.43258055378146076,0.0117508278530544,10,0,-0.12835348812033037,0.7292744657728613
HADDAD_B_LYMPHOCYTE_PROGENITOR,0.4335944173291367,0.0453290969694519,10,0,0.1931193645187302,0.7292744657728613
XU_GH1_AUTOCRINE_TARGETS_UP,0.4349068225097395,0.0374021576640076,10,0,0.058626450116728644,0.7294449051412575
KINSEY_TARGETS_OF_EWSR1_FLII_FUSION_DN,0.43578585307149625,0.0641264982651342,10,0,-0.36386661824066413,0.7294449051412575
RUTELLA_RESPONSE_TO_HGF_VS_CSF2RB_AND_IL4_DN,0.4380189452467266,0.0715935334872979,10,0,-0.12162620139973028,0.7298388525026621
DARWICHE_PAPILLOMA_RISK_HIGH_DN,0.43811243438197056,0.0099794716476884,10,0,-0.22408505804233642,0.7298388525026621
REACTOME_DISEASES_OF_SIGNAL_TRANSDUCTION_BY_GROWTH_FACTOR_RECEPTORS_AND_SECOND_MESSENGERS,0.4433590492717427,0.0452222501794178,10,0,0.29359383846383597,0.7368205152182771
ZHOU_INFLAMMATORY_RESPONSE_LPS_UP,0.4454970406768057,0.0148802841750933,10,0,-0.12097675559147762,0.7386150460627324
SENESE_HDAC1_AND_HDAC2_TARGETS_UP,0.44715565681458785,0.0697969543147208,10,0,-0.08237693171769792,0.7396081716980624
HUTTMANN_B_CLL_POOR_SURVIVAL_UP,0.4561164403027834,0.0541611624834875,10,0,0.0984761880616315,0.7514452703520529
CHARAFE_BREAST_CANCER_LUMINAL_VS_MESENCHYMAL_UP,0.4575191272735016,0.0021536937697842,10,0,-0.12489146398469309,0.7514452703520529
REACTOME_CELL_CELL_COMMUNICATION,0.4584202684190545,0.0344493750270956,10,0,-0.03730926359972653,0.7514452703520529
PUJANA_XPRSS_INT_NETWORK,0.45861846012890334,0.0284810126582279,10,0,0.03439188115514502,0.7514452703520529
SANSOM_APC_MYC_TARGETS,0.4675481138888298,0.0048177973827717,10,0,-0.2268456287857469,0.7642823969423962
MCCABE_BOUND_BY_HOXC6,0.47325440450034656,0.122478386167147,10,0,0.0378836261764933,0.7718027437879483
WP_NUCLEAR_RECEPTORS_METAPATHWAY,0.47703949442424654,0.231060606060606,10,0,0.13720535488301772,0.7757281793933551
REACTOME_ASPARAGINE_N_LINKED_GLYCOSYLATION,0.47933632281515554,0.147058823529412,10,0,-0.011581657763952901,0.7757281793933551
GINESTIER_BREAST_CANCER_20Q13_AMPLIFICATION_UP,0.47973819776986726,0.0170312129912484,10,0,-0.2148158484814322,0.7757281793933551
KEGG_NEUROTROPHIN_SIGNALING_PATHWAY,0.48010683882224847,0.0539979231568017,10,0,0.1898814339696849,0.7757281793933551
DACOSTA_UV_RESPONSE_VIA_ERCC3_DN,0.4851320458783351,0.0800450958286359,10,0,0.005169247264371335,0.7806856969855472
WP_FOCAL_ADHESION,0.4877986983021536,0.022456003491846,10,0,-0.04508943562433785,0.7806856969855472
KEGG_FOCAL_ADHESION,0.4877986983021536,0.022456003491846,10,0,-0.04508943562433785,0.7806856969855472
SMID_BREAST_CANCER_LUMINAL_B_DN,0.4881787732425073,0.16793893129771,10,0,-0.02818054096062713,0.7806856969855472
DELACROIX_RARG_BOUND_MEF,0.48931229301792845,0.101351351351351,10,0,-0.3768430651515545,0.7806856969855472
MIKKELSEN_NPC_ICP_WITH_H3K4ME3,0.49045210335756223,0.0144747641561127,10,0,0.10209379367160203,0.7806856969855472
FLECHNER_BIOPSY_KIDNEY_TRANSPLANT_REJECTED_VS_OK_DN,0.491004328046784,0.115577889447236,10,0,-0.18287695176489444,0.7806856969855472
JIANG_MELANOMA_TRM9_CD8,0.49789203704371193,2.2761093742139e-06,10,1,-0.01145998297423303,0.7889777053213171
LASTOWSKA_NEUROBLASTOMA_COPY_NUMBER_DN,0.49848018344799544,0.0979381443298969,10,0,-0.042669041836600086,0.7889777053213171
REACTOME_PLATELET_ACTIVATION_SIGNALING_AND_AGGREGATION,0.5021709705978091,0.0396328763382404,10,0,0.1841934905918963,0.7919712252294694
PULVER_FOREY_PERTURB_ATTRITION_LG1,0.503658391651296,0.16359918200409,10,0,-0.02030775459879921,0.7919712252294694
REACTOME_DEUBIQUITINATION,0.503775392552843,0.0593220338983051,10,0,-0.08095549818170147,0.7919712252294694
DARWICHE_PAPILLOMA_RISK_LOW_DN,0.5092686263034194,0.0154504047024797,10,0,-0.12974532594803406,0.7988078677748017
MARSON_BOUND_BY_E2F4_UNSTIMULATED,0.5122628430072268,0.038038038038038,10,0,-0.1771348523172527,0.8017028350202786
REACTOME_INNATE_IMMUNE_SYSTEM,0.5157976247297952,0.210143944227921,10,0,-0.01927733062832977,0.8054289531574877
OISHI_CHOLANGIOMA_STEM_CELL_LIKE_DN,0.5178766025270762,0.0543534481777756,10,0,-0.272051706958391,0.8068702423301322
BOCHKIS_FOXA2_TARGETS,0.52029579345402,0.215909090909091,10,0,0.23824700847596558,0.8088339951690555
SCHAEFFER_PROSTATE_DEVELOPMENT_48HR_DN,0.5218462697525322,0.111576011157601,10,0,-0.12757199677374254,0.8094415473050388
BILD_MYC_ONCOGENIC_SIGNATURE,0.5246486345059002,0.0170529240624081,10,0,0.06733564655016568,0.811983917705362
BERTUCCI_MEDULLARY_VS_DUCTAL_BREAST_CANCER_DN,0.526591110894787,0.107691495429962,10,0,-0.26489056973148334,0.8131871579746932
IVANOVA_HEMATOPOIESIS_LATE_PROGENITOR,0.5287182997134414,0.101992966002345,10,0,-0.1761273563826024,0.8146696980132055
MULLIGHAN_NPM1_SIGNATURE_3_UP,0.5300907746460141,0.210849539406346,10,0,-0.0157531412302252,0.8149853759976163
GABRIELY_MIR21_TARGETS,0.5334378171365748,0.101511879049676,10,0,0.0011821900242137695,0.8183287832117125
PULVER_FOREY_CELLCYCLE_PEAKING_S1,0.5403967719593802,0.0715859030837004,10,0,0.1443544980500334,0.8271862869027354
KOINUMA_TARGETS_OF_SMAD2_OR_SMAD3,0.5472033086786416,0.153766769865841,10,0,-0.17328819868830286,0.8357722307608136
DAVICIONI_TARGETS_OF_PAX_FOXO1_FUSIONS_UP,0.553563946050725,0.113821138211382,10,0,0.2816502656241139,0.8409240873514794
BLANCO_MELO_BRONCHIAL_EPITHELIAL_CELLS_INFLUENZA_A_DEL_NS1_INFECTION_UP,0.5556459144251177,0.0706126687435099,10,0,0.043968611042489655,0.8409240873514794
SPIELMAN_LYMPHOBLAST_EUROPEAN_VS_ASIAN_UP,0.555804723949654,0.015702657723486,10,0,-0.11602660831787778,0.8409240873514794
RODRIGUES_THYROID_CARCINOMA_ANAPLASTIC_DN,0.5562435284117544,0.149584487534626,10,0,-0.003092142264310693,0.8409240873514794
MARTINEZ_RB1_AND_TP53_TARGETS_UP,0.5566001838916669,0.0652741514360313,10,0,-0.3761431397101649,0.8409240873514794
AGUIRRE_PANCREATIC_CANCER_COPY_NUMBER_DN,0.5638057306829615,0.0254582484725051,10,0,-0.3910860433658605,0.8499706263859764
REACTOME_MAPK6_MAPK4_SIGNALING,0.5667499016043848,0.0428240740740741,10,0,-0.2090233417524531,0.8525677399134926
PROVENZANI_METASTASIS_UP,0.5692322085422957,0.0802238805970149,10,0,-0.17151663502725922,0.8544603904570375
REACTOME_RESPIRATORY_ELECTRON_TRANSPORT,0.571660315423293,0.027573902561802,10,0,-0.3115257496946616,0.8549780833911574
MULLIGHAN_MLL_SIGNATURE_1_DN,0.5731097072100444,0.0060029168574121,10,0,-0.1476290858251949,0.8549780833911574
SHEPARD_CRASH_AND_BURN_MUTANT_UP,0.5732517808410625,0.0700757575757576,10,0,0.1608603909307272,0.8549780833911574
NIKOLSKY_BREAST_CANCER_17Q21_Q25_AMPLICON,0.5747269593429383,0.0322595669763272,10,0,0.026588798591410345,0.85535057062126
KIM_ALL_DISORDERS_DURATION_CORR_DN,0.5781434343202878,0.0336703409141813,10,0,-0.3861454917862229,0.8580623382191639
PROVENZANI_METASTASIS_DN,0.5790076809473155,0.0310452906200102,10,0,-0.008977956454447943,0.8580623382191639
MARSON_BOUND_BY_FOXP3_UNSTIMULATED,0.5853543135327397,0.101202404809619,10,0,-0.20048852544102438,0.8656298958598566
KUMAR_TARGETS_OF_MLL_AF9_FUSION,0.5875124302423235,0.099236641221374,10,0,0.0349152003072359,0.8669845165098136
YAGI_AML_WITH_T_8_21_TRANSLOCATION,0.5919949164748228,0.0929978118161926,10,0,0.08984440075715547,0.8682726221912325
DOUGLAS_BMI1_TARGETS_DN,0.5934653087115622,0.0317005930802563,10,0,0.11136691966659681,0.8682726221912325
BLALOCK_ALZHEIMERS_DISEASE_INCIPIENT_UP,0.5953072631596026,0.153071500503525,10,0,0.13317188432967733,0.8682726221912325
PID_ERBB1_DOWNSTREAM_PATHWAY,0.5959204066255624,0.0230901894732943,10,0,0.11138258865754362,0.8682726221912325
KEGG_REGULATION_OF_ACTIN_CYTOSKELETON,0.5973842395346193,0.0271316424527289,10,0,0.43353601908677025,0.8682726221912325
CARRILLOREIXACH_HEPATOBLASTOMA_VS_NORMAL_HYPOMETHYLATED_AND_UP,0.598117340989019,0.0097565923712426,10,0,0.11624183716400549,0.8682726221912325
NUYTTEN_EZH2_TARGETS_UP,0.5983396286263989,0.0894677236693092,10,0,-0.14906244825312998,0.8682726221912325
CHICAS_RB1_TARGETS_SENESCENT,0.602944010415889,0.0742971887550201,10,0,-0.08107916500520813,0.8682726221912325
REACTOME_EPIGENETIC_REGULATION_OF_GENE_EXPRESSION,0.6031106331607005,0.117043121149897,10,0,-0.05414562794313223,0.8682726221912325
VANTVEER_BREAST_CANCER_ESR1_DN,0.6040544031406978,0.042964987080017,10,0,-0.19145827747671865,0.8682726221912325
FERNANDEZ_BOUND_BY_MYC,0.6044518721918071,0.0143627649826179,10,0,0.029378188637207304,0.8682726221912325
WP_CILIARY_LANDSCAPE,0.6048018539000952,0.0101220002298587,10,0,0.10639023030277266,0.8682726221912325
LU_EZH2_TARGETS_DN,0.604986037294187,0.0226212071369307,10,0,0.06830185466137254,0.8682726221912325
GENTILE_UV_HIGH_DOSE_DN,0.6068169261322461,0.167295597484277,10,0,0.02109189884328677,0.8682726221912325
OSMAN_BLADDER_CANCER_UP,0.6070444693829821,0.0515151515151515,10,0,-0.008200123457980402,0.8682726221912325
JINESH_BLEBBISHIELD_TRANSFORMED_STEM_CELL_SPHERES_DN,0.6128164908528576,0.0841025641025641,10,0,-0.15921743017039602,0.8747360135282097
WEST_ADRENOCORTICAL_TUMOR_UP,0.61443076797953,0.0170639533169686,10,0,-0.09173045334956498,0.8752503592851264
REACTOME_INFECTIOUS_DISEASE,0.6174061690800534,0.0318021201413428,10,0,0.11862548359838802,0.8764866885820868
DANG_REGULATED_BY_MYC_DN,0.6190230049327694,0.0295067468717202,10,0,-0.308923299908096,0.8764866885820868
BLANCO_MELO_COVID19_SARS_COV_2_INFECTION_A594_ACE2_EXPRESSING_CELLS_RUXOLITINIB_UP,0.6190658129956573,0.0053961590600963,10,0,-0.027690008515533705,0.8764866885820868
ACEVEDO_NORMAL_TISSUE_ADJACENT_TO_LIVER_TUMOR_DN,0.6241588691681238,0.052801724137931,10,0,0.12926802415673244,0.8819086855857295
LIU_SOX4_TARGETS_DN,0.6260334661388343,0.121951219512195,10,0,-0.32865151943826587,0.8827704229594067
REACTOME_REGULATION_OF_TP53_ACTIVITY,0.6368203999082371,0.0717255717255717,10,0,0.074059006669554,0.896170643419253
STEIN_ESRRA_TARGETS,0.6384925002059783,0.0543352601156069,10,0,-0.05151864553070934,0.8965731624162439
RODWELL_AGING_KIDNEY_NO_BLOOD_DN,0.6401250778173863,0.268398268398268,10,0,-0.18147320875151204,0.8965731624162439
MILI_PSEUDOPODIA_HAPTOTAXIS_DN,0.641433484258539,0.111842105263158,10,0,-0.1792513883489614,0.8965731624162439
REACTOME_HIV_INFECTION,0.6422443856849884,0.216738197424893,10,0,0.13104658823525664,0.8965731624162439
KEGG_MAPK_SIGNALING_PATHWAY,0.6436768686549261,0.195238095238095,10,0,0.010884721761613526,0.8967793499423921
GRESHOCK_CANCER_COPY_NUMBER_UP,0.6479563542305915,0.0016606123995623,10,0,-0.2747861320893836,0.898950784041589
KRIGE_RESPONSE_TO_TOSEDOSTAT_24HR_UP,0.6480452007912134,0.0198424293734151,10,0,-0.170753958494898,0.898950784041589
YAMAZAKI_TCEB3_TARGETS_DN,0.6490991334626947,0.105367793240557,10,0,0.06719702483457948,0.898950784041589
DARWICHE_SQUAMOUS_CELL_CARCINOMA_DN,0.6537057392316947,0.0688591983556012,10,0,-0.34575637534212306,0.9035378336311345
BONOME_OVARIAN_CANCER_SURVIVAL_SUBOPTIMAL_DEBULKING,0.6584715517383815,0.0599250936329588,10,0,-0.3815986241930875,0.9083263697893088
REACTOME_SIGNALING_BY_INTERLEUKINS,0.6607557316743301,0.120833333333333,10,0,0.3123052398636187,0.9090542461243476
MITSIADES_RESPONSE_TO_APLIDIN_UP,0.6621565274325985,0.127310061601643,10,0,-0.15357511174771182,0.9090542461243476
REACTOME_INTERFERON_SIGNALING,0.6629063198815085,0.0155708947882142,10,0,-0.20989577254815828,0.9090542461243476
BENPORATH_ES_CORE_NINE_CORRELATED,0.6680715324692275,0.0395833333333333,10,0,0.1341166996399322,0.9134615665386099
FLECHNER_PBL_KIDNEY_TRANSPLANT_OK_VS_DONOR_UP,0.6688058716625656,0.0543071161048689,10,0,-0.1967436027129193,0.9134615665386099
HELLER_HDAC_TARGETS_SILENCED_BY_METHYLATION_UP,0.6703850226105024,0.006601088012205,10,0,-0.22493350233377915,0.9134615665386099
BRUINS_UVC_RESPONSE_VIA_TP53_GROUP_D,0.6734587452150158,0.0663780663780664,10,0,-0.03392517193808483,0.9134615665386099
ZHANG_BREAST_CANCER_PROGENITORS_UP,0.6741699369000048,0.186635944700461,10,0,0.1357953505826835,0.9134615665386099
WANG_SMARCE1_TARGETS_DN,0.6761707877327979,0.0143993575361266,10,0,-0.16895338783824493,0.9134615665386099
KRIGE_RESPONSE_TO_TOSEDOSTAT_6HR_UP,0.6772792128294817,0.0231701607102622,10,0,-0.17043833112045417,0.9134615665386099
NAKAMURA_TUMOR_ZONE_PERIPHERAL_VS_CENTRAL_DN,0.6773462362302743,0.0710710710710711,10,0,-0.036126328133628316,0.9134615665386099
MATSUDA_NATURAL_KILLER_DIFFERENTIATION,0.6785482353796972,0.0662576687116565,10,0,-0.02664743376835129,0.9134615665386099
HELLER_HDAC_TARGETS_UP,0.6792070960365881,0.0305498539698383,10,0,0.13386371714744122,0.9134615665386099
DARWICHE_SKIN_TUMOR_PROMOTER_UP,0.6825188024267503,0.0123521345997235,10,0,0.08075158341669911,0.9161502386420611
FARMER_BREAST_CANCER_BASAL_VS_LULMINAL,0.6857335371441405,0.101527494568098,10,0,-0.6296810000799633,0.9182463503761338
ACEVEDO_LIVER_CANCER_DN,0.6867114540062204,0.0372983870967742,10,0,-0.11306157024994448,0.9182463503761338
SHEPARD_BMYB_MORPHOLINO_UP,0.6924845897203455,0.128691983122363,10,0,-0.2698022107884665,0.9233387691811209
HOSHIDA_LIVER_CANCER_SUBCLASS_S1,0.6976499559923897,0.121951219512195,10,0,-0.41310764759755225,0.9233387691811209
DUTERTRE_ESTRADIOL_RESPONSE_24HR_DN,0.6977118885583806,0.0788061533134228,10,0,-0.22790827760953758,0.9233387691811209
JINESH_BLEBBISHIELD_VS_LIVE_CONTROL_UP,0.6979124705761963,0.0756880733944954,10,0,0.200042579380224,0.9233387691811209
WP_CHEMOKINE_SIGNALING,0.6993880069432428,0.0280957336108221,10,0,0.04221956184465934,0.9233387691811209
BUYTAERT_PHOTODYNAMIC_THERAPY_STRESS_DN,0.700136945839741,0.0582010582010582,10,0,-0.02331627470288302,0.9233387691811209
JIANG_HYPOXIA_NORMAL,0.7001652636354043,0.23454157782516,10,0,0.015822988706720387,0.9233387691811209
RATTENBACHER_BOUND_BY_CELF1,0.7011025038194758,0.153526970954357,10,0,0.16164385300629708,0.9233387691811209
ZHOU_INFLAMMATORY_RESPONSE_FIMA_UP,0.7028547588661631,0.0726552179656539,10,0,-0.02487030480593879,0.9239032423513782
WP_EGFEGFR_SIGNALING,0.7042634520100711,0.0829875518672199,10,0,0.133067969503002,0.9240148298929128
REACTOME_SIGNALING_BY_RHO_GTPASES_MIRO_GTPASES_AND_RHOBTB3,0.7072767898239487,0.0383179309308757,10,0,-0.041867831377743706,0.9249787351695224
CHARAFE_BREAST_CANCER_LUMINAL_VS_MESENCHYMAL_DN,0.708079319960788,0.0648714810281518,10,0,0.07183408416109001,0.9249787351695224
COLINA_TARGETS_OF_4EBP1_AND_4EBP2,0.7089736723720552,0.236786469344609,10,0,0.21410718524996247,0.9249787351695224
REACTOME_HOST_INTERACTIONS_OF_HIV_FACTORS,0.7128988440031605,0.154618473895582,10,0,0.025749838049281305,0.9283645393921754
HAMAI_APOPTOSIS_VIA_TRAIL_UP,0.7153036232873698,0.0917553191489362,10,0,-0.016993993975898725,0.928844671141975
DARWICHE_SKIN_TUMOR_PROMOTER_DN,0.7173758344623724,0.079664570230608,10,0,-0.2544277649429419,0.928844671141975
CHICAS_RB1_TARGETS_CONFLUENT,0.7179725633737997,0.125,10,0,-0.47967498714205686,0.928844671141975
KEGG_CHEMOKINE_SIGNALING_PATHWAY,0.7187674329047841,0.0549792531120332,10,0,0.05112500268874187,0.928844671141975
WELCSH_BRCA1_TARGETS_DN,0.7199211562862585,0.0556621880998081,10,0,-0.06843049408917422,0.928844671141975
DARWICHE_PAPILLOMA_RISK_HIGH_UP,0.7237341440194245,0.116883116883117,10,0,-0.17837439332121421,0.9320413884235392
JINESH_BLEBBISHIELD_TO_IMMUNE_CELL_FUSION_PBSHMS_UP,0.7266095778694218,0.0409743381961133,10,0,-0.21953130434854007,0.934021151662719
GRYDER_PAX3FOXO1_TOP_ENHANCERS,0.7319778079038313,0.179233621755253,10,0,-0.06879877153532699,0.9391921138177836
BRUINS_UVC_RESPONSE_VIA_TP53_GROUP_A,0.7336702471421324,0.200455580865604,10,0,-0.13539441911572708,0.9396363899178135
MULLIGHAN_NPM1_MUTATED_SIGNATURE_1_UP,0.7351138748611956,0.215189873417722,10,0,0.016906526180890946,0.9397609609031402
REN_ALVEOLAR_RHABDOMYOSARCOMA_DN,0.738102260830537,0.103030303030303,10,0,-0.3895954836379748,0.9418562670195884
WONG_ADULT_TISSUE_STEM_MODULE,0.7410858886110914,0.0553877139979859,10,0,0.0632002443707592,0.9439378654206967
RODWELL_AGING_KIDNEY_NO_BLOOD_UP,0.7426073170920715,0.0386669649280078,10,0,0.1595004510759966,0.944152836667151
RICKMAN_TUMOR_DIFFERENTIATED_WELL_VS_POORLY_UP,0.7467149830733715,0.020445914196189,10,0,0.17296911660624112,0.9474943700950526
WONG_MITOCHONDRIA_GENE_MODULE,0.7479504268228853,0.012090790502106,10,0,-0.3830956465264939,0.9474943700950526
GRYDER_PAX3FOXO1_ENHANCERS_KO_DOWN,0.7494561464282141,0.0763747454175153,10,0,-0.14588767106238443,0.947681866316836
GRAESSMANN_APOPTOSIS_BY_DOXORUBICIN_UP,0.7511908352425771,0.223735408560311,10,0,-0.07977039130502252,0.9481576907763452
RAO_BOUND_BY_SALL4_ISOFORM_B,0.7539622894336022,0.216253443526171,10,0,-0.10228339787033199,0.9486712249953493
REACTOME_RHO_GTPASES_ACTIVATE_FORMINS,0.7550764645563159,0.168443496801706,10,0,-0.1293929239251474,0.9486712249953493
CHARAFE_BREAST_CANCER_LUMINAL_VS_BASAL_DN,0.75805111906468,0.079589216944801,10,0,-0.023125350000512312,0.9486712249953493
ENK_UV_RESPONSE_KERATINOCYTE_DN,0.7583305082975991,0.247991967871486,10,0,0.042431819556882945,0.9486712249953493
STEIN_ESRRA_TARGETS_UP,0.7583933288644769,0.161749745676501,10,0,-0.14583543703179788,0.9486712249953493
BLUM_RESPONSE_TO_SALIRASIB_UP,0.7619831557208492,0.0528497409326425,10,0,-0.05116098044302151,0.9509277789951659
REACTOME_GENE_SILENCING_BY_RNA,0.7630419640773622,0.10966810966811,10,0,-0.16835351739233023,0.9509277789951659
WAKABAYASHI_ADIPOGENESIS_PPARG_BOUND_8D,0.7643938249092012,0.0707070707070707,10,0,-0.07553174345535948,0.9509277789951659
DEBIASI_APOPTOSIS_BY_REOVIRUS_INFECTION_DN,0.7656467217697467,0.151826484018265,10,0,-0.004092849034274626,0.9509277789951659
CHEMNITZ_RESPONSE_TO_PROSTAGLANDIN_E2_DN,0.7706181043249407,0.197381671701913,10,0,-0.16417839813840618,0.9540990907389075
PHONG_TNF_RESPONSE_NOT_VIA_P38,0.7709339357833007,0.224264705882353,10,0,-0.08005859090556652,0.9540990907389075
RUTELLA_RESPONSE_TO_HGF_VS_CSF2RB_AND_IL4_UP,0.7730413460111891,0.138121546961326,10,0,0.2032139201924414,0.9543738206496741
RODWELL_AGING_KIDNEY_UP,0.7752995586874188,0.0323741007194245,10,0,-0.0012585915724302788,0.9543738206496741
REACTOME_SIGNALING_BY_RECEPTOR_TYROSINE_KINASES,0.7766134966545483,0.0102062217314014,10,0,0.2591470794358967,0.9543738206496741
WP_INTEGRATED_BREAST_CANCER_PATHWAY,0.7766251147980157,0.0889145496535797,10,0,-0.3063394652369187,0.9543738206496741
BURTON_ADIPOGENESIS_6,0.7788264088455141,0.0542299349240781,10,0,0.23545828252855686,0.9547846304655618
PULVER_FOREY_CELLCYCLE_PEAKING_M,0.7796951853372067,0.0245668543105254,10,0,-0.14118343967278588,0.9547846304655618
MOOTHA_HUMAN_MITODB_6_2002,0.7815968219724719,0.0515653775322284,10,0,-0.09352670459786482,0.9554370958612703
CREIGHTON_ENDOCRINE_THERAPY_RESISTANCE_3,0.7829915901941671,0.0503067484662577,10,0,-0.05864929779463367,0.9554687586635116
CHEN_METABOLIC_SYNDROM_NETWORK,0.7896723231081026,0.0559737928071285,10,0,-0.3424524464252749,0.9619394093009697
LIAO_METASTASIS,0.7941824489491645,0.188712522045855,10,0,-0.3198278889773284,0.9657479954120501
IWANAGA_CARCINOGENESIS_BY_KRAS_PTEN_DN,0.7990980509085135,0.266117969821674,10,0,-0.18316506970120022,0.9699917679461716
MIKKELSEN_ES_ICP_WITH_H3K4ME3,0.8009131083286773,0.0860215053763441,10,0,0.17103256965336372,0.9699917679461716
REACTOME_TCF_DEPENDENT_SIGNALING_IN_RESPONSE_TO_WNT,0.8018413325285688,0.424947145877378,10,0,0.002651445619457393,0.9699917679461716
MILI_PSEUDOPODIA_HAPTOTAXIS_UP,0.8080512543729585,0.271091113610799,10,0,0.0007774419809910782,0.9747144904160256
REACTOME_TRANSPORT_TO_THE_GOLGI_AND_SUBSEQUENT_MODIFICATION,0.8104598131460636,0.204545454545455,10,0,-0.006365304543466899,0.9747144904160256
WP_MAPK_SIGNALING,0.8122044113061195,0.259979529170931,10,0,-0.008112989160837547,0.9747144904160256
THUM_SYSTOLIC_HEART_FAILURE_DN,0.8132142158904352,0.0918803418803419,10,0,-0.189040733655161,0.9747144904160256
BLALOCK_ALZHEIMERS_DISEASE_DN,0.8146362048973232,0.0735294117647059,10,0,-0.20460943872579537,0.9747144904160256
WP_NETWORK_MAP_OF_SARSCOV2_SIGNALING,0.8150637662458617,0.134426229508197,10,0,-0.1395676514355863,0.9747144904160256
ENK_UV_RESPONSE_EPIDERMIS_DN,0.8155204332420616,0.19271948608137,10,0,0.0541803541862377,0.9747144904160256
GINESTIER_BREAST_CANCER_ZNF217_AMPLIFIED_DN,0.8223742355431514,0.104166666666667,10,0,-0.21160299241792263,0.9799248822297703
PID_PDGFRB_PATHWAY,0.8238523902808075,0.146875,10,0,-0.09266173231134853,0.9799248822297703
MEISSNER_NPC_HCP_WITH_H3K4ME2,0.8265148833881903,0.214076246334311,10,0,-0.06847286221427469,0.9799248822297703
BENPORATH_PROLIFERATION,0.8276417982117775,0.0897583429228999,10,0,-0.14149569939910997,0.9799248822297703
BENPORATH_MYC_TARGETS_WITH_EBOX,0.8286638855242597,0.0108019276953564,10,0,-0.154127340592117,0.9799248822297703
GOZGIT_ESR1_TARGETS_DN,0.8295952745665649,0.0861008610086101,10,0,0.06501767182765288,0.9799248822297703
BROWNE_HCMV_INFECTION_48HR_DN,0.8297071710570117,0.232118758434548,10,0,-0.19519086716517622,0.9799248822297703
GOBERT_OLIGODENDROCYTE_DIFFERENTIATION_UP,0.8405305273797947,0.0937829293993678,10,0,-0.13468936178316676,0.9862725044676532
BRUINS_UVC_RESPONSE_VIA_TP53_GROUP_B,0.8405315394676063,0.153575615474795,10,0,0.22371238148238062,0.9862725044676532
MILI_PSEUDOPODIA_CHEMOTAXIS_DN,0.8405441109433629,0.108786610878661,10,0,-0.08755631100350428,0.9862725044676532
CUI_TCF21_TARGETS_2_DN,0.8407337251550911,0.0323054734758176,10,0,0.20856299000587114,0.9862725044676532
HORIUCHI_WTAP_TARGETS_UP,0.8422558772768718,0.0706019166777683,10,0,-0.02732829731653804,0.9864003394953968
KEGG_PATHWAYS_IN_CANCER,0.8454192704863311,0.175847457627119,10,0,-0.023423488723347385,0.9884466512553755
FOSTER_TOLERANT_MACROPHAGE_DN,0.8486543635030482,0.23265306122449,10,0,-0.16381357504337396,0.9905698089048959
WP_MIRTARGETED_GENES_IN_SQUAMOUS_CELL,0.8574640255531467,0.145454545454545,10,0,0.038079925123105665,0.9991817860368889
GINESTIER_BREAST_CANCER_ZNF217_AMPLIFIED_UP,0.8622691064442871,0.0292841648590022,10,0,0.1367592358508713,1.0
PULVER_FOREY_PERTURB_ATTRITION_G2_M,0.8654454942887676,0.175271739130435,10,0,0.20879249249700518,1.0
CUI_TCF21_TARGETS_2_UP,0.8667435204408342,0.116104868913858,10,0,-0.23100656721314347,1.0
DARWICHE_PAPILLOMA_RISK_LOW_UP,0.8676044250426069,0.160642570281125,10,0,-0.17676752004063206,1.0
LEE_BMP2_TARGETS_UP,0.8699934883535381,0.0664406743065873,10,0,0.1235680247406401,1.0
GOBERT_OLIGODENDROCYTE_DIFFERENTIATION_DN,0.8701663810066921,0.0685714285714286,10,0,0.15862507682013335,1.0
BHATTACHARYA_EMBRYONIC_STEM_CELL,0.8710529536357596,0.327380952380952,10,0,-0.3318207267203071,1.0
MULLIGHAN_MLL_SIGNATURE_2_DN,0.8771574311967597,0.0989583333333333,10,0,-0.1415850200195917,1.0
REACTOME_REGULATION_OF_TP53_ACTIVITY_THROUGH_PHOSPHORYLATION,0.8785147702857362,0.148803329864724,10,0,0.11673780502460662,1.0
DAZARD_RESPONSE_TO_UV_NHEK_DN,0.8785187169627418,0.0971830985915493,10,0,0.14090980431215275,1.0
MANALO_HYPOXIA_DN,0.8797961935497122,0.113963039014374,10,0,0.17832027808374068,1.0
REACTOME_TRANSPORT_OF_SMALL_MOLECULES,0.8802529002036226,0.0891304347826087,10,0,0.1119339692988375,1.0
RIGGI_EWING_SARCOMA_PROGENITOR_UP,0.8813413415825289,0.236301369863014,10,0,0.16793174842933759,1.0
WP_CANCER_PATHWAYS,0.8855367377441528,0.146694214876033,10,0,-0.17352255835010683,1.0
FORTSCHEGGER_PHF8_TARGETS_UP,0.8893173944229116,0.297494780793319,10,0,-0.019619264802057113,1.0
MASSARWEH_TAMOXIFEN_RESISTANCE_UP,0.8915962165274927,0.0327272727272727,10,0,-0.19371433135775962,1.0
DARWICHE_SQUAMOUS_CELL_CARCINOMA_UP,0.8942862003947739,0.0474040632054176,10,0,-0.0906413631986602,1.0
MOOTHA_PGC,0.8963563052195556,0.0234207763029928,10,0,-0.3532366438724074,1.0
REACTOME_LEISHMANIA_INFECTION,0.8973834901299902,0.219546742209632,10,0,-0.1301896257289874,1.0
DEURIG_T_CELL_PROLYMPHOCYTIC_LEUKEMIA_UP,0.8984483287902194,0.193548387096774,10,0,0.024363871522831093,1.0
BROWNE_HCMV_INFECTION_16HR_UP,0.8985837285062837,0.0808080808080808,10,0,-0.03566609706231923,1.0
OKUMURA_INFLAMMATORY_RESPONSE_LPS,0.8997786646205097,0.0975103734439834,10,0,-0.04183990611415889,1.0
JAATINEN_HEMATOPOIETIC_STEM_CELL_UP,0.9019389274832091,0.143302180685358,10,0,-0.22976492663262565,1.0
FEVR_CTNNB1_TARGETS_UP,0.9023271518922567,0.251533742331288,10,0,0.0011107558255786464,1.0
BONOME_OVARIAN_CANCER_SURVIVAL_OPTIMAL_DEBULKING,0.908501165394453,0.303523035230352,10,0,-0.12462283021986612,1.0
CONCANNON_APOPTOSIS_BY_EPOXOMICIN_UP,0.9094790517279793,0.242307692307692,10,0,-0.16575644625923233,1.0
BRUINS_UVC_RESPONSE_LATE,0.9111107288377838,0.368861024033438,10,0,-0.3729135380365004,1.0
GRYDER_PAX3FOXO1_ENHANCERS_IN_TADS,0.9120767145481012,0.211538461538462,10,0,-0.17643797522362106,1.0
WP_ADHD_AND_AUTISM_ASD_PATHWAYS,0.9150760285562952,0.183364839319471,10,0,-0.3677679837010791,1.0
MISSIAGLIA_REGULATED_BY_METHYLATION_DN,0.9203410446756781,0.117463617463617,10,0,-0.019008607272396005,1.0
SENESE_HDAC3_TARGETS_DN,0.9223148076625075,0.277066356228172,10,0,-0.22300010218444993,1.0
REACTOME_HIV_LIFE_CYCLE,0.9223864090010794,0.146586345381526,10,0,0.14354831059492676,1.0
RICKMAN_TUMOR_DIFFERENTIATED_WELL_VS_POORLY_DN,0.9302362256265714,0.147651006711409,10,0,-0.3573578702607293,1.0
REACTOME_ACTIVATION_OF_THE_MRNA_UPON_BINDING_OF_THE_CAP_BINDING_COMPLEX_AND_EIFS_AND_SUBSEQUENT_BINDING_TO_43S,0.9323164100922431,0.105769230769231,10,0,-0.012668716309174367,1.0
GRAESSMANN_APOPTOSIS_BY_SERUM_DEPRIVATION_UP,0.9330059177267543,0.137826961770624,10,0,0.08229402545356211,1.0
ZAMORA_NOS2_TARGETS_UP,0.9336803585415616,0.246875,10,0,-0.030322368869126103,1.0
GINESTIER_BREAST_CANCER_20Q13_AMPLIFICATION_DN,0.9337433609021082,0.197916666666667,10,0,-0.13273527984399883,1.0
KEGG_ENDOCYTOSIS,0.9361120493487272,0.123842592592593,10,0,0.0876335503195584,1.0
MARTENS_BOUND_BY_PML_RARA_FUSION,0.9378893542747931,0.143478260869565,10,0,-0.14951669903769427,1.0
OSMAN_BLADDER_CANCER_DN,0.9380076292560515,0.128712871287129,10,0,-0.19881606413013025,1.0
YAGI_AML_WITH_INV_16_TRANSLOCATION,0.9387008023461554,0.0315209864611039,10,0,0.0709830920317817,1.0
DAIRKEE_CANCER_PRONE_RESPONSE_BPA_E2,0.9388011009838017,0.0539623853850956,10,0,-0.10569025548059956,1.0
RIZKI_TUMOR_INVASIVENESS_3D_DN,0.939983099495281,0.215661103979461,10,0,-0.1132920793956568,1.0
NAKAMURA_TUMOR_ZONE_PERIPHERAL_VS_CENTRAL_UP,0.9403142769213662,0.229195088676671,10,0,0.3593590097212956,1.0
WP_BRAINDERIVED_NEUROTROPHIC_FACTOR_BDNF_SIGNALING,0.9405281883442471,0.165509259259259,10,0,-0.008349452049480588,1.0
ACEVEDO_NORMAL_TISSUE_ADJACENT_TO_LIVER_TUMOR_UP,0.9497957780310222,0.357883817427386,10,0,-0.17879484857046996,1.0
WEST_ADRENOCORTICAL_TUMOR_DN,0.951649181152623,0.301255230125523,10,0,-0.04946911332665932,1.0
MARKEY_RB1_ACUTE_LOF_DN,0.9545658068407762,0.0947916666666667,10,0,-0.06931541914000636,1.0
DUTERTRE_ESTRADIOL_RESPONSE_6HR_UP,0.9550832715401495,0.0813008130081301,10,0,0.10740209574883601,1.0
ONKEN_UVEAL_MELANOMA_UP,0.9561571620527882,0.122171945701357,10,0,-0.20785356772358887,1.0
REACTOME_REGULATION_OF_ENDOGENOUS_RETROELEMENTS,0.9580245448087856,0.304301075268817,10,0,0.06939400779690844,1.0
LEE_RECENT_THYMIC_EMIGRANT,0.9609509142240822,0.308401639344262,10,0,0.13308907652330199,1.0
DESERT_STEM_CELL_HEPATOCELLULAR_CARCINOMA_SUBCLASS_UP,0.9618258358144,0.0757575757575758,10,0,-0.08708042141083239,1.0
DURCHDEWALD_SKIN_CARCINOGENESIS_DN,0.9636152340406909,0.137784090909091,10,0,-0.2590144336934281,1.0
DANG_BOUND_BY_MYC,0.9669428558345211,0.0515267175572519,10,0,-0.21887646836763625,1.0
WP_HEPATITIS_B_INFECTION,0.9683844008502714,0.168998923573735,10,0,0.19353497706203945,1.0
BERENJENO_TRANSFORMED_BY_RHOA_DN,0.9685257103571441,0.238161559888579,10,0,-0.17653036861677643,1.0
TONKS_TARGETS_OF_RUNX1_RUNX1T1_FUSION_MONOCYTE_UP,0.9702468558964844,0.34639175257732,10,0,-0.11840811666790371,1.0
CARRILLOREIXACH_HEPATOBLASTOMA_VS_NORMAL_UP,0.9756000068818615,0.0698466780238501,10,0,-0.02072971602296675,1.0
ALFANO_MYC_TARGETS,0.9777177248725704,0.236786469344609,10,0,-0.3382938575336126,1.0
REACTOME_SIGNALING_BY_WNT,0.9778680100966645,0.272117962466488,10,0,-0.263631279288659,1.0
GAUSSMANN_MLL_AF4_FUSION_TARGETS_C_UP,0.9786521685054093,0.0785546566803457,10,0,-0.18829738187854342,1.0
WP_VEGFAVEGFR2_SIGNALING,0.9812032313636422,0.162886597938144,10,0,-0.09293822571839114,1.0
IVANOVA_HEMATOPOIESIS_STEM_CELL_AND_PROGENITOR,0.9818050028880032,0.305755395683453,10,0,-0.23017535713310977,1.0
DOUGLAS_BMI1_TARGETS_UP,0.9818251999355424,0.229681978798587,10,0,-0.13949698906453734,1.0
REACTOME_CELLULAR_SENESCENCE,0.9819299290142224,0.503464203233256,10,0,-0.21215629099859917,1.0
WP_NONALCOHOLIC_FATTY_LIVER_DISEASE,0.9828296050224643,0.290657439446367,10,0,-0.27940318638128436,1.0
BENPORATH_MYC_MAX_TARGETS,0.9829143667736275,0.088,10,0,-0.1681800441448188,1.0
CHEMNITZ_RESPONSE_TO_PROSTAGLANDIN_E2_UP,0.9859195982966193,0.166900420757363,10,0,-0.2191925711595685,1.0
HORIUCHI_WTAP_TARGETS_DN,0.9861145207559823,0.240161453077699,10,0,-0.15897867260704368,1.0
DANG_MYC_TARGETS_UP,0.9897318658125902,0.177897574123989,10,0,-0.1138027052856814,1.0
CHAUHAN_RESPONSE_TO_METHOXYESTRADIOL_DN,0.9907056707574282,0.0968783638320775,10,0,-0.21563536697436075,1.0
WP_REGULATION_OF_ACTIN_CYTOSKELETON,0.9925866308548449,0.10828025477707,10,0,0.0026821823782378906,1.0
HAN_SATB1_TARGETS_DN,0.9945422169755539,0.256287425149701,10,0,-0.1767357322730819,1.0
REACTOME_CLATHRIN_MEDIATED_ENDOCYTOSIS,0.9956383348134522,0.182926829268293,10,0,-0.18890568300073501,1.0
GAVIN_FOXP3_TARGETS_CLUSTER_T7,0.9957509625525114,0.0515191545574637,10,0,-0.10484596388494419,1.0
HATADA_METHYLATED_IN_LUNG_CANCER_UP,0.9963560206075114,0.269647696476965,10,0,-0.07617785657024313,1.0
REACTOME_RHO_GTPASE_CYCLE,0.9991503595210345,0.554192229038855,10,0,-0.35471667785089483,1.0
REACTOME_VESICLE_MEDIATED_TRANSPORT,0.9994830003609813,0.338582677165354,10,0,-0.07754169284501537,1.0
KIM_MYC_AMPLIFICATION_TARGETS_UP,0.9995341478601386,0.455373406193078,10,0,-0.04237092280783682,1.0
WANG_RESPONSE_TO_GSK3_INHIBITOR_SB216763_UP,1.0,0.149367088607595,10,0,-0.11481145717286032,1.0
REACTOME_SRP_DEPENDENT_COTRANSLATIONAL_PROTEIN_TARGETING_TO_MEMBRANE,1.0,0.0002367674507934,10,2,-0.19398545689977628,1.0
LI_AMPLIFIED_IN_LUNG_CANCER,1.0,0.0096136722381137,10,0,-0.1485031908093463,1.0
MEISSNER_NPC_HCP_WITH_H3_UNMETHYLATED,1.0,0.0127998509017257,10,0,-0.12038068984174828,1.0
REACTOME_NERVOUS_SYSTEM_DEVELOPMENT,1.0,0.0001241240807564,10,1,-0.030821247044434303,1.0
REACTOME_MEMBRANE_TRAFFICKING,1.0,0.307954545454546,10,0,-0.07901671411064816,1.0
REACTOME_REGULATION_OF_EXPRESSION_OF_SLITS_AND_ROBOS,1.0,4.67737194215619e-05,10,2,0.02934752527701706,1.0
REACTOME_SELENOAMINO_ACID_METABOLISM,1.0,0.0002327202433426,10,2,-0.20398052889020205,1.0
REACTOME_MAPK_FAMILY_SIGNALING_CASCADES,1.0,0.0113656717101115,10,0,0.023985494624974013,1.0
WP_ALZHEIMERS_DISEASE,1.0,0.103837471783296,10,0,-0.04984316193173668,1.0
WP_ALZHEIMERS_DISEASE_AND_MIRNA_EFFECTS,1.0,0.103837471783296,10,0,-0.04984316193173668,1.0
GRAESSMANN_APOPTOSIS_BY_DOXORUBICIN_DN,1.0,0.0001235671102187,10,1,-0.08323466310841772,1.0
WANG_TUMOR_INVASIVENESS_UP,1.0,0.0372279994434128,10,0,-0.09100465159882602,1.0
BLANCO_MELO_COVID19_SARS_COV_2_INFECTION_A594_ACE2_EXPRESSING_CELLS_UP,1.0,0.028370884945804,10,0,-0.06782388361315145,1.0
BERGER_PLATELET_HYPERREACTIVITY_PRESS_DOWN,1.0,0.0478951387776792,10,0,-0.036763705955889625,1.0
WP_FATTY_ACID_AND_LIPOPROTEIN_TRANSPORT_IN_HEPATOCYTES,1.0,0.0170052959784555,10,0,0.11791504725625832,1.0
IBRAHIM_NRF2_UP,1.0,0.0221148563309442,10,0,0.24884678510522584,1.0
ZHONG_SECRETOME_OF_LUNG_CANCER_AND_ENDOTHELIUM,1.0,0.0144506363686749,10,0,-0.2612994948033801,1.0
WP_RAS_SIGNALING,1.0,0.151270207852194,10,0,-0.01130697689860849,1.0
