pathway,fisher_pval,stouffer_pval,min_pval,n_timepoints,n_significant,mean_NES,fisher_padj
GOCC_CONTRACTILE_MUSCLE_FIBER,2.363648566276266e-59,2.0500509504229546e-54,5.20865236978019e-17,10,8,-0.032518846424819704,1.529280622380744e-56
GOCC_I_BAND,8.935319261619711e-36,1.2858336211312553e-33,3.25688172653327e-10,10,8,0.11296000181952404,2.8905757811339766e-33
GOBP_MUSCLE_SYSTEM_PROCESS,1.678144740024187e-34,2.60388430461325e-31,5.882461748105339e-11,10,7,-0.21421535982045287,3.6191988226521633e-32
GOBP_MUSCLE_CONTRACTION,2.862797207545185e-34,1.9458340326520717e-29,8.296597346627449e-11,10,7,-0.21863766337634924,4.6305744832043366e-32
GOBP_STRIATED_MUSCLE_CONTRACTION,6.240969530538587e-26,7.539814502917017e-26,1.52421406629659e-07,10,6,-0.252025504999944,6.729845477097444e-24
GOBP_CARDIAC_MUSCLE_CONTRACTION,6.240969530538587e-26,7.539814502917017e-26,1.52421406629659e-07,10,6,-0.252025504999944,6.729845477097444e-24
GOBP_MUSCLE_CELL_DEVELOPMENT,3.475113086013618e-25,4.5154933314153255e-21,5.17622682094568e-07,10,7,-0.08534316132761566,3.21199738092973e-23
GOBP_HEART_PROCESS,1.0190233270833976e-24,4.948211394575901e-25,2.2437806189331e-06,10,7,-0.245158297015947,8.241351157786978e-23
GOBP_STRIATED_MUSCLE_CELL_DIFFERENTIATION,3.160200480647402e-24,1.3439134748440182e-22,1.60681110554806e-06,10,6,-0.11843637989054753,2.2718330121987437e-22
GOBP_CELLULAR_COMPONENT_ASSEMBLY_INVOLVED_IN_MORPHOGENESIS,3.689167871509209e-24,1.0612062030901054e-20,3.34972979325554e-07,10,8,-0.11660585834152704,2.386891612866458e-22
GOBP_CIRCULATORY_SYSTEM_PROCESS,4.214906076676954e-24,7.064944174479267e-24,2.52435815338624e-06,10,6,-0.049299916055258276,2.479131119645445e-22
GOBP_ACTIN_FILAMENT_BASED_MOVEMENT,8.773821699801348e-23,4.996631971813731e-22,4.85700820016301e-08,10,5,-0.20313597122666693,4.7305521998095605e-21
GOBP_MUSCLE_ORGAN_DEVELOPMENT,3.918280985989706e-21,4.018875181420626e-23,1.50333400797823e-05,10,5,-0.26438865985470095,1.9500983061041075e-19
GOCC_SUPRAMOLECULAR_POLYMER,6.781120679341886e-21,3.1165745401363737e-18,1.6078375649193202e-09,7,4,0.11344176417474164,3.1338464853815716e-19
GOBP_MUSCLE_STRUCTURE_DEVELOPMENT,2.2283357081261805e-19,7.418154658178468e-20,4.52757068517328e-06,7,4,-0.14199979299235999,9.611554687717591e-18
GOBP_MUSCLE_CELL_DIFFERENTIATION,7.518007682083227e-19,7.741851919863316e-18,6.73855712134051e-06,10,6,-0.1573272609266123,3.040094356442405e-17
GOBP_CARDIAC_MUSCLE_TISSUE_DEVELOPMENT,1.8898408730866896e-17,2.19394643565083e-19,8.20372321110134e-06,10,4,-0.252472619938799,7.192512028747577e-16
GOBP_MUSCLE_TISSUE_DEVELOPMENT,7.73933016518268e-17,1.2798127032458873e-18,1.63658219036196e-05,10,4,-0.25098051303926494,2.7818592315962186e-15
GOBP_ACTOMYOSIN_STRUCTURE_ORGANIZATION,1.0005225641141933e-15,9.529926822890607e-14,8.52602145991604e-06,10,5,-0.18991503476187993,3.4070426262204376e-14
GOBP_REGULATION_OF_SYSTEM_PROCESS,2.937660653447184e-13,5.676130594453565e-14,3.78282792511895e-05,10,3,-0.1903813087886032,9.503332213901642e-12
GOCC_SUPRAMOLECULAR_COMPLEX,1.3367696696131928e-12,1.9902972846022226e-08,1.46214897724853e-08,7,3,-0.16834896669563973,4.118523696379694e-11
GOMF_ACTIN_BINDING,2.4289525913755693e-12,6.370479299982206e-11,9.37353877791081e-07,10,3,-0.44565629943091933,7.143328757363606e-11
GOCC_ACTIN_CYTOSKELETON,4.0000765401383447e-11,2.0352847177613936e-09,3.56166806960927e-05,7,4,-0.17927297342965656,1.1252389223780474e-09
GOBP_HEART_MORPHOGENESIS,2.24282875901493e-10,1.1504584102864957e-11,0.0003693916709368,10,2,-0.21324825997420302,6.046292529511083e-09
GOMF_STRUCTURAL_MOLECULE_ACTIVITY,2.4459190557465324e-09,1.1114163041926203e-05,1.48391893721962e-05,8,3,-0.25332884221904056,6.330038516272025e-08
GOMF_CALCIUM_ION_BINDING,2.5231567458173156e-08,2.5393570459351746e-07,0.0001553811297222,10,2,-0.18326888724828655,6.278778517476166e-07
GOBP_CARDIAC_VENTRICLE_DEVELOPMENT,1.263712419787598e-07,2.6879449314917706e-09,0.0065809210691094,10,0,-0.17964882659322792,3.028229391120651e-06
GOCC_ACTIN_FILAMENT,1.8376287368854e-07,2.264018968189891e-08,0.0001750901853255,10,1,-0.029912280005634017,4.246234974160193e-06
GOBP_CARDIAC_CHAMBER_MORPHOGENESIS,3.4947945426073274e-07,9.986612234779407e-09,0.0062020256566204,10,0,-0.16651408099924114,7.79700713471359e-06
GOCC_POLYMERIC_CYTOSKELETAL_FIBER,2.116309263269785e-06,0.0007636152158423193,0.0003922221904524,8,2,-0.1716367328276615,4.5641736444518356e-05
GOBP_HEART_DEVELOPMENT,2.4636844076024637e-06,7.471147292431861e-06,0.0002755627276155,9,1,0.0838115419725461,5.1419477797380454e-05
GOBP_CIRCULATORY_SYSTEM_DEVELOPMENT,2.6872790900712446e-06,0.00010404868839945416,0.0001551262036416,9,1,-0.1547116890266338,5.4333424102377975e-05
GOBP_CARDIAC_CHAMBER_DEVELOPMENT,5.687471210309004e-06,2.431584996577748e-07,0.0047117462924825,10,0,-0.16011998212109602,0.0001115089052445432
GOBP_MEMBRANELESS_ORGANELLE_ASSEMBLY,6.625573819318476e-06,4.221494776694587e-06,6.7982603266793e-05,8,1,0.1359342015539191,0.00012608077238526627
GOCC_ACTOMYOSIN,8.690964659414562e-06,1.1734786812967933e-05,0.0047615781885479,10,0,-0.13017247505372087,0.00015619594818447837
GOCC_ACTIN_FILAMENT_BUNDLE,8.690964659414562e-06,1.1734786812967933e-05,0.0047615781885479,10,0,-0.13017247505372087,0.00015619594818447837
GOBP_ANIMAL_ORGAN_MORPHOGENESIS,1.2460202760659117e-05,0.0006147490660601138,0.0002244306300632,8,2,-0.21218374415318128,0.00021788516719314726
GOBP_TISSUE_MORPHOGENESIS,1.5501606628151116e-05,7.069058906953032e-06,0.0001163318376144,8,1,0.016715321049417475,0.0002639352496950993
GOCC_LARGE_RIBOSOMAL_SUBUNIT,5.127186803814671e-05,0.03206636099351272,1.72096599993164e-06,10,1,-0.013117085340644773,0.0008505871441200236
GOMF_STRUCTURAL_CONSTITUENT_OF_RIBOSOME,7.041931024613204e-05,0.018111986020729814,7.2582311419768e-05,10,2,-0.13834826792432237,0.0011390323432311858
GOCC_RIBOSOMAL_SUBUNIT,7.654626608923763e-05,0.007552816255525274,7.09160292735317e-05,9,2,-0.06829188823163769,0.0012079374185301646
GOBP_ACTIN_FILAMENT_BASED_PROCESS,0.00010644369237869082,0.0006015388194071054,0.0015004237880965,7,1,-0.44746629230593504,0.0016397397373574517
GOCC_CYTOSOLIC_LARGE_RIBOSOMAL_SUBUNIT,0.00013353869116031962,0.026909861649999003,1.40071912046673e-05,10,1,-0.1673825557178958,0.0020092914693192274
GOMF_CYTOSKELETAL_PROTEIN_BINDING,0.00013958766781523455,0.0006291870232497847,0.0004474986188259,7,1,-0.4867260592647439,0.002052573206283108
GOCC_CYTOSOLIC_RIBOSOME,0.00015677067371564025,1.0,5.16353572637485e-05,10,2,-0.10118035662226292,0.0022540139087559832
GOCC_CATALYTIC_COMPLEX,0.0002508224463458906,0.0002036155961021879,0.001224148231351,10,1,-0.012282323438338127,0.0035278722344737217
GOMF_ACTIN_FILAMENT_BINDING,0.00028234955603755627,0.00019735570518089788,0.0036596406782056,10,0,-0.34205649943197586,0.0038868119735382747
GOCC_CHROMATIN,0.0005903584133226,0.00013689955420556092,0.0080040617400976,10,0,-0.013393050456790201,0.007823153620180254
GOCC_NUCLEAR_PROTEIN_CONTAINING_COMPLEX,0.0005924799495963407,0.007897825634508273,0.0033146445993469,10,0,0.05531044873685809,0.007823153620180254
GOBP_PROTEIN_TARGETING,0.0006253056245854416,0.000827537843497709,0.0028681121957782,10,0,-0.25056970033052856,0.008068349724158692
GOBP_ESTABLISHMENT_OF_PROTEIN_LOCALIZATION_TO_ORGANELLE,0.0006359904728471303,0.0005545121812119954,0.0020963599411894,10,0,-0.023820247623713042,0.008068349724158692
GOBP_CELLULAR_RESPIRATION,0.0009016595978978759,0.004400101740483624,0.0005252149629546,10,1,-0.5517773859912356,0.011218726150767803
GOMF_DNA_BINDING_TRANSCRIPTION_ACTIVATOR_ACTIVITY,0.00119440660140983,0.0007096634977136512,0.0053832700153471,10,0,0.0212837474930311,0.01458077492664453
GOBP_CYTOSKELETON_ORGANIZATION,0.0014855722105320515,0.0748929360758016,0.0011185240205269,8,1,-0.1246822941528467,0.017799355929893283
GOMF_MACROMOLECULAR_CONFORMATION_ISOMERASE_ACTIVITY,0.001767776918338565,0.0051049381488651666,0.0055621866491014,10,0,-0.06841957081877761,0.020795484839364574
GOBP_NEGATIVE_REGULATION_OF_TRANSCRIPTION_BY_RNA_POLYMERASE_II,0.0019372555774495202,0.0006963398000189608,0.0200361764367463,10,0,-0.182323216049728,0.022382220689461423
GOBP_SUPRAMOLECULAR_FIBER_ORGANIZATION,0.0027790306262848166,0.009896630424150893,0.0021696637928424,7,0,-0.4302535860659492,0.031544435354496074
GOMF_DNA_BINDING_TRANSCRIPTION_FACTOR_ACTIVITY,0.003117597442442787,0.00104464778556795,0.0158475162472266,10,0,-0.005353716508694562,0.03477733698724971
GOBP_NEGATIVE_REGULATION_OF_RNA_METABOLIC_PROCESS,0.0034533688952057677,0.0008774257704045815,0.0184741928991579,10,0,-0.1968064241559266,0.03786999449488359
GOBP_CYTOPLASMIC_TRANSLATION,0.004425919539446645,0.04130408085323941,0.0002493301529769,9,1,-0.08847630922870389,0.04772616570036632
GOMF_SEQUENCE_SPECIFIC_DNA_BINDING,0.004833766746467139,0.013442715501101703,0.03,10,0,-0.20194488157499518,0.051269624343676046
GOBP_POSITIVE_REGULATION_OF_TRANSCRIPTION_BY_RNA_POLYMERASE_II,0.005184089275121155,0.0019631554011401422,0.0106969485633605,10,0,-0.24076107829330043,0.05409848001618367
GOMF_UBIQUITIN_LIKE_PROTEIN_LIGASE_BINDING,0.005456662256467893,0.007212185961342869,0.0087602848351191,10,0,-0.07568245088215024,0.05518745229979236
GOBP_RNA_SPLICING_VIA_TRANSESTERIFICATION_REACTIONS,0.00545903701265334,0.0031104180319843086,0.0107988756823265,10,0,0.010474887827713508,0.05518745229979236
GOBP_PROTEIN_MODIFICATION_BY_SMALL_PROTEIN_CONJUGATION,0.005728872610227971,0.0015269243170608938,0.0042763808473607,10,0,-0.08959981796152612,0.05702431659719226
GOBP_CELL_DIVISION,0.006042693644978716,0.010276182073617952,0.0043720268027947,10,0,-0.2277581984288637,0.05923670891365499
GOBP_CELL_CELL_ADHESION,0.006852509548126213,1.0,0.0005638205142382,10,1,0.14812937473796114,0.06617274145727851
GOCC_PIGMENT_GRANULE,0.00809117445828001,0.00791231979507146,0.0023310567861194,10,0,0.12233407825603579,0.07698514521334068
GOBP_NEGATIVE_REGULATION_OF_NUCLEOBASE_CONTAINING_COMPOUND_METABOLIC_PROCESS,0.010683651162315328,0.0015535780918445557,0.0329375711906117,10,0,-0.22159101032523756,0.10017858408721765
GOBP_ORGANELLE_LOCALIZATION,0.011198381929008678,0.09261145494387563,0.000343491373588,10,1,0.04150029738122609,0.10350504440098021
GOBP_CELL_ADHESION,0.012005966227719482,0.0648152824380117,0.0018007875456216,9,0,0.2512723917608126,0.10940648097654232
GOCC_ORGANELLE_ENVELOPE,0.012593586801328225,0.022104997733018165,0.0055299916524238,10,0,-0.2422616152285934,0.1131673702841578
GOCC_RIBONUCLEOPROTEIN_COMPLEX,0.014036164097602721,0.032885350314891044,0.0074756911457796,10,0,-0.030481556221549688,0.12440271467327343
GOBP_INTRACELLULAR_PROTEIN_TRANSPORT,0.014794120284945422,0.004903558474094595,0.0203512371482036,10,0,-0.03177495781197663,0.12934859222107686
GOBP_DEVELOPMENTAL_GROWTH,0.014997695078901025,0.13507700907015896,0.0007478441104334,10,1,-0.044638398963125936,0.12938011621398618
GOMF_ACYLTRANSFERASE_ACTIVITY,0.016104141259597454,0.17505623611589416,0.0029845510861177,10,0,-0.11174319309932375,0.13709709730209937
GOMF_CADHERIN_BINDING,0.016965084967659846,0.031683798348320795,0.0028713026210994,10,0,-0.13168322862671997,0.14255077888410286
GOBP_POSITIVE_REGULATION_OF_CELL_DIFFERENTIATION,0.017657638970077754,0.006026227397281751,0.0267550774069779,10,0,-0.10192536266129355,0.14586374938515334
GOBP_POST_TRANSLATIONAL_PROTEIN_MODIFICATION,0.017810256880103733,0.007725769030855471,0.0031075101196281,10,0,-0.08156733591847229,0.14586374938515334
GOBP_INTRACELLULAR_RECEPTOR_SIGNALING_PATHWAY,0.018837407565417557,0.02391153288884642,0.0254263520825392,10,0,0.030039034313331037,0.15234753368531448
GOCC_RIBOSOME,0.019748524226967986,0.16154711544598138,0.0004721018218663,9,0,-0.1094756002471129,0.15774438487467018
GOCC_EARLY_ENDOSOME,0.02313266769206993,0.011313967047991539,0.0156456925514532,10,0,0.2418627599278116,0.182522390204503
GOBP_GAMETE_GENERATION,0.025286510196495537,0.07771361970181372,0.0079440551006613,10,0,0.09239226767982871,0.19352640347121325
GOCC_MITOCHONDRION,0.02537914805596809,0.05965655130243579,0.0031380791170012,10,0,-0.0893398036040189,0.19352640347121325
GOMF_RNA_POLYMERASE_II_TRANSCRIPTION_REGULATORY_REGION_SEQUENCE_SPECIFIC_DNA_BINDING,0.025424643423575154,0.03192408822696459,0.0210404918868859,10,0,-0.03535247988782651,0.19352640347121325
GOBP_CELL_CELL_SIGNALING,0.026331377163572638,0.06506207280957406,0.011102094176394,10,0,-0.1264003522294566,0.19738036661099584
GOMF_ENZYME_ACTIVATOR_ACTIVITY,0.026541100301633137,0.02664348996094018,0.0116092840047017,10,0,-0.20492455948220498,0.19738036661099584
GOBP_POSITIVE_REGULATION_OF_MAPK_CASCADE,0.027033680806329882,0.11321235645598027,0.0127974762633685,10,0,0.345961693774871,0.19870515835024913
GOBP_MITOCHONDRION_ORGANIZATION,0.027333476187283108,0.029898725146000966,0.0131568489094732,10,0,-0.11545964416168034,0.19870515835024913
GOBP_MRNA_PROCESSING,0.028077431652435435,0.029736817828769947,0.0056694949917459,10,0,0.006024556256844294,0.20092457129635907
GOBP_POSITIVE_REGULATION_OF_RNA_METABOLIC_PROCESS,0.028259870151419897,0.012710432289285716,0.0166718744695258,10,0,-0.27116276630459574,0.20092457129635907
GOBP_PATTERN_SPECIFICATION_PROCESS,0.02930003406093551,0.020466440384811463,0.01092551494939,10,0,-0.14153427043829747,0.20605567431983993
GOMF_CIS_REGULATORY_REGION_SEQUENCE_SPECIFIC_DNA_BINDING,0.03001843135516993,0.03081577884382818,0.0333333333333333,10,0,-0.050010678052263245,0.20883790415908543
GOMF_UBIQUITIN_LIKE_PROTEIN_LIGASE_ACTIVITY,0.030657575845287822,0.02450599613881525,0.0158944257999414,10,0,0.18885377302765488,0.21062643321034852
GOBP_CELLULAR_RESPONSE_TO_RADIATION,0.030926601476017168,0.06953468576897477,0.0189325852020872,10,0,-0.09371994009237465,0.21062643321034852
GOBP_SENSORY_ORGAN_MORPHOGENESIS,0.0313301866197543,0.005383519395981562,0.0920679886685552,10,0,0.019986961865549113,0.21115240357271908
GOMF_HYDROLASE_ACTIVITY_ACTING_ON_ACID_ANHYDRIDES,0.03333185823570069,0.013529647449415632,0.0202693743831781,10,0,0.005408397787631069,0.2223269307061685
GOBP_EXTRINSIC_APOPTOTIC_SIGNALING_PATHWAY,0.03480747930925125,0.015047449665781091,0.0189494333553747,10,0,0.006435331592031824,0.22980039911311795
GOMF_HISTONE_BINDING,0.03517938604765756,0.02600016541201259,0.0017138075238913,10,0,0.047112899946073906,0.22990972497812565
GOBP_CELLULAR_RESPONSE_TO_ABIOTIC_STIMULUS,0.0401035503404329,0.18280265342846724,0.0133965116352015,10,0,0.008693341882431005,0.2572370790976528
GOBP_RESPONSE_TO_NUTRIENT_LEVELS,0.04015602007552231,0.015560293079856574,0.00698204225742,10,0,0.02159137783307539,0.2572370790976528
GOBP_CELLULAR_RESPONSE_TO_HORMONE_STIMULUS,0.043513620127002384,0.10267571253442054,0.0019651043390567,10,0,0.1346359736429392,0.2760128649232406
GOCC_INTRACELLULAR_PROTEIN_CONTAINING_COMPLEX,0.04678264008969938,0.10382361618300462,0.0044077055024717,10,0,-0.12652823502798988,0.29383494023009804
GOCC_MITOCHONDRIAL_ENVELOPE,0.04734873665411758,0.16570516730745677,0.0079936046625606,10,0,-0.11881564443429901,0.29383494023009804
GOMF_MOLECULAR_FUNCTION_ACTIVATOR_ACTIVITY,0.04768573218571916,0.025621238283411903,0.0178680722225799,10,0,-0.19272670260841757,0.29383494023009804
GOBP_RNA_PROCESSING,0.04893614171050919,0.19005886135248068,0.0115945805316871,10,0,-0.12615390677233737,0.29680689728385934
GOBP_SEXUAL_REPRODUCTION,0.04908553015359034,0.0446586702447161,0.0110614235810495,10,0,0.13923937831996908,0.29680689728385934
GOBP_REGULATION_OF_INTRACELLULAR_TRANSPORT,0.04988827061956231,0.1214268681695041,0.0036995966172151,10,0,0.00603610331924651,0.2988676952857112
GOMF_ATP_HYDROLYSIS_ACTIVITY,0.051933790493543616,0.04388830961881297,0.0268785149036653,10,0,0.019332238793408996,0.3082675454066304
GOMF_CHROMATIN_BINDING,0.05429356230709711,0.04602684774907562,0.0523255813953488,10,0,0.0367866421739594,0.3192583146323849
GOBP_RNA_SPLICING,0.05477229200030097,0.012324277253250372,0.0385015608740895,10,0,0.01708684371168432,0.3192583146323849
GOBP_MONOSACCHARIDE_METABOLIC_PROCESS,0.05766431288944398,0.03574081458204579,0.0086033799777033,10,0,0.03373475958785488,0.33311437892384155
GOMF_TRANSCRIPTION_REGULATOR_ACTIVITY,0.0592183128434792,0.050157851493152064,0.0075552493019337,10,0,-0.030046860406072663,0.3390641452188588
GOMF_CELL_ADHESION_MOLECULE_BINDING,0.06363479227715234,0.09445042129684206,0.0119138790747073,10,0,-0.052860559597987564,0.36115535616945227
GOBP_RESPONSE_TO_ABIOTIC_STIMULUS,0.06604098230506618,0.03146432363343408,0.0389221556886228,10,0,-0.0891782317832405,0.37155230914241577
GOBP_PROTEIN_LOCALIZATION_TO_ORGANELLE,0.06880870656013335,0.04756470011689631,0.0398706896551724,10,0,-0.19616769679177484,0.38378649262419207
GOBP_EMBRYONIC_MORPHOGENESIS,0.06978337826261213,0.04890962495480056,0.0184690152258236,10,0,-0.3854660258966518,0.3858961174009406
GOBP_EPITHELIAL_TUBE_MORPHOGENESIS,0.073302151904976,0.06823830220988271,0.0099477569871299,10,0,-0.3549180120297738,0.40191942612304643
GOMF_CATALYTIC_ACTIVITY_ACTING_ON_RNA,0.07750890902672644,0.04679877715953834,0.008625382564362,10,0,0.1360693629329112,0.42141398437220173
GOBP_POSITIVE_REGULATION_OF_SMALL_MOLECULE_METABOLIC_PROCESS,0.07980931718512248,0.0363940599103213,0.019900337138895,10,0,0.00636306051301404,0.430305235156452
GOBP_MALE_GAMETE_GENERATION,0.08156992381380995,0.2740591115715756,0.0209429978392492,10,0,0.0903686974088949,0.4361631463432648
GOBP_CELL_CYCLE,0.08491801099226988,0.05452100910074762,0.032967032967033,10,0,-0.14635559830218653,0.45034387796720177
GOBP_REGULATION_OF_CELLULAR_COMPONENT_SIZE,0.08576412742779192,0.07755700282694143,0.0195779580024275,10,0,-0.20204715398686246,0.45113325565675916
GOCC_MITOCHONDRIAL_PROTEIN_CONTAINING_COMPLEX,0.08821976761716938,1.0,0.0026064810456664,10,0,0.1284524678876326,0.4603079810347467
GOBP_MULTICELLULAR_ORGANISMAL_REPRODUCTIVE_PROCESS,0.09153472698400987,0.15188357782514045,0.0098964824578487,10,0,0.2660996247458388,0.4737837468692351
GOBP_VACUOLE_ORGANIZATION,0.09272278054152631,0.1420030217074814,0.0122151371576226,10,0,0.05119793611320726,0.476124119129901
GOMF_ISOMERASE_ACTIVITY,0.09491722837682726,0.13066433160107793,0.0275176727912158,10,0,-0.176517528225356,0.48355469889611996
GOCC_SPINDLE,0.09644276302163092,0.022323891073576105,0.0656934306569343,10,0,-0.18073520329288392,0.4874880287109001
GOBP_RESPONSE_TO_METAL_ION,0.09835399776373734,0.046138783288284246,0.0231679658504432,10,0,-0.0004006668827504223,0.49329485700107023
GOBP_NEGATIVE_REGULATION_OF_DEVELOPMENTAL_PROCESS,0.10098797840076955,0.19667968120107537,0.0096540744120648,10,0,-0.0687462209180799,0.5026094001945992
GOCC_MICROTUBULE_CYTOSKELETON,0.10283668142068142,0.05126043601001037,0.058941058941059,10,0,-0.18787093002432342,0.5079033044212281
GOMF_AMINOACYLTRANSFERASE_ACTIVITY,0.10938666537413921,0.09837478667136512,0.0413175997477218,10,0,-0.06758629697266881,0.5361603977050612
GOBP_MODIFICATION_DEPENDENT_MACROMOLECULE_CATABOLIC_PROCESS,0.11218994831673597,0.05758496294732709,0.0135646072423215,10,0,-0.1040005962301579,0.541852473292359
GOBP_RESPONSE_TO_CARBOHYDRATE,0.11222292337121499,0.06160849219943928,0.0362608425876629,10,0,-0.11650620193668633,0.541852473292359
GOBP_AMINO_ACID_METABOLIC_PROCESS,0.11350214523063511,0.14098898205741783,0.0163870920939133,10,0,-0.009022798399068454,0.5428934985030417
GOCC_NUCLEAR_ENVELOPE,0.11411671684144307,0.044200364786860465,0.0600203458799593,10,0,-0.2046572757422333,0.5428934985030417
GOCC_ANCHORING_JUNCTION,0.11786634529396514,0.850256813063567,0.0075338337193973,10,0,-0.13721704949155752,0.5536736743198759
GOCC_TRANSFERASE_COMPLEX,0.11809423038043722,0.07351781709266315,0.030060120240481,10,0,-0.1278136423759026,0.5536736743198759
GOBP_REGULATION_OF_CELL_DIFFERENTIATION,0.11949333043384323,0.15047319876406007,0.0132842299283059,10,0,-0.2490052842867017,0.5562027682783927
GOBP_RESPONSE_TO_RADIATION,0.1209269192369523,0.04853296297525327,0.0549338758901322,10,0,-0.0731119244036665,0.5588551196164867
GOBP_POSITIVE_REGULATION_OF_DEVELOPMENTAL_PROCESS,0.12300903447217622,0.07906384221858265,0.036,10,0,-0.054729523243414936,0.5615210377904702
GOBP_GLAND_DEVELOPMENT,0.12405914012241466,0.2810284741737664,0.0037179912340138,10,0,0.0280243440104325,0.5615210377904702
GOBP_DEVELOPMENTAL_PROCESS_INVOLVED_IN_REPRODUCTION,0.12480537466920094,0.15700453606480436,0.0034682997267085,10,0,-0.03638025325877799,0.5615210377904702
GOBP_NEGATIVE_REGULATION_OF_MOLECULAR_FUNCTION,0.12497531598427776,0.45186974219899617,0.0061010391441389,10,0,-0.18504086947309722,0.5615210377904702
GOMF_ENDOPEPTIDASE_ACTIVITY,0.1267234404617452,0.07152713343846454,0.0325,10,0,0.20121608210256206,0.5654487308879251
GOBP_REGULATION_OF_CELL_CYCLE,0.12909809883802376,0.06123027888079266,0.0426829322604727,10,0,-0.15933415404699997,0.572099109234256
GOMF_CATALYTIC_ACTIVITY_ACTING_ON_A_NUCLEIC_ACID,0.13183310229011813,0.06115378122002331,0.0393541876892028,10,0,0.11840439887492082,0.5771934038485587
GOBP_ATP_METABOLIC_PROCESS,0.13203187599627,0.28401145742671874,0.0070844513398966,10,0,-0.3153168959892036,0.5771934038485587
GOBP_CELL_SURFACE_RECEPTOR_PROTEIN_SERINE_THREONINE_KINASE_SIGNALING_PATHWAY,0.13618698880553867,0.18270241387347247,0.0020028920152817,10,0,0.10704223148786203,0.5886538142547759
GOCC_UBIQUITIN_LIGASE_COMPLEX,0.13647306358302377,0.09094835602720258,0.0266524520255864,10,0,0.22614188491707976,0.5886538142547759
GOMF_NUCLEASE_ACTIVITY,0.13903528869565146,0.2000269432017543,0.0255861939918597,10,0,0.01731710400422648,0.5957339853383212
GOBP_LIPID_METABOLIC_PROCESS,0.14703299863044064,0.17779842099330517,0.0181438647227081,10,0,-0.05401119378999044,0.6258575665387835
GOBP_PROTEIN_LOCALIZATION_TO_NUCLEUS,0.1483614419845543,0.07107408673171622,0.0619684082624544,10,0,0.10583683297164388,0.6273846598954682
GOBP_POSITIVE_REGULATION_OF_DNA_METABOLIC_PROCESS,0.15486154233850305,0.15276446108470132,0.0129852879042637,10,0,0.10003155298347047,0.6474556081804476
GOBP_STEM_CELL_DIFFERENTIATION,0.15510914879129734,0.15049399178994016,0.0312206999135651,10,0,-0.19332772602476858,0.6474556081804476
GOBP_MITOTIC_CELL_CYCLE_PHASE_TRANSITION,0.1577587530787711,0.25014837608303064,0.0122975769215068,10,0,-0.08118865988661203,0.651411993753752
GOMF_GTPASE_ACTIVITY,0.1583017716022101,0.19084034037014475,0.0075244202894812,10,0,0.005402920482313544,0.651411993753752
GOBP_POSITIVE_REGULATION_OF_CATABOLIC_PROCESS,0.15907742660447113,0.4708271557031213,0.0124934783762225,10,0,-0.013205011801462408,0.651411993753752
GOBP_MICROTUBULE_BASED_TRANSPORT,0.161765433019664,0.14995480703852387,0.0509554140127389,10,0,-0.1975574598645214,0.6582530513441673
GOBP_RESPONSE_TO_STEROID_HORMONE,0.1629952504013521,0.0404473128983408,0.0418410041841004,10,0,0.05489137785095601,0.6591120438104675
GOMF_KINASE_REGULATOR_ACTIVITY,0.1666496371558131,0.12502771808935603,0.0325312794229928,10,0,-0.09471099065695181,0.6697038213652862
GOMF_GUANYL_NUCLEOTIDE_BINDING,0.16774422553154297,0.18906642868329726,0.0133324052127739,10,0,-0.0036518149591262318,0.6699414439438783
GOBP_PEPTIDYL_AMINO_ACID_MODIFICATION,0.17254184902239889,0.21925566337092572,0.0373831775700935,10,0,0.08464396260522393,0.6830421366274462
GOBP_ESTABLISHMENT_OF_ORGANELLE_LOCALIZATION,0.17313587389011,0.25319579060249736,0.0149212282118871,10,0,0.19065855655640623,0.6830421366274462
GOBP_NEGATIVE_REGULATION_OF_CELL_DIFFERENTIATION,0.17422341591721824,0.12847938814675475,0.0205152221959833,10,0,-0.0659529789385237,0.683166970293577
GOCC_CELL_CELL_JUNCTION,0.17690928260791552,0.3109306475725425,0.0072249344765138,10,0,-0.2639369641871253,0.6868260183957091
GOBP_SIGNAL_TRANSDUCTION_BY_P53_CLASS_MEDIATOR,0.17727966780847518,0.42204072586722474,0.03431596754517,10,0,0.11352729630430317,0.6868260183957091
GOBP_MEMBRANE_ORGANIZATION,0.1788715141181614,0.06342920161855353,0.147921760391198,10,0,-0.1597518888108808,0.6888682716336335
GOBP_REGULATION_OF_RESPONSE_TO_EXTERNAL_STIMULUS,0.1802517927828156,0.2596862381890017,0.0087924227797325,10,0,0.031095747226526214,0.6896988030763371
GOBP_ENERGY_DERIVATION_BY_OXIDATION_OF_ORGANIC_COMPOUNDS,0.18182947792858967,0.18594938636992336,0.0422188045895725,10,0,-0.21692347424430344,0.6896988030763371
GOBP_POSITIVE_REGULATION_OF_CELL_CELL_ADHESION,0.18228515506345233,0.2196999961623668,0.0142330799046151,10,0,0.04936349404682032,0.6896988030763371
GOBP_ESTABLISHMENT_OF_PROTEIN_LOCALIZATION,0.18459770454748808,0.08693177460426571,0.0270426733068881,10,0,-0.2147425122784803,0.694387876989679
GOBP_CELL_CYCLE_PROCESS,0.18923715776885486,0.11421687591974466,0.025974025974026,10,0,-0.16638885858607694,0.7064762379572476
GOBP_CARBOHYDRATE_BIOSYNTHETIC_PROCESS,0.189995155184793,0.22251085228299422,0.0053775672076176,10,0,-0.02601576105731951,0.7064762379572476
GOBP_MITOCHONDRIAL_GENE_EXPRESSION,0.1922068660843971,0.11107245600331034,0.0560846560846561,10,0,0.06468912325988943,0.7106162420377424
GOCC_TRANSFERASE_COMPLEX_TRANSFERRING_PHOSPHORUS_CONTAINING_GROUPS,0.19607745350522676,0.06535113463570624,0.103806228373702,10,0,-0.00935812624227117,0.7175686027314097
GOBP_REGULATION_OF_MULTICELLULAR_ORGANISMAL_DEVELOPMENT,0.19630547555403327,0.11072725686444412,0.022453920873007,10,0,-0.03133558106174896,0.7175686027314097
GOBP_NEGATIVE_REGULATION_OF_GENE_EXPRESSION,0.19815932173841247,0.13752557338728072,0.0157707171400236,10,0,-0.21194208027340408,0.7202757368806341
GOBP_RESPONSE_TO_OXYGEN_LEVELS,0.20209871515723218,0.17683849388395578,0.067238912732475,10,0,-0.020553407925048527,0.7241292643204471
GOBP_SKELETAL_SYSTEM_DEVELOPMENT,0.2024246844870742,0.0949479582601811,0.113660062565172,10,0,-0.33749538846912464,0.7241292643204471
GOBP_POSITIVE_REGULATION_OF_EPITHELIAL_CELL_PROLIFERATION,0.20257712031221164,0.11896953613241124,0.043026706231454,10,0,-0.028489268373566246,0.7241292643204471
GOBP_REPRODUCTIVE_PROCESS,0.20454320412358157,0.12148375962297958,0.033187566735408,10,0,-0.02122889049840132,0.7271398520217434
GOBP_INTRACELLULAR_TRANSPORT,0.20735572706364153,0.11599379836130602,0.100202429149798,10,0,-0.21006041266570605,0.7331101388534211
GOBP_RESPONSE_TO_OXYGEN_CONTAINING_COMPOUND,0.2125366357065006,0.4441109250617935,0.0404040404040404,10,0,-0.24437488524675494,0.7473434962070972
GOCC_CELL_SURFACE,0.21751479425951786,0.36450223104296176,0.043360433604336,10,0,0.2389340679095217,0.7514310435002958
GOBP_CELLULAR_RESPONSE_TO_LIPID,0.21830683613243912,0.22906672634036968,0.0515463917525773,10,0,0.16957945126888668,0.7514310435002958
GOBP_ANATOMICAL_STRUCTURE_FORMATION_INVOLVED_IN_MORPHOGENESIS,0.21876972182192045,0.3885884897101214,0.0178260268946464,10,0,-0.21408535442566415,0.7514310435002958
GOBP_REGULATION_OF_CELL_CELL_ADHESION,0.22064616480558666,0.6914350561500887,0.0048743988856343,10,0,0.06342167873243151,0.7514310435002958
GOBP_MRNA_METABOLIC_PROCESS,0.22126212529275455,0.2923332195288214,0.0511534603811434,10,0,-0.30813498374201076,0.7514310435002958
GOMF_MRNA_3_UTR_BINDING,0.22157006957603131,0.27726161987752174,0.0199311498949779,10,0,-0.012902636214055806,0.7514310435002958
GOCC_NUCLEAR_BODY,0.22182894792667157,0.32912326250711044,0.0304939616956757,10,0,0.13378459587541008,0.7514310435002958
GOBP_LEUKOCYTE_CELL_CELL_ADHESION,0.2270550046134949,0.4909871702066076,0.0107309935354003,10,0,0.16849698412434072,0.7598146720831159
GOCC_PLASMA_MEMBRANE_REGION,0.2280532518180993,0.2581588557822775,0.0393120393120393,10,0,0.17452235633127272,0.7598146720831159
GOMF_TRANSFERASE_ACTIVITY_TRANSFERRING_PHOSPHORUS_CONTAINING_GROUPS,0.22847589285519287,0.19716218457427226,0.0862944162436548,10,0,-0.047996241721146214,0.7598146720831159
GOBP_MAPK_CASCADE,0.22900133084421578,0.1173321617436216,0.0245806381408699,10,0,0.18600162874799486,0.7598146720831159
GOBP_NEGATIVE_REGULATION_OF_CYTOKINE_PRODUCTION,0.2308612425739451,0.10260017289357154,0.106936416184971,10,0,0.13380962624522286,0.7612078639401378
GOBP_MACROAUTOPHAGY,0.23177426460001105,0.26575687468858644,0.0483460559796438,10,0,-0.07998552490459523,0.7612078639401378
GOBP_CELL_CYCLE_PHASE_TRANSITION,0.23328788904497166,0.18987060973917386,0.0459770114942529,10,0,-0.291059934899768,0.7623094152126094
GOBP_RESPONSE_TO_ENDOPLASMIC_RETICULUM_STRESS,0.2357336267506593,0.6064666253679707,0.0078557048611163,10,0,-0.17193438987880005,0.7654427186283569
GOBP_PROTEASOME_MEDIATED_UBIQUITIN_DEPENDENT_PROTEIN_CATABOLIC_PROCESS,0.23661289602113042,0.18882476465768283,0.0328587075575027,10,0,-0.027538960513344923,0.7654427186283569
GOBP_MYELOID_CELL_HOMEOSTASIS,0.2383241736317419,0.13480897647111073,0.0509554140127389,10,0,-0.1712556932210865,0.7671429867648607
GOBP_NEURON_APOPTOTIC_PROCESS,0.24240514880121908,0.205763775659215,0.0161419266823536,10,0,-0.062305169585104514,0.7715639830519285
GOBP_CELLULAR_RESPONSE_TO_OXYGEN_CONTAINING_COMPOUND,0.2430860167796991,0.3442676443723976,0.0500736377025037,10,0,-0.05124093541816984,0.7715639830519285
GOCC_CELL_SUBSTRATE_JUNCTION,0.24327519712920156,0.31116403163665973,0.0307538854888543,9,0,0.0009890817848577556,0.7715639830519285
GOBP_REGULATION_OF_CELL_CYCLE_PHASE_TRANSITION,0.24571487730885036,0.2784576639320778,0.0082769480590541,10,0,-0.09055265468270204,0.7723848147401868
GOCC_TRANSCRIPTION_REGULATOR_COMPLEX,0.24599647153160967,0.14490164483641954,0.0412060301507538,10,0,-0.02018545788154862,0.7723848147401868
GOBP_REACTIVE_OXYGEN_SPECIES_METABOLIC_PROCESS,0.24711538895087892,0.13102520977160953,0.0242236077681544,10,0,-0.2786489220740373,0.7723848147401868
GOMF_NUCLEOSIDE_TRIPHOSPHATASE_REGULATOR_ACTIVITY,0.24902534507346116,0.20756084112925222,0.0082418849562879,10,0,-0.11748452207896323,0.7746124916467758
GOMF_MOLECULAR_ADAPTOR_ACTIVITY,0.25043801003952115,0.24812835979124848,0.044955044955045,10,0,-0.14808632939824104,0.7752793899309579
GOBP_GENERATION_OF_NEURONS,0.25438501030422384,0.22078224510261485,0.0943952802359882,10,0,-0.11219784013725576,0.7837481031753943
GOBP_RESPONSE_TO_LIGHT_STIMULUS,0.26370803868377213,0.14991769224300178,0.104477611940299,10,0,-0.23477236296754497,0.8010397131263188
GOBP_POSITIVE_REGULATION_OF_CELL_POPULATION_PROLIFERATION,0.2639406014602978,0.34685140822573746,0.0171695586635692,10,0,-0.06688170996330291,0.8010397131263188
GOBP_NITROGEN_COMPOUND_TRANSPORT,0.2654390800145989,0.10000541745476188,0.124365482233503,10,0,-0.21649747502792144,0.8010397131263188
GOBP_ESTABLISHMENT_OF_PROTEIN_LOCALIZATION_TO_MEMBRANE,0.2655338782678895,0.18830207190376363,0.1,10,0,-0.057327397737482674,0.8010397131263188
GOBP_REGULATION_OF_MRNA_METABOLIC_PROCESS,0.26618784902961135,0.15084821895647121,0.0407949790794979,10,0,-0.1678052325177783,0.8010397131263188
GOBP_MORPHOGENESIS_OF_AN_EPITHELIUM,0.27171988359709087,0.3327753035102078,0.0254065040650407,10,0,-0.14726669785319899,0.813901688367212
GOBP_MITOTIC_CELL_CYCLE,0.27299882875133713,0.2598365089563009,0.0889679715302491,10,0,-0.1690385469607655,0.8139642497793323
GOBP_CHROMATIN_ORGANIZATION,0.27497369040767466,0.1599729665707597,0.074222668004012,10,0,-0.19043917010176267,0.8160916407970894
GOBP_POSITIVE_REGULATION_OF_LEUKOCYTE_CELL_CELL_ADHESION,0.2824040699690426,0.3979342695536717,0.0445989725331537,10,0,0.0615882569550393,0.8268208613514213
GOBP_NEUROGENESIS,0.2835757748784806,0.43967493848839173,0.064327485380117,10,0,-0.21760897399651155,0.8268208613514213
GOMF_PROTEIN_SERINE_THREONINE_KINASE_ACTIVITY,0.2842722668507646,0.31076086542588505,0.0825688073394496,10,0,-0.04972552582366259,0.8268208613514213
GOCC_AXON,0.28662828587408784,0.21312805378689875,0.0979325353645267,10,0,-0.23400768762134466,0.8268208613514213
GOBP_REGULATION_OF_NEURON_APOPTOTIC_PROCESS,0.28680937097434983,0.21496795430500687,0.0362248262389001,10,0,0.018644343962814714,0.8268208613514213
GOBP_POSITIVE_REGULATION_OF_CELL_CYCLE_PROCESS,0.286904313244123,0.17674045737102123,0.0939306358381503,10,0,-0.1706781797246409,0.8268208613514213
GOCC_SOMATODENDRITIC_COMPARTMENT,0.28753430263380186,0.2517891141845225,0.0128128879925351,10,0,-0.08287485180174248,0.8268208613514213
GOBP_MACROMOLECULE_CATABOLIC_PROCESS,0.28929044902351836,0.4908755375818781,0.0263157894736842,10,0,-0.36191398004621134,0.8281899137974177
GOBP_REGULATION_OF_MEMBRANE_POTENTIAL,0.29682080839817193,0.5977024349226242,0.0197759358636717,10,0,-0.33741698675614173,0.8460046829674769
GOBP_REGULATION_OF_PROTEOLYSIS_INVOLVED_IN_PROTEIN_CATABOLIC_PROCESS,0.29876798924889375,0.2222106027263262,0.0407701019252548,10,0,-0.10805149585528614,0.8478196887896239
GOBP_ENDOMEMBRANE_SYSTEM_ORGANIZATION,0.30118223783976256,0.20180200501443885,0.101205640558635,10,0,0.05216497820299493,0.8509384623682374
GOBP_MICROTUBULE_BASED_PROCESS,0.3037738628263608,0.23744058064980578,0.0157770309988946,10,0,-0.016550410387661318,0.8545290836898063
GOBP_NUCLEAR_TRANSPORT,0.30774870046691,0.18790512750518312,0.0750256937307297,10,0,-0.03530036923575049,0.8619628103986614
GOBP_INTRINSIC_APOPTOTIC_SIGNALING_PATHWAY,0.3096935206008321,0.3178530958873338,0.0716196963580731,10,0,-0.3622306995425426,0.8636711544342172
GOMF_HYDROLASE_ACTIVITY_ACTING_ON_ESTER_BONDS,0.3122453612926439,0.29607021917064125,0.0294117647058824,10,0,-0.003120051713951688,0.8638606418707319
GOBP_MAINTENANCE_OF_CELL_NUMBER,0.3124318241078072,0.3811120230564723,0.0325159623901429,10,0,0.05702983586070729,0.8638606418707319
GOBP_POSITIVE_REGULATION_OF_GROWTH,0.31396552426845503,0.16123190930019465,0.078575655800773,10,0,-0.18116382207791593,0.8644072093688953
GOBP_POSITIVE_REGULATION_OF_CELL_CYCLE,0.31646598333371057,0.22856512201532087,0.05890603085554,10,0,-0.020681893414932272,0.8660957703447879
GOBP_NEGATIVE_REGULATION_OF_TRANSPORT,0.320516461192806,0.784206386856889,0.0099893507803498,10,0,-0.16525304274858618,0.8660957703447879
GOBP_TUBE_MORPHOGENESIS,0.3206380151532268,0.32904722279067644,0.0290581162324649,10,0,-0.31760077189967373,0.8660957703447879
GOBP_CHROMATIN_REMODELING,0.3225175151389486,0.1844958418498302,0.133198789101917,10,0,-0.1916091396292417,0.8660957703447879
GOCC_MICROTUBULE,0.32491166034591185,0.2611244426758056,0.0939691444600281,10,0,-0.05210254501260321,0.8660957703447879
GOCC_RIBONUCLEOPROTEIN_GRANULE,0.32529967699677065,0.32972377544471354,0.021877575584106,10,0,-0.07305738021817232,0.8660957703447879
GOCC_DENDRITIC_TREE,0.3268122413078197,0.1654659245564643,0.111451942740286,10,0,-0.423628321081199,0.8660957703447879
GOMF_GDP_BINDING,0.32693489820822563,0.3822789273235251,0.0187273571668058,10,0,0.16967367006139283,0.8660957703447879
GOBP_BIOLOGICAL_PROCESS_INVOLVED_IN_SYMBIOTIC_INTERACTION,0.3276485845777616,0.26895237853958176,0.0382165605095541,10,0,-0.06109690555419054,0.8660957703447879
GOBP_PROTEIN_TRANSPORT,0.32796516805946374,0.18669675861708535,0.120068610634648,10,0,-0.2110311983139704,0.8660957703447879
GOBP_CENTRAL_NERVOUS_SYSTEM_DEVELOPMENT,0.33015803988819764,0.15829805990611467,0.0972568578553616,10,0,-0.23047590503618848,0.8683424870230239
GOBP_GENERATION_OF_PRECURSOR_METABOLITES_AND_ENERGY,0.33399090390629027,0.7250623136736207,0.0370621184337964,10,0,-0.2999498591168893,0.873022203228325
GOMF_ATP_DEPENDENT_ACTIVITY,0.33463602225753414,0.4033939102911939,0.0184809396589026,10,0,-0.0728490010843917,0.873022203228325
GOBP_CELLULAR_RESPONSE_TO_NITROGEN_COMPOUND,0.33734106265884567,0.2664697875947843,0.0407073676626685,10,0,0.15777897812675232,0.8765448495593299
GOBP_PROCESS_UTILIZING_AUTOPHAGIC_MECHANISM,0.3406220408435994,0.45021619053370043,0.0498812351543943,10,0,0.05666135188248604,0.8803828805588915
GOBP_PROTEOLYSIS_INVOLVED_IN_PROTEIN_CATABOLIC_PROCESS,0.3415395719015174,0.47481883731560626,0.0064438393893899,10,0,-0.2909145755433906,0.8803828805588915
GOBP_CELLULAR_RESPONSE_TO_STRESS,0.34343668253662063,0.3566838231487778,0.0323232323232323,10,0,-0.20304760679956607,0.8817600539729903
GOBP_LYMPHOCYTE_ACTIVATION,0.34579753062388163,0.23227968163624219,0.047244094488189,10,0,0.2162981502979746,0.8842048521615026
GOBP_POSITIVE_REGULATION_OF_ORGANELLE_ORGANIZATION,0.34736820988163103,0.704299546630796,0.0162407661858687,10,0,-0.10166434793737648,0.8842048521615026
GOMF_OXIDOREDUCTASE_ACTIVITY,0.3574708029591837,0.28878248142666296,0.0244499368954714,10,0,-0.2938354323620003,0.8842048521615026
GOBP_CILIUM_ORGANIZATION,0.3581806089438787,0.3820419450806169,0.0532959326788219,10,0,-0.12190723555421785,0.8842048521615026
GOBP_POSITIVE_REGULATION_OF_PROGRAMMED_CELL_DEATH,0.35905016870476375,0.26918486718357726,0.110696517412935,10,0,-0.2555542152688153,0.8842048521615026
GOBP_MICROTUBULE_BASED_MOVEMENT,0.3598762300631114,0.30061645256293745,0.0991150442477876,10,0,-0.056174901617602545,0.8842048521615026
GOBP_DNA_METABOLIC_PROCESS,0.3607256747554955,0.26229242383938167,0.0762463343108504,10,0,-0.032600196956119286,0.8842048521615026
GOBP_NUCLEOSIDE_TRIPHOSPHATE_METABOLIC_PROCESS,0.36218258453935565,0.7938969025505361,0.0141048706355191,10,0,-0.39580846933609115,0.8842048521615026
GOMF_PROTEIN_SERINE_KINASE_ACTIVITY,0.3625966964521232,0.5014131022872098,0.0741837188977741,10,0,0.17537945548455366,0.8842048521615026
GOBP_POSITIVE_REGULATION_OF_CATALYTIC_ACTIVITY,0.3635018323435983,0.41090699968136507,0.0382658015973652,10,0,-0.0922768331753683,0.8842048521615026
GOBP_NEGATIVE_REGULATION_OF_SIGNALING,0.3640755350299657,0.5504250810527944,0.019476670306624,10,0,0.21067410615304488,0.8842048521615026
GOCC_VACUOLE,0.36484905211375007,0.5077049145137789,0.0889453145857931,10,0,0.00313127853436751,0.8842048521615026
GOCC_ENDOSOME,0.36515352052094524,0.4177919525991544,0.0380047505938242,10,0,-0.11424971899163983,0.8842048521615026
GOBP_REGULATION_OF_EPITHELIAL_CELL_PROLIFERATION,0.3676139475081082,0.5051806235839705,0.0177266274739217,10,0,-0.048258342058758764,0.8842048521615026
GOBP_REGULATION_OF_ACTIN_FILAMENT_BASED_PROCESS,0.3681946221141856,0.5841612727411399,0.0378795264244175,10,0,-0.056010416535075026,0.8842048521615026
GOBP_RESPONSE_TO_XENOBIOTIC_STIMULUS,0.3685850984166351,0.33369319205074455,0.0663082437275986,10,0,-0.19525821803115212,0.8842048521615026
GOBP_REGULATION_OF_SUPRAMOLECULAR_FIBER_ORGANIZATION,0.36942434390406786,0.3693127382183633,0.0270789241255679,10,0,-0.07088898874358043,0.8842048521615026
GOBP_APOPTOTIC_SIGNALING_PATHWAY,0.3696518435658532,0.29048261021137567,0.0972886762360447,10,0,-0.246749437695516,0.8842048521615026
GOCC_VACUOLAR_MEMBRANE,0.3712658135667813,0.2905748684617301,0.0619918699186992,10,0,-0.11657104764951431,0.8842048521615026
GOBP_REGULATION_OF_MITOTIC_CELL_CYCLE,0.3717213597958713,0.3729432107154159,0.0632183908045977,10,0,-0.1338522679940001,0.8842048521615026
GOBP_CELL_SUBSTRATE_ADHESION,0.3731817456041064,0.38150439332793307,0.0477630937921406,10,0,0.0646758889449172,0.884427067420721
GOBP_METAL_ION_TRANSPORT,0.3788814079081608,0.42384289125423924,0.0910041841004184,10,0,0.0645488798647929,0.8855843687831261
GOBP_CELL_PROJECTION_ASSEMBLY,0.38084661019390004,0.27513164559697656,0.0445609436435125,10,0,-0.15534696558362468,0.8855843687831261
GOBP_NEGATIVE_REGULATION_OF_RESPONSE_TO_STIMULUS,0.3829367868203989,0.7073839461377496,0.0144707019063189,10,0,0.032849296568943885,0.8855843687831261
GOBP_REGULATION_OF_INTRINSIC_APOPTOTIC_SIGNALING_PATHWAY,0.38431135265663097,0.6063283135557853,0.035978835978836,10,0,-0.17886330516076157,0.8855843687831261
GOBP_RESPONSE_TO_TUMOR_NECROSIS_FACTOR,0.3847342536083483,0.8751608023255827,0.0221561563106561,10,0,0.025054146528547518,0.8855843687831261
GOBP_NEGATIVE_REGULATION_OF_CELL_CYCLE,0.38499316472311124,0.23851350688887035,0.0498409331919406,10,0,0.02669276565223646,0.8855843687831261
GOBP_OSTEOBLAST_DIFFERENTIATION,0.3851471024115497,0.21203452063915068,0.112016293279022,10,0,-0.3128333303877845,0.8855843687831261
GOBP_SIGNAL_RELEASE,0.38604901168985184,0.3635656981382604,0.0459940652818991,10,0,0.038054565861997444,0.8855843687831261
GOMF_PROTEIN_KINASE_ACTIVITY,0.38631596083819525,0.37824178348322,0.0837837837837838,10,0,-0.04855323683686698,0.8855843687831261
GOBP_CYTOSKELETON_DEPENDENT_INTRACELLULAR_TRANSPORT,0.3873576141663442,0.4442581435591789,0.0774550484094053,10,0,-0.05657887471344657,0.8855843687831261
GOBP_EPITHELIAL_CELL_PROLIFERATION,0.38967347492941967,0.5892860417064205,0.0141955106394125,10,0,-0.059827876707164315,0.8877420361948398
GOBP_PROTEIN_CATABOLIC_PROCESS,0.3913538240004319,0.3718514214035845,0.0476683937823834,10,0,-0.10799350300522723,0.8884418390465946
GOBP_REGULATION_OF_PROTEIN_CONTAINING_COMPLEX_ASSEMBLY,0.393510615042823,0.7557833479116942,0.0267466715819749,10,0,0.10739552471755562,0.8902145731912813
GOBP_T_CELL_ACTIVATION,0.3958442127627217,0.521447548213941,0.0207511851659063,10,0,0.20949739455073643,0.8914484745932406
GOBP_RECEPTOR_MEDIATED_ENDOCYTOSIS,0.39691202231617645,1.0,0.0148976562302146,10,0,-0.1745632801482633,0.8914484745932406
GOBP_REGULATION_OF_SMALL_MOLECULE_METABOLIC_PROCESS,0.39954895451621547,0.17013580707488424,0.114785992217899,10,0,-0.029089536633761716,0.8914484745932406
GOBP_RESPONSE_TO_HORMONE,0.3995673224606488,0.25826262945601186,0.0774058577405858,10,0,0.1794472591925967,0.8914484745932406
GOBP_NUCLEIC_ACID_CATABOLIC_PROCESS,0.4020636442281054,0.3678410513677173,0.0878885316184352,10,0,-0.1376975974990103,0.8920176483082088
GOBP_REGULATION_OF_T_CELL_ACTIVATION,0.40577063147192277,0.6102631842166311,0.0573476702508961,10,0,0.225900409991269,0.8920176483082088
GOCC_GOLGI_APPARATUS_SUBCOMPARTMENT,0.4068252873700029,0.4651108847815291,0.0196335839341121,10,0,0.04499692176929391,0.8920176483082088
GOCC_NUCLEAR_MEMBRANE,0.40741430776947746,0.19013543483383666,0.125130344108446,10,0,-0.24324923177321195,0.8920176483082088
GOBP_REGULATION_OF_BODY_FLUID_LEVELS,0.40796118179721713,0.4432842669548667,0.0222833735202095,10,0,0.0636893687553948,0.8920176483082088
GOBP_REGULATION_OF_CELL_CYCLE_PROCESS,0.40809462735584207,0.37541570999921187,0.0676084762865792,10,0,-0.32626274888828943,0.8920176483082088
GOCC_ENDOSOME_MEMBRANE,0.4125390943432845,0.5326731428107707,0.0381194409148666,10,0,0.21613842587465343,0.8958823470125928
GOBP_POSITIVE_REGULATION_OF_RESPONSE_TO_EXTERNAL_STIMULUS,0.4126320547291386,0.5823882321052569,0.101449275362319,10,0,-0.06307419579112182,0.8958823470125928
GOBP_MRNA_CATABOLIC_PROCESS,0.4142900139816521,0.2673316535460537,0.0707596253902185,10,0,-0.1764257570919348,0.8964541931129042
GOBP_GLIOGENESIS,0.4183171363608538,0.31763795020947105,0.0472103004291846,10,0,-0.10961986315080022,0.8964541931129042
GOBP_ORGANELLE_ASSEMBLY,0.4183825525687504,0.9266250074705937,0.0032089693273308,10,0,-0.1850255106494106,0.8964541931129042
GOBP_CARBOHYDRATE_METABOLIC_PROCESS,0.4201415293986635,0.5333117525372859,0.033008915198498,10,0,-0.26508500872158247,0.8964541931129042
GOBP_POSITIVE_REGULATION_OF_MOLECULAR_FUNCTION,0.4218156314268896,0.30048465924297985,0.0416666666666667,10,0,-0.011651828033204404,0.8964541931129042
GOBP_CHROMOSOME_SEGREGATION,0.42252969793103423,0.3645413557245848,0.0843023255813954,10,0,0.06584247916372729,0.8964541931129042
GOMF_SIGNALING_RECEPTOR_REGULATOR_ACTIVITY,0.42259432596512486,0.32577314542565633,0.126272912423625,10,0,-0.20739847872143624,0.8964541931129042
GOBP_EMBRYO_DEVELOPMENT,0.4257579877258229,0.24229342501922962,0.042042042042042,10,0,-0.38904801029097946,0.8989173261256006
GOMF_KINASE_ACTIVITY,0.4271140887434535,0.38220010400989757,0.0761245674740485,10,0,-0.02484083413139917,0.8989173261256006
GOBP_SYNAPTIC_SIGNALING,0.4279235493766383,1.0,0.047741935483871,10,0,-0.16588037518082818,0.8989173261256006
GOBP_DNA_REPLICATION,0.42948158379409845,0.20033711190784453,0.142061281337047,10,0,0.03199473520972849,0.8992705006950864
GOBP_REGULATION_OF_MRNA_CATABOLIC_PROCESS,0.4310985604631402,0.4600628518061945,0.0418848167539267,10,0,-0.1990711951446258,0.8997444149021023
GOBP_POSITIVE_REGULATION_OF_TRANSLATION,0.43262509857343157,0.39808653830092733,0.03276955602537,10,0,0.18843193526963947,0.9000271343312225
GOCC_CHROMOSOME_CENTROMERIC_REGION,0.4374356647120427,0.41033181112131123,0.0371660859465738,10,0,0.15033123078053232,0.9071181893227296
GOBP_LIPID_BIOSYNTHETIC_PROCESS,0.4395811673130843,0.4458864540839702,0.0211728432406405,10,0,-0.07870432662748082,0.9077337030872228
GOBP_REGULATION_OF_DEFENSE_RESPONSE,0.44053845868529823,1.0,0.126903553299492,10,0,-0.08689115743206745,0.9077337030872228
GOBP_CYTOKINE_PRODUCTION,0.4429936070813384,0.2647354604104845,0.126633165829146,10,0,-0.14931058627909682,0.9097029848926481
GOBP_CELLULAR_RESPONSE_TO_OXIDATIVE_STRESS,0.4445014614710028,0.623390800206982,0.0107889061349176,10,0,-0.25592777668501676,0.9097029848926481
GOBP_REGULATION_OF_PROTEOLYSIS,0.4466637212817319,0.6674211770742111,0.0431812987559149,10,0,-0.03867659925624917,0.9097029848926481
GOBP_TUBE_DEVELOPMENT,0.4477114517892532,0.3229016249130112,0.157314629258517,10,0,-0.348230503801076,0.9097029848926481
GOBP_NEURON_DEVELOPMENT,0.44852434649266576,0.5383140841940007,0.104761904761905,10,0,-0.1893815359653232,0.9097029848926481
GOBP_NEGATIVE_REGULATION_OF_CATABOLIC_PROCESS,0.45773330151895913,0.41709418288653943,0.0261829674455316,10,0,-0.10040443845894571,0.9254795190086454
GOMF_MRNA_BINDING,0.4592324767764864,0.3048451936140856,0.144308943089431,10,0,-0.11487014861912681,0.9256181073968432
GOBP_POSITIVE_REGULATION_OF_PROTEOLYSIS,0.46098080590577983,0.44133191950868655,0.0579710144927536,10,0,-0.008617140928561817,0.9262564640404956
GOBP_MICROTUBULE_CYTOSKELETON_ORGANIZATION,0.4660978142653228,0.6185825807716776,0.0205670509037519,10,0,0.005752502401761705,0.932209661272925
GOCC_MICROTUBULE_ORGANIZING_CENTER,0.46696376459400446,0.2512849012395563,0.0920502092050209,10,0,-0.034009028526704024,0.932209661272925
GOBP_HEMOPOIESIS,0.4682660585992282,0.3913181882847139,0.129395218002813,10,0,-0.3665928988942126,0.932209661272925
GOBP_CELLULAR_RESPONSE_TO_CHEMICAL_STRESS,0.4699600491773469,0.626491474935167,0.016154222661071,10,0,-0.2713356050061988,0.9327121221403174
GOBP_CELLULAR_HOMEOSTASIS,0.4746816876422314,0.3755756680865322,0.0518783542039356,10,0,-0.07520395595971661,0.9392019935918156
GOBP_IMPORT_INTO_NUCLEUS,0.47815808655039405,0.29780185204022186,0.0823529411764706,10,0,-0.002742960889749324,0.9403460323499304
GOBP_VIRAL_LIFE_CYCLE,0.47943059948234557,0.3711643557541794,0.0556701030927835,10,0,-0.09307752611954294,0.9403460323499304
GOBP_APOPTOTIC_PROCESS,0.47962007832376663,0.8702785872698988,0.0043884114652606,10,0,-0.23092245469373635,0.9403460323499304
GOCC_ORGANELLE_INNER_MEMBRANE,0.48397987271080023,0.4386649356085215,0.123616236162362,10,0,-0.07801517554819289,0.9449645030802457
GOBP_REGULATION_OF_MOLECULAR_FUNCTION,0.48500535397149847,0.5017050014136637,0.0578837027445597,10,0,-0.23890695340651025,0.9449645030802457
GOBP_ENDOTHELIAL_CELL_MIGRATION,0.48775717145736863,0.22085502006760988,0.162426614481409,10,0,0.002415920796763937,0.9449645030802457
GOBP_MONOATOMIC_ION_TRANSMEMBRANE_TRANSPORT,0.48781784239382087,0.5580567749993749,0.0191510465974587,10,0,0.06830569032473868,0.9449645030802457
GOBP_CELL_MORPHOGENESIS_INVOLVED_IN_NEURON_DIFFERENTIATION,0.49120898488725695,0.5402178114464712,0.0610686799628201,10,0,-0.02473477921402443,0.9486931737971798
GOBP_OSSIFICATION,0.4939745170482073,0.6246428541485932,0.022110112336063,10,0,-0.34318191757315014,0.951194977768423
GOBP_RESPONSE_TO_IONIZING_RADIATION,0.4972387103451691,0.33013940308726053,0.125799573560768,10,0,-0.018507827778139196,0.9521617503567142
GOBP_NEGATIVE_REGULATION_OF_CELLULAR_COMPONENT_ORGANIZATION,0.4975517357251702,0.3125429782292318,0.126903553299492,10,0,-0.24015799515035222,0.9521617503567142
GOBP_DNA_REPAIR,0.49998181398458186,0.38845512272496074,0.104959630911188,10,0,0.08630519630494385,0.9521617503567142
GOBP_PROTEASOMAL_PROTEIN_CATABOLIC_PROCESS,0.5009735481369416,0.5261777946151979,0.0212047763349659,10,0,-0.20976150242333186,0.9521617503567142
GOBP_NUCLEOSIDE_PHOSPHATE_CATABOLIC_PROCESS,0.5032397499158829,0.6661185874069537,0.066546858211422,10,0,-0.2524567978369762,0.9521617503567142
GOBP_CELL_PROJECTION_ORGANIZATION,0.5033065202812925,1.0,0.0288350634371396,10,0,-0.21271522837605708,0.9521617503567142
GOBP_VIRAL_PROCESS,0.5061212459361999,0.5516967268304089,0.0476190476190476,10,0,-0.12332868400164418,0.9546951781945229
GOBP_INFLAMMATORY_RESPONSE,0.5098926391989781,0.8700907890227334,0.0052967188109017,10,0,-0.021266852634246193,0.95901319058645
GOBP_RESPONSE_TO_TRANSFORMING_GROWTH_FACTOR_BETA,0.5150587295563553,0.5259132489541468,0.040831580663281,10,0,-0.05108386514000744,0.9620343165975223
GOBP_EPIGENETIC_REGULATION_OF_GENE_EXPRESSION,0.5177576693035116,0.4011166749824763,0.0648246546227418,10,0,-0.16673131151953957,0.9620343165975223
GOCC_POSTSYNAPTIC_SPECIALIZATION,0.518256178630001,0.9277265121009121,0.0103850969241398,10,0,-0.038079117133191176,0.9620343165975223
GOCC_NEURON_TO_NEURON_SYNAPSE,0.518256178630001,0.9277265121009121,0.0103850969241398,10,0,-0.038079117133191176,0.9620343165975223
GOCC_NUCLEOLUS,0.5204155148935312,0.49437197461891813,0.087,10,0,-0.12788179405452582,0.9620343165975223
GOMF_PROTEIN_HOMODIMERIZATION_ACTIVITY,0.5204204185612562,0.48076611395036634,0.0831295843520782,10,0,-0.25779567000901704,0.9620343165975223
GOBP_POSITIVE_REGULATION_OF_PROTEIN_TRANSPORT,0.5250212926042491,0.6685333788006471,0.0394543604865994,10,0,-0.08624272738921637,0.9674619214845567
GOCC_CILIUM,0.5293240505174294,0.2315630370159799,0.219658976930792,10,0,-0.017243179653660335,0.9674619214845567
GOBP_REGULATION_OF_LYMPHOCYTE_ACTIVATION,0.5309449276023298,0.48329280085669535,0.0840336134453782,10,0,0.36016189931592235,0.9674619214845567
GOBP_TRANSCRIPTION_INITIATION_AT_RNA_POLYMERASE_II_PROMOTER,0.5312434374700735,0.3081746037821512,0.148648648648649,10,0,0.0050651888853267876,0.9674619214845567
GOBP_DNA_TEMPLATED_TRANSCRIPTION_INITIATION,0.5312434374700735,0.3081746037821512,0.148648648648649,10,0,0.0050651888853267876,0.9674619214845567
GOMF_RNA_POLYMERASE_II_SPECIFIC_DNA_BINDING_TRANSCRIPTION_FACTOR_BINDING,0.532328352470637,0.42095018251952115,0.0381836945304438,10,0,-0.1824753394005118,0.9674619214845567
GOBP_POSITIVE_REGULATION_OF_CELL_ACTIVATION,0.5345990934087946,0.4210618487710386,0.0811280199206643,10,0,0.2039808402857522,0.9688672645251825
GOBP_SENSORY_ORGAN_DEVELOPMENT,0.5390507819157977,0.32962206143117745,0.103448275862069,10,0,-0.12187333672223262,0.9742063013953103
GOBP_LYMPHOCYTE_DIFFERENTIATION,0.5468904188090492,0.4593190161688297,0.0566371681415929,10,0,0.22376543787514339,0.979673687345016
GOBP_CELLULAR_RESPONSE_TO_PEPTIDE_HORMONE_STIMULUS,0.5485359423788639,0.5141774022758892,0.0663082437275986,10,0,0.24028607087971957,0.979673687345016
GOBP_PHOSPHORYLATION,0.5488430947559078,0.5094899449953809,0.0871934604904632,10,0,0.059609383809666516,0.979673687345016
GOBP_TAXIS,0.5491749370991917,0.6000592793898062,0.039348710990502,10,0,0.09183188577461802,0.979673687345016
GOBP_DNA_RECOMBINATION,0.549646906501145,0.7649635143796203,0.0425,10,0,-0.00224788530383927,0.979673687345016
GOBP_REGULATION_OF_AUTOPHAGY,0.5515804317521326,0.4450660884811413,0.12183908045977,10,0,0.14308116363243523,0.9801476226018871
GOBP_NEGATIVE_REGULATION_OF_CELL_CYCLE_PROCESS,0.5529426309886999,0.34430946569003995,0.17515923566879,10,0,0.15787865213442967,0.9801476226018871
GOCC_RUFFLE,0.5589896887856012,1.0,0.0486087369924408,10,0,-0.14778676558863063,0.987158567038171
GOBP_EMBRYONIC_ORGAN_DEVELOPMENT,0.5599492953678651,0.3985391319583759,0.132852729145211,10,0,-0.3515955876417679,0.987158567038171
GOBP_POSITIVE_REGULATION_OF_APOPTOTIC_SIGNALING_PATHWAY,0.5638519658727612,0.5361664727714318,0.0962962962962963,10,0,-0.2773096942406859,0.9891535676242115
GOBP_REGULATION_OF_CELL_GROWTH,0.5641385880267914,0.4849679015407622,0.0401606425702811,10,0,-0.020221581977758963,0.9891535676242115
GOBP_MYELOID_CELL_DIFFERENTIATION,0.5714659164725685,0.6577814503769713,0.0118853877708917,10,0,-0.0037971299251332025,0.9923822243918253
GOBP_REGULATION_OF_NEURON_PROJECTION_DEVELOPMENT,0.5723890809418628,0.7944238652928751,0.107883817427386,10,0,0.045613534104570794,0.9923822243918253
GOCC_VESICLE_MEMBRANE,0.5730169264981638,0.7638227152574036,0.0570071258907364,10,0,0.07074185584378181,0.9923822243918253
GOBP_CELL_SURFACE_RECEPTOR_PROTEIN_TYROSINE_KINASE_SIGNALING_PATHWAY,0.573674588645006,0.5052890954717243,0.03021923587614,10,0,0.30827953480012693,0.9923822243918253
GOBP_POSITIVE_REGULATION_OF_SUPRAMOLECULAR_FIBER_ORGANIZATION,0.574103840614592,0.9524879983719776,0.032520325203252,10,0,-0.12260488751910761,0.9923822243918253
GOBP_POSITIVE_REGULATION_OF_RESPONSE_TO_BIOTIC_STIMULUS,0.5758219414704524,0.39628041481402443,0.101040118870728,10,0,0.00025567794626730757,0.9923822243918253
GOBP_REGULATION_OF_VASCULATURE_DEVELOPMENT,0.5776415373316315,0.6461183210974879,0.0669500531349628,10,0,-0.051533123664635895,0.9923822243918253
GOBP_REGULATION_OF_ANATOMICAL_STRUCTURE_SIZE,0.5782505387878178,0.5542807871217102,0.101851851851852,10,0,-0.004883935967964115,0.9923822243918253
GOCC_MITOCHONDRIAL_MATRIX,0.5806670796082518,0.5032198654339476,0.0565085771947528,10,0,-0.32985453539147674,0.9938931230331717
GOBP_GROWTH,0.5850041215274732,0.9120439643652625,0.031687377042318,10,0,-0.21660509446324888,0.99827443337181
GOBP_REGULATION_OF_PROTEIN_STABILITY,0.587043700435824,0.5456825317976244,0.0174659393258226,10,0,-0.13479532536696798,0.99827443337181
GOBP_CANONICAL_NF_KAPPAB_SIGNAL_TRANSDUCTION,0.5878555782297675,0.39506888802464446,0.116089613034623,10,0,-0.19727749176053658,0.99827443337181
GOBP_MITOTIC_CELL_CYCLE_PROCESS,0.5902045732841538,0.4724336954939667,0.176529588766299,10,0,-0.1633686536802761,0.9996396830231609
GOMF_PEPTIDASE_ACTIVITY,0.5953985910991626,0.6492791364784516,0.0705741626794258,10,0,-0.025131956040801706,0.9998566876644747
GOBP_ACTIVATION_OF_IMMUNE_RESPONSE,0.5965126447690298,0.7631221996497601,0.0966810966810967,10,0,0.02127288301582162,0.9998566876644747
GOMF_ENZYME_INHIBITOR_ACTIVITY,0.5985812344876019,0.774587128579576,0.0293317263788858,10,0,-0.3295574910878881,0.9998566876644747
GOBP_RESPONSE_TO_NITROGEN_COMPOUND,0.6054535895553943,0.46776458237615437,0.122641509433962,10,0,-0.0580120922926564,0.9998566876644747
GOBP_AXON_DEVELOPMENT,0.6055197485544459,0.558263648257452,0.103299856527977,10,0,0.20599166756939677,0.9998566876644747
GOBP_G_PROTEIN_COUPLED_RECEPTOR_SIGNALING_PATHWAY,0.6090555454834966,0.7919782073240418,0.0959332638164755,10,0,-0.025201663851271795,0.9998566876644747
GOCC_COATED_VESICLE,0.612331672204721,0.9272813145578345,0.0149031406743388,10,0,0.042803559781348685,0.9998566876644747
GOBP_CELL_ACTIVATION,0.6130577896372889,0.7120070785765373,0.0450450450450451,10,0,0.24733160019454345,0.9998566876644747
GOBP_NEGATIVE_REGULATION_OF_RESPONSE_TO_EXTERNAL_STIMULUS,0.6134832008712948,0.7960643461704525,0.0869565217391304,10,0,0.09825647062538283,0.9998566876644747
GOBP_T_CELL_DIFFERENTIATION,0.614864493505077,0.5144591681655436,0.0579439252336449,10,0,0.4734245003343164,0.9998566876644747
GOCC_CENTROSOME,0.6173172233668205,0.5435568632672996,0.174571140262361,10,0,-0.023039348942834437,0.9998566876644747
GOCC_GOLGI_APPARATUS,0.6186664272762603,0.7492360179277164,0.0099106906077004,10,0,0.08110025792436651,0.9998566876644747
GOBP_DNA_DAMAGE_RESPONSE,0.6209048196034018,0.3388756589205282,0.178535606820461,10,0,-0.04794851641311752,0.9998566876644747
GOBP_RIBONUCLEOPROTEIN_COMPLEX_BIOGENESIS,0.6215880811451311,0.7940994452922534,0.0601719197707736,10,0,-0.25908552847324373,0.9998566876644747
GOCC_LATE_ENDOSOME,0.6236999817411033,0.7128719644977473,0.0396659707724426,10,0,0.048422232751441675,0.9998566876644747
GOBP_PROTEIN_DNA_COMPLEX_ORGANIZATION,0.6261994425196762,0.6445866118249631,0.0563366122612391,10,0,-0.028250531460065988,0.9998566876644747
GOBP_HOMEOSTASIS_OF_NUMBER_OF_CELLS,0.6309768931456887,0.8590454162753978,0.0148089408586696,10,0,-0.3384416151733601,0.9998566876644747
GOBP_REGULATION_OF_ORGANELLE_ORGANIZATION,0.6338914632570523,0.635525906863071,0.0641158221302999,10,0,-0.34643695884689324,0.9998566876644747
GOMF_DNA_BINDING_TRANSCRIPTION_FACTOR_BINDING,0.6346450616382806,0.5105956805822901,0.0764525993883792,10,0,-0.1890421154078769,0.9998566876644747
GOBP_MESENCHYMAL_CELL_DIFFERENTIATION,0.636290834867688,0.42695118094037265,0.0847784200385356,10,0,-0.2483356928915282,0.9998566876644747
GOBP_REGULATION_OF_INFLAMMATORY_RESPONSE,0.6451287461382451,1.0,0.0406424879753513,10,0,-0.13287434386003477,0.9998566876644747
GOBP_SMALL_GTPASE_MEDIATED_SIGNAL_TRANSDUCTION,0.6453765367791813,0.725482674179855,0.0751381215469613,10,0,0.14763008716900108,0.9998566876644747
GOMF_MOLECULAR_CARRIER_ACTIVITY,0.6466864798991138,0.2993803150807623,0.299867899603699,10,0,0.18973871202608109,0.9998566876644747
GOBP_RIBOSE_PHOSPHATE_BIOSYNTHETIC_PROCESS,0.6483243061597848,0.9546206770983064,0.051212653931366,10,0,-0.5395938603327797,0.9998566876644747
GOBP_RESPONSE_TO_LIPID,0.6483377955192127,0.6351029290464296,0.162538699690402,10,0,-0.010421134863927584,0.9998566876644747
GOMF_TRANSCRIPTION_COREGULATOR_ACTIVITY,0.6485561936215283,0.49895791052716837,0.0761421319796954,10,0,-0.3331780625363578,0.9998566876644747
GOBP_POSITIVE_REGULATION_OF_CELLULAR_COMPONENT_BIOGENESIS,0.6507154979309262,0.7842136330829819,0.0085604938396766,10,0,-0.10709158139495119,0.9998566876644747
GOBP_REGULATION_OF_APOPTOTIC_SIGNALING_PATHWAY,0.6507690073627093,0.6847837841583135,0.0428571428571429,10,0,-0.26810579738478185,0.9998566876644747
GOBP_RRNA_PROCESSING,0.6514239354694611,0.6893552900220669,0.113207547169811,10,0,0.046864889067681534,0.9998566876644747
GOBP_PROTEIN_POLYUBIQUITINATION,0.6531388929116322,0.5523362391059372,0.128997867803838,10,0,-0.13726370148813188,0.9998566876644747
GOMF_GTPASE_BINDING,0.6549619678353416,0.5114668723984199,0.164420485175202,10,0,-0.159797410321547,0.9998566876644747
GOCC_CHROMOSOMAL_REGION,0.6564945384581726,0.5734687703634398,0.045353982300885,10,0,0.19747805724739095,0.9998566876644747
GOCC_PLASMA_MEMBRANE_PROTEIN_COMPLEX,0.6577949147516755,0.7897665347449594,0.0952380952380952,10,0,-0.23017826382624448,0.9998566876644747
GOBP_REGULATION_OF_LEUKOCYTE_DIFFERENTIATION,0.6580955631365001,0.8192879677616682,0.026376633885212,10,0,0.17069516854566635,0.9998566876644747
GOMF_ENZYME_REGULATOR_ACTIVITY,0.6604267088787514,0.6842653023544724,0.130122950819672,10,0,-0.2312428565111837,0.9998566876644747
GOBP_RIBOSE_PHOSPHATE_METABOLIC_PROCESS,0.6605494311919553,0.8920430039870484,0.0758828955601373,10,0,-0.4539695889917096,0.9998566876644747
GOCC_GOLGI_MEMBRANE,0.6607964297497491,0.6018821932542118,0.102228047182176,10,0,-0.158558683198339,0.9998566876644747
GOBP_REGULATION_OF_CELLULAR_RESPONSE_TO_STRESS,0.6620595099686796,0.5134793568945366,0.0848906473984838,10,0,-0.010127472935380698,0.9998566876644747
GOMF_PROTEIN_DIMERIZATION_ACTIVITY,0.6654891105240993,0.5577606044818718,0.108391608391608,10,0,-0.40407625773919564,0.9998566876644747
GOBP_TOR_SIGNALING,0.6665146979394972,0.5587328210380015,0.050880626223092,10,0,-0.2647651753328594,0.9998566876644747
GOBP_REGULATION_OF_PROGRAMMED_CELL_DEATH,0.6670363444831332,0.8725477972042934,0.0191776952779488,10,0,-0.26394032079168533,0.9998566876644747
GOBP_POSITIVE_REGULATION_OF_DEFENSE_RESPONSE,0.6684385294044067,0.5794948260780676,0.190058479532164,10,0,-0.016133411038106293,0.9998566876644747
GOBP_SECRETION,0.6687569267627235,0.831935138778392,0.0659062103929024,10,0,0.010455904423096195,0.9998566876644747
GOBP_RESPONSE_TO_BACTERIUM,0.6718377169284452,0.6611174911048773,0.144846796657382,10,0,0.1484146945777042,0.9998566876644747
GOBP_REGULATION_OF_CELL_ACTIVATION,0.6720059262878654,0.8003310044460828,0.0950121125068483,10,0,0.2174091674259116,0.9998566876644747
GOBP_VESICLE_ORGANIZATION,0.6729610627868953,0.7011412828044542,0.0528455284552846,10,0,-0.11551598922968073,0.9998566876644747
GOBP_NEURON_MIGRATION,0.6739846345778855,0.5072006706356599,0.110507246376812,10,0,-0.17080393345561,0.9998566876644747
GOBP_REGULATION_OF_CELL_POPULATION_PROLIFERATION,0.68290960411966,0.8381386594863425,0.0652173913043478,10,0,-0.26224541458869144,0.9998566876644747
GOBP_RESPONSE_TO_ENDOGENOUS_STIMULUS,0.6833055622015973,0.8385866834977589,0.0661870503597122,10,0,0.009008882152069608,0.9998566876644747
GOBP_REGULATION_OF_DNA_METABOLIC_PROCESS,0.685024401460097,0.6777236197810276,0.0942028985507246,10,0,0.0075500141351605874,0.9998566876644747
GOBP_REGULATION_OF_ACTIN_FILAMENT_ORGANIZATION,0.6851332077032173,0.6541227202633292,0.0298923438360594,10,0,-0.1091431648977054,0.9998566876644747
GOBP_MONOATOMIC_ION_TRANSPORT,0.6862084370554155,0.9319488829268964,0.0385055277378326,10,0,0.17258977168298612,0.9998566876644747
GOBP_MONOATOMIC_CATION_TRANSPORT,0.6862084370554155,0.9319488829268964,0.0385055277378326,10,0,0.17258977168298612,0.9998566876644747
GOBP_RIBOSOME_BIOGENESIS,0.6929326380824836,0.7529202992784998,0.084648493543759,10,0,-0.18710108577212656,0.9998566876644747
GOBP_GOLGI_VESICLE_TRANSPORT,0.6932177026808731,0.7546228510740741,0.149028357987674,10,0,0.09347430453620338,0.9998566876644747
GOMF_MONOATOMIC_ION_TRANSMEMBRANE_TRANSPORTER_ACTIVITY,0.6958803549481525,0.6880861467557575,0.145762711864407,10,0,0.19902601724365282,0.9998566876644747
GOBP_CELLULAR_RESPONSE_TO_ENDOGENOUS_STIMULUS,0.6971419831333499,0.7199981920334013,0.0943396226415094,10,0,0.004311748310321972,0.9998566876644747
GOCC_CELL_BODY,0.6981739348879088,0.7248512021987862,0.0865384615384615,10,0,-0.015570793703146157,0.9998566876644747
GOBP_IMMUNE_RESPONSE_REGULATING_SIGNALING_PATHWAY,0.6981847609354819,0.6077328790035902,0.169540229885057,10,0,0.1693428222227193,0.9998566876644747
GOCC_RNA_POLYMERASE_II_TRANSCRIPTION_REGULATOR_COMPLEX,0.7026442089952971,0.6149238037588154,0.0876826722338205,10,0,-0.13994908757869845,0.9998566876644747
GOBP_POSITIVE_REGULATION_OF_SECRETION,0.7026827744515103,0.7714438976294553,0.190789473684211,10,0,-0.07271781539414024,0.9998566876644747
GOBP_REGULATION_OF_PROTEASOMAL_PROTEIN_CATABOLIC_PROCESS,0.7072659360595667,0.5562041245039636,0.0952380952380952,10,0,0.09462048197283979,0.9998566876644747
GOBP_BLOOD_VESSEL_MORPHOGENESIS,0.7073375644826159,0.7420705887341531,0.0984771573604061,10,0,-0.28563152388108615,0.9998566876644747
GOBP_MESENCHYME_DEVELOPMENT,0.7105248746290334,0.8407457229781825,0.0526315789473684,10,0,-0.04044160697763598,0.9998566876644747
GOBP_CELL_JUNCTION_ORGANIZATION,0.7187333533930855,0.6649017649036286,0.137030995106036,10,0,-0.16360918685140513,0.9998566876644747
GOBP_AMEBOIDAL_TYPE_CELL_MIGRATION,0.721059176608163,0.5471113411778477,0.0855949895615866,10,0,0.0394398117995123,0.9998566876644747
GOBP_POSITIVE_REGULATION_OF_INTRACELLULAR_SIGNAL_TRANSDUCTION,0.7241753772285761,0.905481781304839,0.0788321167883212,10,0,-0.09149652749686159,0.9998566876644747
GOBP_ENZYME_LINKED_RECEPTOR_PROTEIN_SIGNALING_PATHWAY,0.7241889221593316,0.5354142191729026,0.160741885625966,10,0,-0.0026966211501233016,0.9998566876644747
GOBP_RESPONSE_TO_MOLECULE_OF_BACTERIAL_ORIGIN,0.7244483224331086,0.799699215403438,0.0325821304151042,10,0,0.026445395132787188,0.9998566876644747
GOBP_LEUKOCYTE_MIGRATION,0.7313218714448106,0.9611288880684351,0.0127104583651593,10,0,0.08715196137970078,0.9998566876644747
GOBP_REGULATION_OF_PROTEIN_TRANSPORT,0.7317565395800332,0.8018538634829653,0.179591836734694,10,0,-0.26314083796119697,0.9998566876644747
GOBP_POSITIVE_REGULATION_OF_IMMUNE_RESPONSE,0.7339860861486329,0.7113131642067789,0.140602582496413,10,0,0.02601488993010239,0.9998566876644747
GOBP_NEGATIVE_REGULATION_OF_PROTEIN_METABOLIC_PROCESS,0.7354629910385974,0.816976190329169,0.0626446355656764,10,0,-0.24530865919443684,0.9998566876644747
GOBP_CELL_GROWTH,0.7358182037841691,0.6217842370654629,0.0930537352555701,10,0,-0.033991529583445625,0.9998566876644747
GOBP_EPITHELIUM_DEVELOPMENT,0.736408688265594,0.5406531495885786,0.235469448584203,10,0,-0.20124634866058902,0.9998566876644747
GOCC_NUCLEAR_CHROMOSOME,0.7378321366813463,0.8767337591461197,0.0972803347280335,10,0,0.1403075413705035,0.9998566876644747
GOBP_ORGANOPHOSPHATE_CATABOLIC_PROCESS,0.739149892266102,0.8432785138678884,0.0853242320819113,10,0,-0.21234578970321438,0.9998566876644747
GOBP_PROTEOLYSIS,0.7454137147627942,0.5073667226695867,0.18266253869969,10,0,-0.22630977679300424,0.9998566876644747
GOBP_IN_UTERO_EMBRYONIC_DEVELOPMENT,0.7457753570226151,0.8141234170577676,0.172093023255814,10,0,-0.06816090549200922,0.9998566876644747
GOBP_CELL_FATE_COMMITMENT,0.7468754712129819,0.7564778751043639,0.12332838038633,10,0,-0.03305005259309009,0.9998566876644747
GOBP_PROTEIN_STABILIZATION,0.7499271020553786,0.6890897505281515,0.0781609195402299,10,0,-0.1785871109929137,0.9998566876644747
GOBP_REGULATION_OF_GROWTH,0.7505478436087988,0.8485885778424098,0.10250862431731,10,0,-0.21630946176324897,0.9998566876644747
GOBP_NEGATIVE_REGULATION_OF_MULTICELLULAR_ORGANISMAL_PROCESS,0.7549620601851114,0.7094382981803844,0.0452322738386308,10,0,0.024811667855226215,0.9998566876644747
GOBP_VASCULATURE_DEVELOPMENT,0.7551949962316905,0.8304883534362568,0.103321033210332,10,0,-0.28653200902317927,0.9998566876644747
GOBP_NERVOUS_SYSTEM_PROCESS,0.7555861150309472,0.691264590313376,0.0528992878942014,10,0,-0.35730768328627577,0.9998566876644747
GOMF_TRANSCRIPTION_FACTOR_BINDING,0.7616306962337536,0.6601585699637383,0.123867069486405,10,0,-0.3516760861600443,0.9998566876644747
GOBP_CELL_JUNCTION_ASSEMBLY,0.761907686973328,0.7195335760460835,0.210629921259843,10,0,-0.09822460043942946,0.9998566876644747
GOBP_CELL_CELL_JUNCTION_ORGANIZATION,0.7687995820690842,0.6538802475623184,0.187683284457478,10,0,-0.1380422479752294,0.9998566876644747
GOBP_SENSORY_SYSTEM_DEVELOPMENT,0.7718985093552939,0.7379484451647073,0.125385405960946,10,0,-0.1136439193274444,0.9998566876644747
GOBP_POSITIVE_REGULATION_OF_CELLULAR_COMPONENT_ORGANIZATION,0.7723938323398216,0.8775220434697967,0.0258685384609815,10,0,-0.07491839624544655,0.9998566876644747
GOMF_PROTEIN_CONTAINING_COMPLEX_BINDING,0.7743464888369435,0.7831765163263741,0.0905233380480905,10,0,-0.08325854044753227,0.9998566876644747
GOBP_REGULATION_OF_TRANSLATION,0.7751581618144685,0.6273368496067618,0.227191413237925,10,0,-0.2443963314535337,0.9998566876644747
GOBP_TRANSLATION,0.7769469130446556,0.8767266619169646,0.0629741993778224,10,0,-0.3664172755142292,0.9998566876644747
GOBP_CELLULAR_RESPONSE_TO_INSULIN_STIMULUS,0.7784177720673136,0.6723675258404517,0.141791044776119,10,0,-0.02669883183387801,0.9998566876644747
GOBP_MONOCARBOXYLIC_ACID_METABOLIC_PROCESS,0.7784249804283474,1.0,0.167910447761194,10,0,-0.23924995727548862,0.9998566876644747
GOBP_POSITIVE_REGULATION_OF_CELL_ADHESION,0.7818088621757797,1.0,0.16996699669967,10,0,0.07429693763489251,0.9998566876644747
GOCC_PROTEIN_DNA_COMPLEX,0.7818170829981077,0.7775044844085599,0.131216931216931,10,0,-0.015600679947628815,0.9998566876644747
GOBP_PROTEIN_CONTAINING_COMPLEX_LOCALIZATION,0.7824607371920151,0.47317782842178946,0.288300835654596,10,0,-0.18777740594463713,0.9998566876644747
GOCC_NEURON_PROJECTION,0.7825259182394655,0.6295324423573483,0.218213058419244,10,0,-0.377962045302053,0.9998566876644747
GOBP_MONONUCLEAR_CELL_DIFFERENTIATION,0.7825568798690881,0.7604084707046876,0.107017543859649,10,0,0.19360978744458418,0.9998566876644747
GOMF_PHOSPHOLIPID_BINDING,0.7891724192852319,0.9024608053738596,0.0493653032440056,10,0,-0.2765551754462495,0.9998566876644747
GOBP_HEAD_DEVELOPMENT,0.7906783353506406,0.5115321498515575,0.227598566308244,10,0,-0.021870173729282016,0.9998566876644747
GOMF_PHOSPHORIC_ESTER_HYDROLASE_ACTIVITY,0.7911517291218377,0.8607146384915155,0.108407079646018,10,0,0.014630963575420642,0.9998566876644747
GOBP_RESPONSE_TO_INSULIN,0.7929246145401316,0.5523590250375898,0.205607476635514,10,0,-0.059236506854983786,0.9998566876644747
GOCC_SIDE_OF_MEMBRANE,0.796883833553963,0.6680319405435622,0.217777777777778,10,0,0.18585554057009548,0.9998566876644747
GOBP_MONOATOMIC_CATION_TRANSMEMBRANE_TRANSPORT,0.7982747818179406,0.9388329515460049,0.0239605989364031,10,0,-0.08942995117609033,0.9998566876644747
GOBP_RESPONSE_TO_PEPTIDE_HORMONE,0.7996047921970345,0.73677742075212,0.160211267605634,10,0,0.04381494011208278,0.9998566876644747
GOCC_CONDENSED_CHROMOSOME,0.8010730256959147,0.5222924133114317,0.332986472424558,10,0,0.03186707808604501,0.9998566876644747
GOMF_TRANSPORTER_ACTIVITY,0.8019566198461754,0.7100440020332704,0.0954446854663774,10,0,-0.08238952117128731,0.9998566876644747
GOBP_RESPONSE_TO_GROWTH_FACTOR,0.8021370574669395,0.985052065127909,0.0356354127701211,10,0,0.014456946792879677,0.9998566876644747
GOMF_PHOSPHOPROTEIN_PHOSPHATASE_ACTIVITY,0.8067666194301165,0.7771901842566756,0.1,10,0,-0.05635419707424142,0.9998566876644747
GOBP_ORGANIC_ACID_METABOLIC_PROCESS,0.8114082790906689,0.716878269158594,0.211693548387097,10,0,-0.24172720637409997,0.9998566876644747
GOBP_NUCLEOBASE_CONTAINING_COMPOUND_CATABOLIC_PROCESS,0.814470375853025,0.8426258189477143,0.145705521472393,10,0,-0.16967143640882906,0.9998566876644747
GOBP_NUCLEOTIDE_METABOLIC_PROCESS,0.8162057930236405,0.959373337212208,0.119525246388852,10,0,-0.4346231135024844,0.9998566876644747
GOBP_RRNA_METABOLIC_PROCESS,0.8186292661737729,0.7953003671509979,0.138686131386861,10,0,-0.07924433597652729,0.9998566876644747
GOBP_PROTEIN_MATURATION,0.821768824584892,0.9275092882588541,0.0285863008463972,10,0,-0.16537969453347098,0.9998566876644747
GOBP_WNT_SIGNALING_PATHWAY,0.8240260634098668,0.6257944389765233,0.29539641943734,10,0,0.008753308286994077,0.9998566876644747
GOBP_REGULATION_OF_RESPONSE_TO_WOUNDING,0.8241152215752581,0.9036023209788566,0.0926624317576323,10,0,0.15840672619587987,0.9998566876644747
GOBP_REGULATION_OF_CYTOSKELETON_ORGANIZATION,0.8250735325327819,0.8269091081170004,0.0953912111468382,10,0,-0.1330310167565289,0.9998566876644747
GOBP_POSITIVE_REGULATION_OF_CYTOKINE_PRODUCTION,0.8257232623204853,0.8082690227651784,0.213913043478261,10,0,-0.0021440002515535237,0.9998566876644747
GOBP_CELL_PROJECTION_MORPHOGENESIS,0.8259550499845406,0.9695027867442292,0.0226562558086069,10,0,0.1605322226415371,0.9998566876644747
GOBP_REGULATION_OF_ANATOMICAL_STRUCTURE_MORPHOGENESIS,0.826890163272379,0.9112711857558238,0.0676084762865792,10,0,-0.28858719194431515,0.9998566876644747
GOCC_NUCLEAR_OUTER_MEMBRANE_ENDOPLASMIC_RETICULUM_MEMBRANE_NETWORK,0.8274735027501493,0.7100823381471362,0.265237020316027,10,0,-0.23214713997494832,0.9998566876644747
GOBP_EPITHELIAL_CELL_DIFFERENTIATION,0.8276187239860828,0.6791799206005507,0.131362978563717,10,0,0.01749172697085096,0.9998566876644747
GOCC_CELL_LEADING_EDGE,0.8276485960999453,0.8543132371542046,0.0604627972455331,10,0,-0.49460807779064,0.9998566876644747
GOBP_INORGANIC_ION_HOMEOSTASIS,0.8288106169386704,0.7456959228643354,0.242248062015504,10,0,-0.09903516135698905,0.9998566876644747
GOBP_CARBOHYDRATE_CATABOLIC_PROCESS,0.8306351142910391,0.5959847041443823,0.258655804480652,10,0,-0.2183927630973339,0.9998566876644747
GOBP_REGULATION_OF_CATABOLIC_PROCESS,0.8309439678707209,0.8544243112234373,0.0747950819672131,10,0,-0.35116257615636837,0.9998566876644747
GOBP_POST_TRANSCRIPTIONAL_REGULATION_OF_GENE_EXPRESSION,0.8326692934721924,0.7808390410170838,0.125148986889154,10,0,-0.21130267554011758,0.9998566876644747
GOBP_REGULATION_OF_CELL_ADHESION,0.8333227265870122,0.7918339239353465,0.185430463576159,10,0,0.15776812447758493,0.9998566876644747
GOMF_PHOSPHATASE_ACTIVITY,0.8365876915256653,0.8609630078319045,0.113250283125708,10,0,0.091091026513956,0.9998566876644747
GOCC_TRANSPORTER_COMPLEX,0.8368134255166068,0.7103583519132,0.238805970149254,10,0,-0.12893016713650937,0.9998566876644747
GOBP_NEGATIVE_REGULATION_OF_LOCOMOTION,0.8391383405005132,0.9039216179155092,0.0247806520434182,10,0,0.024954057058749413,0.9998566876644747
GOBP_REGULATION_OF_CELLULAR_LOCALIZATION,0.8442746473337749,0.8479181442780374,0.247,10,0,-0.25143126243788594,0.9998566876644747
GOBP_PROTEIN_CONTAINING_COMPLEX_DISASSEMBLY,0.8447012364342674,0.7339318787539725,0.152452025586354,10,0,-0.3059563090768108,0.9998566876644747
GOBP_NEGATIVE_REGULATION_OF_TRANSLATION,0.8452714020944829,0.6403249297285395,0.256862745098039,10,0,-0.35870794634918507,0.9998566876644747
GOBP_LEUKOCYTE_DIFFERENTIATION,0.8455609773788968,0.7408826281202033,0.182608695652174,10,0,0.14636443803665838,0.9998566876644747
GOBP_REGULATION_OF_VESICLE_MEDIATED_TRANSPORT,0.8488995105441941,0.9412213217826582,0.0584475532463823,10,0,-0.1865489779776182,0.9998566876644747
GOBP_REGULATION_OF_PROTEIN_CATABOLIC_PROCESS,0.8513859645907995,0.7106637603086982,0.242537313432836,10,0,-0.054931490983883745,0.9998566876644747
GOBP_REGULATION_OF_RESPONSE_TO_STRESS,0.8522868625178023,0.8693704330963443,0.122,10,0,-0.1458240462341113,0.9998566876644747
GOBP_CELL_CHEMOTAXIS,0.8523063956717901,0.7711255191316493,0.240157480314961,10,0,0.2351282956299928,0.9998566876644747
GOBP_POSITIVE_REGULATION_OF_SIGNALING,0.8527543264239105,0.9414291184581202,0.0413223140495868,10,0,-0.2522373369372123,0.9998566876644747
GOBP_RESPONSE_TO_WOUNDING,0.853129646973831,0.9611135591225574,0.127062706270627,10,0,0.11588035082264944,0.9998566876644747
GOCC_MEMBRANE_PROTEIN_COMPLEX,0.853971248597986,0.8202539910153881,0.216216216216216,10,0,-0.3613275652878968,0.9998566876644747
GOMF_LIPID_BINDING,0.8629861252335542,0.9294851428286766,0.112466124661247,10,0,-0.07151913153443243,0.9998566876644747
GOCC_PRESYNAPSE,0.8631929571750246,0.6963795663714104,0.230448383733055,10,0,-0.17973899930294238,0.9998566876644747
GOBP_REGULATION_OF_PHOSPHORUS_METABOLIC_PROCESS,0.8638244592489253,0.8042998768322469,0.14721919302072,10,0,0.12478891910367769,0.9998566876644747
GOBP_NUCLEAR_CHROMOSOME_SEGREGATION,0.8647100567204684,0.7112073545074061,0.219512195121951,10,0,0.19324660031963659,0.9998566876644747
GOMF_ADENYL_NUCLEOTIDE_BINDING,0.8655309027826772,0.9537589518104105,0.116778523489933,10,0,-0.21685127145761934,0.9998566876644747
GOBP_SMALL_MOLECULE_BIOSYNTHETIC_PROCESS,0.8664602865492166,0.6743747689046992,0.224137931034483,10,0,0.012330764193394017,0.9998566876644747
GOBP_PROTEIN_LOCALIZATION_TO_CELL_PERIPHERY,0.8684970724400216,0.9072621632161648,0.174897119341564,10,0,-0.10756141506450989,0.9998566876644747
GOBP_REGULATION_OF_HEMOPOIESIS,0.8688629455244791,0.9349924336871366,0.100884955752212,10,0,0.2371879272242629,0.9998566876644747
GOBP_LEUKOCYTE_PROLIFERATION,0.8689532038406452,0.9350659854689253,0.0779036827195468,10,0,0.17396294742660415,0.9998566876644747
GOCC_GLUTAMATERGIC_SYNAPSE,0.8697384776853825,0.8436855309859687,0.13502538071066,10,0,-0.011649681852605287,0.9998566876644747
GOBP_POSITIVE_REGULATION_OF_CYTOSKELETON_ORGANIZATION,0.8731928466858566,0.9656553210109046,0.0645526613816535,10,0,-0.07080983897589933,0.9998566876644747
GOMF_RIBONUCLEOPROTEIN_COMPLEX_BINDING,0.8743606794250449,0.7268178332222304,0.164904862579281,10,0,-0.052765094808058986,0.9998566876644747
GOBP_REGULATION_OF_CATALYTIC_ACTIVITY,0.8748115998037906,0.9632737678106491,0.189304812834225,10,0,-0.3192662960730896,0.9998566876644747
GOBP_PURINE_NUCLEOTIDE_BIOSYNTHETIC_PROCESS,0.8749843721819996,0.8962200529669938,0.0705467372134039,10,0,-0.4286520096121322,0.9998566876644747
GOBP_POSITIVE_REGULATION_OF_IMMUNE_SYSTEM_PROCESS,0.8755674013021725,0.951306142826047,0.109704641350211,10,0,0.010285261351487395,0.9998566876644747
GOBP_PROTEIN_CONTAINING_COMPLEX_ORGANIZATION,0.8765736294708807,0.8336558104719253,0.214765100671141,10,0,-0.2056035469720819,0.9998566876644747
GOCC_VESICLE_LUMEN,0.8777590434096778,0.8502535168732992,0.166666666666667,10,0,-0.18166985959982945,0.9998566876644747
GOMF_PHOSPHATASE_BINDING,0.8812400880218655,0.761220938154799,0.11849710982659,10,0,-0.20823829390367243,0.9998566876644747
GOBP_REGULATION_OF_PHOSPHORYLATION,0.882605783376206,0.8667446849623859,0.19908466819222,10,0,0.14932936192150037,0.9998566876644747
GOBP_FOREBRAIN_DEVELOPMENT,0.8855590573752622,0.7227395944069044,0.269393511988717,10,0,-0.35177558973854034,0.9998566876644747
GOBP_POSITIVE_REGULATION_OF_MULTICELLULAR_ORGANISMAL_PROCESS,0.8892927799053678,0.9231218297312589,0.162043795620438,10,0,0.04700642481168368,0.9998566876644747
GOBP_NEGATIVE_REGULATION_OF_CELL_POPULATION_PROLIFERATION,0.8909542365171109,0.9592310952636282,0.149273447820343,10,0,-0.4461897320817657,0.9998566876644747
GOBP_DEFENSE_RESPONSE_TO_SYMBIONT,0.8921985653030583,0.9422222719920065,0.0426802094604748,10,0,0.05805234644854242,0.9998566876644747
GOBP_CELLULAR_COMPONENT_DISASSEMBLY,0.8945238715882914,0.7576100667635872,0.276464542651593,10,0,-0.41400132263394784,0.9998566876644747
GOBP_REGULATION_OF_CELLULAR_COMPONENT_BIOGENESIS,0.8961020433132983,0.8734953047589642,0.0847280334728034,10,0,-0.1634849681326705,0.9998566876644747
GOBP_NEGATIVE_REGULATION_OF_PROGRAMMED_CELL_DEATH,0.8991736372649739,0.9715375364845587,0.133333333333333,10,0,-0.05544699751257261,0.9998566876644747
GOBP_PURINE_CONTAINING_COMPOUND_BIOSYNTHETIC_PROCESS,0.9002153673357013,0.9568185387060728,0.0939130434782609,10,0,-0.41231028801815944,0.9998566876644747
GOBP_REGULATION_OF_ESTABLISHMENT_OF_PROTEIN_LOCALIZATION,0.9016203183010837,0.8429580036539238,0.317256162915327,10,0,-0.08405258020057986,0.9998566876644747
GOBP_RESPONSE_TO_REACTIVE_OXYGEN_SPECIES,0.9017613335101765,0.86540947608733,0.198300283286119,10,0,-0.29414031942183655,0.9998566876644747
GOBP_BEHAVIOR,0.901999303661411,0.9352215155925303,0.169456066945607,10,0,-0.25626071435989894,0.9998566876644747
GOBP_REGULATION_OF_CELL_PROJECTION_ORGANIZATION,0.9023838086439817,0.9818415837398269,0.0810810810810811,10,0,-0.06518433727653868,0.9998566876644747
GOBP_TRANSMEMBRANE_TRANSPORT,0.9029351224464286,0.8904280577137325,0.12112676056338,10,0,0.061958836221875604,0.9998566876644747
GOBP_ACTIN_FILAMENT_BUNDLE_ORGANIZATION,0.9041824842167009,0.9616402800721969,0.164473684210526,10,0,-0.22339257901117424,0.9998566876644747
GOCC_ORGANELLE_SUBCOMPARTMENT,0.9045645213328528,0.7208981462749091,0.306306306306306,10,0,-0.0588379336404574,0.9998566876644747
GOBP_DEFENSE_RESPONSE_TO_OTHER_ORGANISM,0.9052204714638333,0.9204729304423547,0.132102272727273,10,0,-0.12737811644139624,0.9998566876644747
GOBP_EMBRYO_DEVELOPMENT_ENDING_IN_BIRTH_OR_EGG_HATCHING,0.9066282779260494,0.7696410382743857,0.296754250386399,10,0,-0.408684460327663,0.9998566876644747
GOBP_RESPONSE_TO_PEPTIDE,0.906763587584662,0.9883279566844522,0.143079315707621,10,0,-0.22607396445603034,0.9998566876644747
GOBP_REGULATION_OF_IMMUNE_SYSTEM_PROCESS,0.9074081443027256,0.8739250528171214,0.207612456747405,10,0,-0.06592295551145393,0.9998566876644747
GOBP_REGULATION_OF_IMMUNE_RESPONSE,0.9078591649149802,0.8325795736400744,0.24390243902439,10,0,0.004752483505008687,0.9998566876644747
GOCC_ENDOCYTIC_VESICLE,0.9079524159338008,0.8000515565788802,0.214386459802539,10,0,0.0018377173696311644,0.9998566876644747
GOBP_PROTEIN_FOLDING,0.9081327298492476,0.9722481401960564,0.0678617157490397,10,0,0.0232477128007037,0.9998566876644747
GOBP_PYRIDINE_CONTAINING_COMPOUND_METABOLIC_PROCESS,0.9095068093330054,0.91978324440288,0.0838052095130238,10,0,-0.460964786923791,0.9998566876644747
GOBP_RENAL_SYSTEM_DEVELOPMENT,0.9099677834923524,0.8820206118794552,0.280453257790368,10,0,-0.18497321044291928,0.9998566876644747
GOBP_AMIDE_METABOLIC_PROCESS,0.913180458563263,0.9455017784611535,0.160919540229885,10,0,0.16005269340315803,0.9998566876644747
GOBP_POSITIVE_REGULATION_OF_PROTEIN_CATABOLIC_PROCESS,0.9137749574227287,0.8545835258343413,0.149590163934426,10,0,0.13787615703249398,0.9998566876644747
GOBP_REGULATION_OF_PROTEIN_SECRETION,0.9138996349742153,0.8671929333227206,0.13677811550152,10,0,0.3046171296892891,0.9998566876644747
GOBP_NUCLEOTIDE_BIOSYNTHETIC_PROCESS,0.9143032820414208,0.9437699049909414,0.0754385964912281,10,0,-0.43706787125124363,0.9998566876644747
GOBP_POSITIVE_REGULATION_OF_ESTABLISHMENT_OF_PROTEIN_LOCALIZATION,0.9165199066314373,0.91542690241056,0.206349206349206,10,0,-0.2045453185976882,0.9998566876644747
GOBP_WOUND_HEALING,0.9192927209666617,0.9721054422211831,0.132075471698113,10,0,-0.053058293245946894,0.9998566876644747
GOBP_DENDRITE_DEVELOPMENT,0.9199933564095047,0.8489856943229869,0.342776203966006,10,0,-0.3628304867808291,0.9998566876644747
GOBP_ORGANOPHOSPHATE_BIOSYNTHETIC_PROCESS,0.9209949836783532,0.986455087628005,0.1353224812018,10,0,-0.4046919597091754,0.9998566876644747
GOCC_PERINUCLEAR_REGION_OF_CYTOPLASM,0.9210553421364007,0.9608159665147753,0.142857142857143,10,0,-0.15151485678010623,0.9998566876644747
GOBP_VESICLE_MEDIATED_TRANSPORT,0.9213665652470049,0.9880186144110801,0.0405405405405405,10,0,-0.1311831420542247,0.9998566876644747
GOBP_PROTEIN_LOCALIZATION_TO_PLASMA_MEMBRANE,0.9221515885320896,1.0,0.201219512195122,10,0,-0.1717800551251662,0.9998566876644747
GOBP_PROTEIN_RNA_COMPLEX_ORGANIZATION,0.9248906729006393,0.8854990586008047,0.262626262626263,10,0,-0.10886993768079276,0.9998566876644747
GOBP_POSITIVE_REGULATION_OF_CELL_PROJECTION_ORGANIZATION,0.9263306512535945,1.0,0.0894308943089431,10,0,-0.1785696619723956,0.9998566876644747
GOBP_NUCLEOSIDE_PHOSPHATE_BIOSYNTHETIC_PROCESS,0.9271113914295557,0.9918884352864294,0.1082910321489,10,0,-0.3467676421866614,0.9998566876644747
GOBP_IMMUNE_EFFECTOR_PROCESS,0.9285325630228106,0.8875757193693582,0.109832635983264,10,0,0.020420039480387987,0.9998566876644747
GOBP_CHEMICAL_HOMEOSTASIS,0.9291558801838787,0.8971651713330749,0.186131386861314,10,0,-0.21550040893735076,0.9998566876644747
GOBP_MYELOID_LEUKOCYTE_MIGRATION,0.9308613726400105,0.9436713350955174,0.230919765166341,10,0,0.1911012948444043,0.9998566876644747
GOMF_PROTEIN_DOMAIN_SPECIFIC_BINDING,0.931033565393096,0.919512902160124,0.144699140401146,10,0,0.016908900435153296,0.9998566876644747
GOBP_LOCALIZATION_WITHIN_MEMBRANE,0.9314307428907613,0.9658396627250362,0.126535626535627,10,0,-0.13893827167620168,0.9998566876644747
GOBP_SYNAPSE_ORGANIZATION,0.9320703282598737,0.9425142944928345,0.176991150442478,10,0,-0.2843439653188803,0.9998566876644747
GOBP_PURINE_CONTAINING_COMPOUND_METABOLIC_PROCESS,0.9334620351301053,0.9769845552911339,0.276595744680851,9,0,-0.5055500552881248,0.9998566876644747
GOBP_REGULATION_OF_INNATE_IMMUNE_RESPONSE,0.9375201073653506,0.8670190972914721,0.327783558792924,10,0,0.011670669673747391,0.9998566876644747
GOBP_REGULATION_OF_RESPONSE_TO_BIOTIC_STIMULUS,0.940993604169738,1.0,0.302222222222222,10,0,-0.001207595408567319,0.9998566876644747
GOMF_TUBULIN_BINDING,0.9424687617764919,0.9553860036809707,0.105691056910569,10,0,-0.15385924042387117,0.9998566876644747
GOBP_PHOSPHATIDYLINOSITOL_3_KINASE_PROTEIN_KINASE_B_SIGNAL_TRANSDUCTION,0.9427891644713988,0.8812515380402495,0.258407079646018,10,0,-0.3243720712882506,0.9998566876644747
GOMF_PROTEIN_HETERODIMERIZATION_ACTIVITY,0.9428844686066745,0.9701563605469237,0.252873563218391,10,0,-0.22087622421502048,0.9998566876644747
GOBP_CHROMOSOME_ORGANIZATION,0.947759080317921,0.8646402508931292,0.321739130434783,10,0,0.007894220097385473,0.9998566876644747
GOBP_REGULATION_OF_ENDOCYTOSIS,0.9507566632079045,0.9571573752651411,0.190376569037657,10,0,-0.14556729160582133,0.9998566876644747
GOMF_MOLECULAR_FUNCTION_INHIBITOR_ACTIVITY,0.9509022976134787,0.9853809405647713,0.194748358862144,10,0,-0.21791171020751743,0.9998566876644747
GOCC_SECRETORY_GRANULE,0.9525063892425966,0.8182423094382332,0.32824427480916,10,0,-0.188440059021015,0.9998566876644747
GOBP_REGULATION_OF_SECRETION,0.9539667058717464,0.9650451671021971,0.223149113660063,10,0,-0.12443081232372533,0.9998566876644747
GOBP_NEGATIVE_REGULATION_OF_INTRACELLULAR_SIGNAL_TRANSDUCTION,0.9539805530368463,0.8409922287980895,0.378579003181336,10,0,-0.13750785145034777,0.9998566876644747
GOBP_HOMEOSTATIC_PROCESS,0.9553256548702883,0.9587794553736083,0.299,10,0,-0.3145134078476907,0.9998566876644747
GOBP_RESPONSE_TO_OXIDATIVE_STRESS,0.9566235620416571,0.9493347875078555,0.277777777777778,10,0,-0.188118522132137,0.9998566876644747
GOBP_SMALL_MOLECULE_METABOLIC_PROCESS,0.9573077549508286,0.9698842834511157,0.124579124579125,10,0,-0.574298931366563,0.9998566876644747
GOBP_REGULATION_OF_WNT_SIGNALING_PATHWAY,0.9573712398893554,0.9123520318034813,0.289416846652268,10,0,-0.15156589957751312,0.9998566876644747
GOBP_NUCLEOBASE_CONTAINING_SMALL_MOLECULE_METABOLIC_PROCESS,0.9587652506066596,0.9837544794714604,0.172222222222222,9,0,-0.4677699198874139,0.9998566876644747
GOBP_DOUBLE_STRAND_BREAK_REPAIR,0.9621461956433957,0.8964855296321546,0.278455284552846,10,0,-0.18587466918775228,0.9998566876644747
GOCC_POSTSYNAPSE,0.9630266707427133,0.9605202543425592,0.0751503006012024,10,0,-0.2869373890067285,0.9998566876644747
GOBP_REGULATION_OF_PROTEIN_MODIFICATION_PROCESS,0.9636982661757316,0.9592657886507565,0.0985761226725082,10,0,0.2446067612170059,0.9998566876644747
GOBP_CANONICAL_WNT_SIGNALING_PATHWAY,0.9640387662120087,0.9062109909018115,0.227112676056338,10,0,-0.0018816136459166022,0.9998566876644747
GOBP_MULTICELLULAR_ORGANISMAL_LEVEL_HOMEOSTASIS,0.9651861594206319,0.9827797107803597,0.17384370015949,10,0,-0.21757334005457726,0.9998566876644747
GOCC_SECRETORY_VESICLE,0.9695970508709408,0.8306174135407484,0.50187265917603,10,0,-0.3624583908253459,0.9998566876644747
GOBP_MONOATOMIC_ION_HOMEOSTASIS,0.9714116040450103,0.963551276500037,0.156186153968438,10,0,-0.23436828205020382,0.9998566876644747
GOBP_POSITIVE_REGULATION_OF_LOCOMOTION,0.9721304898693739,0.9778917924117222,0.100977198697068,10,0,-0.04423749559289397,0.9998566876644747
GOBP_ENDOCYTOSIS,0.972536048377332,0.995980197357702,0.252758274824473,10,0,0.021827209888942645,0.9998566876644747
GOMF_KINASE_BINDING,0.9729285969426948,0.9914004048055707,0.211072664359862,10,0,-0.11708449429474602,0.9998566876644747
GOBP_REGULATION_OF_CANONICAL_WNT_SIGNALING_PATHWAY,0.9731135837546572,0.9488590777841884,0.368606701940035,10,0,-0.005151277577319702,0.9998566876644747
GOBP_REGULATION_OF_LOCOMOTION,0.9737618911205327,0.9575556873105172,0.221052631578947,10,0,-0.07582023356635346,0.9998566876644747
GOBP_INTRACELLULAR_MONOATOMIC_ION_HOMEOSTASIS,0.9751060835665881,0.9044577433564038,0.412037037037037,10,0,-0.10346173165345758,0.9998566876644747
GOBP_EXPORT_FROM_CELL,0.9769503085212637,0.9653989110916108,0.312056737588653,10,0,0.1614866794504874,0.9998566876644747
GOBP_REGULATION_OF_CELL_DEVELOPMENT,0.977703482389181,0.9254166086494748,0.402640264026403,10,0,-0.17380690199113552,0.9998566876644747
GOBP_ORGANELLE_FISSION,0.9804794065225779,0.9378739384242458,0.266666666666667,10,0,0.14666513904813058,0.9998566876644747
GOBP_LOCOMOTION,0.9821713127169287,0.9847490120616111,0.175824175824176,10,0,-0.026400015000375986,0.9998566876644747
GOBP_REGULATION_OF_TRANSPORT,0.9823055654445275,0.9895784853294288,0.191176470588235,10,0,0.08616316910251859,0.9998566876644747
GOBP_PROTEIN_LOCALIZATION_TO_EXTRACELLULAR_REGION,0.9837773358555334,0.9749950010879054,0.192546583850932,10,0,0.005256952756558064,0.9998566876644747
GOCC_CELL_CORTEX,0.9881520366976826,0.9893189789411889,0.41715976331361,10,0,0.009031067295266492,0.9998566876644747
GOBP_POSITIVE_REGULATION_OF_GENE_EXPRESSION,0.9882837081143532,0.9582797093300485,0.494318181818182,10,0,-0.0334460223492248,0.9998566876644747
GOBP_POSITIVE_REGULATION_OF_TRANSPORT,0.988356955858629,0.9982041807752056,0.212121212121212,10,0,-0.11549894974444519,0.9998566876644747
GOBP_ORGANOPHOSPHATE_METABOLIC_PROCESS,0.9886669763582865,0.9980437564773103,0.346707818930041,9,0,-0.464314727782202,0.9998566876644747
GOBP_SMALL_MOLECULE_CATABOLIC_PROCESS,0.9887622918089378,0.9466895351648281,0.462018730489074,10,0,-0.04679583702876637,0.9998566876644747
GOBP_POSITIVE_REGULATION_OF_PROTEIN_LOCALIZATION,0.9889904039708478,0.9916911174614104,0.400332225913621,10,0,-0.22734825731921102,0.9998566876644747
GOBP_REGULATION_OF_PROTEIN_METABOLIC_PROCESS,0.9894904933009481,0.9904878936221926,0.328671328671329,10,0,-0.1946879850151764,0.9998566876644747
GOBP_CELL_MOTILITY,0.9899852795266101,0.981843984192094,0.411483253588517,10,0,-0.1756324018172107,0.9998566876644747
GOBP_POSITIVE_REGULATION_OF_PHOSPHORUS_METABOLIC_PROCESS,0.9903332610850236,0.9566051731439826,0.472895040369089,10,0,0.11555991977715167,0.9998566876644747
GOBP_POSITIVE_REGULATION_OF_PROTEIN_METABOLIC_PROCESS,0.9920624385256446,0.9982558705512422,0.189189189189189,10,0,0.035770230797090394,0.9998566876644747
GOBP_ACTIN_FILAMENT_ORGANIZATION,0.9936855571674595,0.9929598233955771,0.33224043715847,10,0,-0.5215316339644314,0.9998566876644747
GOCC_SYNAPSE,0.9938471539329792,0.9758756044203697,0.369627507163324,10,0,-0.21536164910654718,0.9998566876644747
GOBP_CYTOKINE_MEDIATED_SIGNALING_PATHWAY,0.9942843895388176,0.9991748723650496,0.191752577319588,10,0,-0.022748412483677448,0.9998566876644747
GOBP_BIOLOGICAL_PROCESS_INVOLVED_IN_INTERSPECIES_INTERACTION_BETWEEN_ORGANISMS,0.9948955069387577,0.9869004389174744,0.418,10,0,0.011346496727477107,0.9998566876644747
GOMF_SIGNALING_RECEPTOR_BINDING,0.9958076904566435,0.9997100744448315,0.224465558194774,10,0,-0.30352173751133493,0.9998566876644747
GOBP_CARBOHYDRATE_DERIVATIVE_METABOLIC_PROCESS,0.9963338217551512,0.9969282360435103,0.394444444444444,9,0,-0.30487015582796534,0.9998566876644747
GOBP_IMPORT_INTO_CELL,0.9966104874206055,0.9976054821991466,0.401260504201681,10,0,0.05516918007877578,0.9998566876644747
GOBP_PHOSPHORUS_METABOLIC_PROCESS,0.9968491930341474,0.99919400578417,0.235055724417427,10,0,-0.23797654247500866,0.9998566876644747
GOBP_CELL_MORPHOGENESIS,0.9983751200051019,0.9999418844434184,0.130225080385852,10,0,-0.32978959344809194,0.9998566876644747
GOBP_CARBOHYDRATE_DERIVATIVE_BIOSYNTHETIC_PROCESS,0.9992756086437897,1.0,0.278955954323002,10,0,-0.37575811133871617,0.9998566876644747
GOBP_POSITIVE_REGULATION_OF_PROTEIN_MODIFICATION_PROCESS,0.9993250701208752,0.992697569511403,0.510967741935484,10,0,0.10200602232802432,0.9998566876644747
GOBP_NEGATIVE_REGULATION_OF_IMMUNE_SYSTEM_PROCESS,0.9998566876644747,0.9993441356643041,0.471757322175732,10,0,0.2167502268818192,0.9998566876644747
