sample_num,sample_label,analysis,quantile,rediscovery_rate,auc
1,NTVE$_{\mathrm{PABP}}$,Lysateâ†’SN_bottom,2.0,70.04405286343612,8225.518899642497
1,NTVE$_{\mathrm{PABP}}$,Lysateâ†’SN_bottom,4.0,72.4669603524229,8225.518899642497
1,NTVE$_{\mathrm{PABP}}$,Lysateâ†’SN_bottom,6.0,72.58064516129032,8225.518899642497
1,NTVE$_{\mathrm{PABP}}$,Lysateâ†’SN_bottom,8.0,74.03740374037405,8225.518899642497
1,NTVE$_{\mathrm{PABP}}$,Lysateâ†’SN_bottom,10.0,75.44014084507043,8225.518899642497
1,NTVE$_{\mathrm{PABP}}$,Lysateâ†’SN_bottom,12.0,75.05502567865004,8225.518899642497
1,NTVE$_{\mathrm{PABP}}$,Lysateâ†’SN_bottom,14.0,75.53459119496856,8225.518899642497
1,NTVE$_{\mathrm{PABP}}$,Lysateâ†’SN_bottom,16.0,76.55476059438635,8225.518899642497
1,NTVE$_{\mathrm{PABP}}$,Lysateâ†’SN_bottom,18.0,77.1638141809291,8225.518899642497
1,NTVE$_{\mathrm{PABP}}$,Lysateâ†’SN_bottom,20.0,77.59683098591549,8225.518899642497
1,NTVE$_{\mathrm{PABP}}$,Lysateâ†’SN_bottom,22.0,78.47138855542217,8225.518899642497
1,NTVE$_{\mathrm{PABP}}$,Lysateâ†’SN_bottom,24.0,78.98019075568598,8225.518899642497
1,NTVE$_{\mathrm{PABP}}$,Lysateâ†’SN_bottom,26.0,79.41076870978667,8225.518899642497
1,NTVE$_{\mathrm{PABP}}$,Lysateâ†’SN_bottom,28.0,79.78623074504873,8225.518899642497
1,NTVE$_{\mathrm{PABP}}$,Lysateâ†’SN_bottom,30.0,80.25234741784037,8225.518899642497
1,NTVE$_{\mathrm{PABP}}$,Lysateâ†’SN_bottom,32.0,80.79779917469051,8225.518899642497
1,NTVE$_{\mathrm{PABP}}$,Lysateâ†’SN_bottom,34.0,81.25323666494045,8225.518899642497
1,NTVE$_{\mathrm{PABP}}$,Lysateâ†’SN_bottom,36.0,81.829298116899,8225.518899642497
1,NTVE$_{\mathrm{PABP}}$,Lysateâ†’SN_bottom,38.0,82.32159406858202,8225.518899642497
1,NTVE$_{\mathrm{PABP}}$,Lysateâ†’SN_bottom,40.0,82.79049295774648,8225.518899642497
1,NTVE$_{\mathrm{PABP}}$,Lysateâ†’SN_bottom,42.0,83.25298679522113,8225.518899642497
1,NTVE$_{\mathrm{PABP}}$,Lysateâ†’SN_bottom,44.0,83.61344537815127,8225.518899642497
1,NTVE$_{\mathrm{PABP}}$,Lysateâ†’SN_bottom,46.0,84.0956937799043,8225.518899642497
1,NTVE$_{\mathrm{PABP}}$,Lysateâ†’SN_bottom,48.0,84.39104915627293,8225.518899642497
1,NTVE$_{\mathrm{PABP}}$,Lysateâ†’SN_bottom,50.0,84.82394366197184,8225.518899642497
1,NTVE$_{\mathrm{PABP}}$,Lysateâ†’SN_bottom,52.0,85.1193499238192,8225.518899642497
1,NTVE$_{\mathrm{PABP}}$,Lysateâ†’SN_bottom,54.0,85.58852298663189,8225.518899642497
1,NTVE$_{\mathrm{PABP}}$,Lysateâ†’SN_bottom,56.0,85.97704763401981,8225.518899642497
1,NTVE$_{\mathrm{PABP}}$,Lysateâ†’SN_bottom,58.0,86.36915604128718,8225.518899642497
1,NTVE$_{\mathrm{PABP}}$,Lysateâ†’SN_bottom,60.0,86.74981658107117,8225.518899642497
1,NTVE$_{\mathrm{PABP}}$,Lysateâ†’SN_bottom,62.0,87.02257560698567,8225.518899642497
1,NTVE$_{\mathrm{PABP}}$,Lysateâ†’SN_bottom,64.0,87.34525447042641,8225.518899642497
1,NTVE$_{\mathrm{PABP}}$,Lysateâ†’SN_bottom,66.0,87.6750700280112,8225.518899642497
1,NTVE$_{\mathrm{PABP}}$,Lysateâ†’SN_bottom,68.0,87.94665976178146,8225.518899642497
1,NTVE$_{\mathrm{PABP}}$,Lysateâ†’SN_bottom,70.0,88.25304993082631,8225.518899642497
1,NTVE$_{\mathrm{PABP}}$,Lysateâ†’SN_bottom,72.0,88.51797505502567,8225.518899642497
1,NTVE$_{\mathrm{PABP}}$,Lysateâ†’SN_bottom,74.0,88.80561503687842,8225.518899642497
1,NTVE$_{\mathrm{PABP}}$,Lysateâ†’SN_bottom,76.0,89.05363141434032,8225.518899642497
1,NTVE$_{\mathrm{PABP}}$,Lysateâ†’SN_bottom,78.0,89.33408577878103,8225.518899642497
1,NTVE$_{\mathrm{PABP}}$,Lysateâ†’SN_bottom,80.0,89.60052822713766,8225.518899642497
1,NTVE$_{\mathrm{PABP}}$,Lysateâ†’SN_bottom,82.0,89.84324672535968,8225.518899642497
1,NTVE$_{\mathrm{PABP}}$,Lysateâ†’SN_bottom,84.0,90.06497589603856,8225.518899642497
1,NTVE$_{\mathrm{PABP}}$,Lysateâ†’SN_bottom,86.0,90.27536083529533,8225.518899642497
1,NTVE$_{\mathrm{PABP}}$,Lysateâ†’SN_bottom,88.0,90.49619847939175,8225.518899642497
1,NTVE$_{\mathrm{PABP}}$,Lysateâ†’SN_bottom,90.0,90.6974469333855,8225.518899642497
1,NTVE$_{\mathrm{PABP}}$,Lysateâ†’SN_bottom,92.0,90.88995215311004,8225.518899642497
1,NTVE$_{\mathrm{PABP}}$,Lysateâ†’SN_bottom,94.0,91.08363772595298,8225.518899642497
1,NTVE$_{\mathrm{PABP}}$,Lysateâ†’SN_bottom,96.0,91.27005960568546,8225.518899642497
1,NTVE$_{\mathrm{PABP}}$,Lysateâ†’SN_bottom,98.0,91.44807761408552,8225.518899642497
1,NTVE$_{\mathrm{PABP}}$,Lysateâ†’SN_bottom,100.0,91.61898054406198,8225.518899642497
1,NTVE$_{\mathrm{PABP}}$,Lysateâ†’SN_top,2.0,100.0,9551.308070349161
1,NTVE$_{\mathrm{PABP}}$,Lysateâ†’SN_top,4.0,100.0,9551.308070349161
1,NTVE$_{\mathrm{PABP}}$,Lysateâ†’SN_top,6.0,100.0,9551.308070349161
1,NTVE$_{\mathrm{PABP}}$,Lysateâ†’SN_top,8.0,100.0,9551.308070349161
1,NTVE$_{\mathrm{PABP}}$,Lysateâ†’SN_top,10.0,99.91197183098592,9551.308070349161
1,NTVE$_{\mathrm{PABP}}$,Lysateâ†’SN_top,12.0,99.85326485693324,9551.308070349161
1,NTVE$_{\mathrm{PABP}}$,Lysateâ†’SN_top,14.0,99.87421383647799,9551.308070349161
1,NTVE$_{\mathrm{PABP}}$,Lysateâ†’SN_top,16.0,99.77985690698954,9551.308070349161
1,NTVE$_{\mathrm{PABP}}$,Lysateâ†’SN_top,18.0,99.70660146699267,9551.308070349161
1,NTVE$_{\mathrm{PABP}}$,Lysateâ†’SN_top,20.0,99.6919014084507,9551.308070349161
1,NTVE$_{\mathrm{PABP}}$,Lysateâ†’SN_top,22.0,99.71988795518207,9551.308070349161
1,NTVE$_{\mathrm{PABP}}$,Lysateâ†’SN_top,24.0,99.74321349963317,9551.308070349161
1,NTVE$_{\mathrm{PABP}}$,Lysateâ†’SN_top,26.0,99.62749746020995,9551.308070349161
1,NTVE$_{\mathrm{PABP}}$,Lysateâ†’SN_top,28.0,99.5913234831814,9551.308070349161
1,NTVE$_{\mathrm{PABP}}$,Lysateâ†’SN_top,30.0,99.47183098591549,9551.308070349161
1,NTVE$_{\mathrm{PABP}}$,Lysateâ†’SN_top,32.0,99.4222833562586,9551.308070349161
1,NTVE$_{\mathrm{PABP}}$,Lysateâ†’SN_top,34.0,99.27498705334024,9551.308070349161
1,NTVE$_{\mathrm{PABP}}$,Lysateâ†’SN_top,36.0,99.21741257031059,9551.308070349161
1,NTVE$_{\mathrm{PABP}}$,Lysateâ†’SN_top,38.0,99.11955514365152,9551.308070349161
1,NTVE$_{\mathrm{PABP}}$,Lysateâ†’SN_top,40.0,98.92165492957746,9551.308070349161
1,NTVE$_{\mathrm{PABP}}$,Lysateâ†’SN_top,42.0,98.8681618109411,9551.308070349161
1,NTVE$_{\mathrm{PABP}}$,Lysateâ†’SN_top,44.0,98.79951980792316,9551.308070349161
1,NTVE$_{\mathrm{PABP}}$,Lysateâ†’SN_top,46.0,98.69856459330143,9551.308070349161
1,NTVE$_{\mathrm{PABP}}$,Lysateâ†’SN_top,48.0,98.66104181951577,9551.308070349161
1,NTVE$_{\mathrm{PABP}}$,Lysateâ†’SN_top,50.0,98.41549295774648,9551.308070349161
1,NTVE$_{\mathrm{PABP}}$,Lysateâ†’SN_top,52.0,98.29016421195192,9551.308070349161
1,NTVE$_{\mathrm{PABP}}$,Lysateâ†’SN_top,54.0,98.02738832735572,9551.308070349161
1,NTVE$_{\mathrm{PABP}}$,Lysateâ†’SN_top,56.0,97.90913378399623,9551.308070349161
1,NTVE$_{\mathrm{PABP}}$,Lysateâ†’SN_top,58.0,97.6775956284153,9551.308070349161
1,NTVE$_{\mathrm{PABP}}$,Lysateâ†’SN_top,60.0,97.505502567865,9551.308070349161
1,NTVE$_{\mathrm{PABP}}$,Lysateâ†’SN_top,62.0,97.31648445264803,9551.308070349161
1,NTVE$_{\mathrm{PABP}}$,Lysateâ†’SN_top,64.0,97.12517193947731,9551.308070349161
1,NTVE$_{\mathrm{PABP}}$,Lysateâ†’SN_top,66.0,96.95878351340536,9551.308070349161
1,NTVE$_{\mathrm{PABP}}$,Lysateâ†’SN_top,68.0,96.71154842050751,9551.308070349161
1,NTVE$_{\mathrm{PABP}}$,Lysateâ†’SN_top,70.0,96.49100742045026,9551.308070349161
1,NTVE$_{\mathrm{PABP}}$,Lysateâ†’SN_top,72.0,96.22157006603082,9551.308070349161
1,NTVE$_{\mathrm{PABP}}$,Lysateâ†’SN_top,74.0,95.9076849869141,9551.308070349161
1,NTVE$_{\mathrm{PABP}}$,Lysateâ†’SN_top,76.0,95.60986910691533,9551.308070349161
1,NTVE$_{\mathrm{PABP}}$,Lysateâ†’SN_top,78.0,95.3273137697517,9551.308070349161
1,NTVE$_{\mathrm{PABP}}$,Lysateâ†’SN_top,80.0,95.1249037085947,9551.308070349161
1,NTVE$_{\mathrm{PABP}}$,Lysateâ†’SN_top,82.0,94.79278505475628,9551.308070349161
1,NTVE$_{\mathrm{PABP}}$,Lysateâ†’SN_top,84.0,94.4875288199539,9551.308070349161
1,NTVE$_{\mathrm{PABP}}$,Lysateâ†’SN_top,86.0,94.23687173712764,9551.308070349161
1,NTVE$_{\mathrm{PABP}}$,Lysateâ†’SN_top,88.0,93.87755102040816,9551.308070349161
1,NTVE$_{\mathrm{PABP}}$,Lysateâ†’SN_top,90.0,93.41680524307932,9551.308070349161
1,NTVE$_{\mathrm{PABP}}$,Lysateâ†’SN_top,92.0,93.14832535885168,9551.308070349161
1,NTVE$_{\mathrm{PABP}}$,Lysateâ†’SN_top,94.0,92.83506602978365,9551.308070349161
1,NTVE$_{\mathrm{PABP}}$,Lysateâ†’SN_top,96.0,92.41632278771206,9551.308070349161
1,NTVE$_{\mathrm{PABP}}$,Lysateâ†’SN_top,98.0,92.05892921307941,9551.308070349161
1,NTVE$_{\mathrm{PABP}}$,Lysateâ†’SN_top,100.0,91.61898054406198,9551.308070349161
1,NTVE$_{\mathrm{PABP}}$,SNâ†’Lysate_bottom,2.0,40.65040650406504,6405.464167127613
1,NTVE$_{\mathrm{PABP}}$,SNâ†’Lysate_bottom,4.0,43.08943089430895,6405.464167127613
1,NTVE$_{\mathrm{PABP}}$,SNâ†’Lysate_bottom,6.0,42.81842818428184,6405.464167127613
1,NTVE$_{\mathrm{PABP}}$,SNâ†’Lysate_bottom,8.0,47.15447154471545,6405.464167127613
1,NTVE$_{\mathrm{PABP}}$,SNâ†’Lysate_bottom,10.0,47.35557363710334,6405.464167127613
1,NTVE$_{\mathrm{PABP}}$,SNâ†’Lysate_bottom,12.0,47.25423728813559,6405.464167127613
1,NTVE$_{\mathrm{PABP}}$,SNâ†’Lysate_bottom,14.0,48.28588030214991,6405.464167127613
1,NTVE$_{\mathrm{PABP}}$,SNâ†’Lysate_bottom,16.0,49.008642602948655,6405.464167127613
1,NTVE$_{\mathrm{PABP}}$,SNâ†’Lysate_bottom,18.0,50.61003163126977,6405.464167127613
1,NTVE$_{\mathrm{PABP}}$,SNâ†’Lysate_bottom,20.0,51.56567710451403,6405.464167127613
1,NTVE$_{\mathrm{PABP}}$,SNâ†’Lysate_bottom,22.0,52.64325323475047,6405.464167127613
1,NTVE$_{\mathrm{PABP}}$,SNâ†’Lysate_bottom,24.0,53.913927482209424,6405.464167127613
1,NTVE$_{\mathrm{PABP}}$,SNâ†’Lysate_bottom,26.0,54.943679599499376,6405.464167127613
1,NTVE$_{\mathrm{PABP}}$,SNâ†’Lysate_bottom,28.0,56.042998256827424,6405.464167127613
1,NTVE$_{\mathrm{PABP}}$,SNâ†’Lysate_bottom,30.0,56.96854663774403,6405.464167127613
1,NTVE$_{\mathrm{PABP}}$,SNâ†’Lysate_bottom,32.0,58.38840874428063,6405.464167127613
1,NTVE$_{\mathrm{PABP}}$,SNâ†’Lysate_bottom,34.0,59.688995215311,6405.464167127613
1,NTVE$_{\mathrm{PABP}}$,SNâ†’Lysate_bottom,36.0,60.573881608676004,6405.464167127613
1,NTVE$_{\mathrm{PABP}}$,SNâ†’Lysate_bottom,38.0,61.6652397260274,6405.464167127613
1,NTVE$_{\mathrm{PABP}}$,SNâ†’Lysate_bottom,40.0,62.44408296055307,6405.464167127613
1,NTVE$_{\mathrm{PABP}}$,SNâ†’Lysate_bottom,42.0,63.52895603331397,6405.464167127613
1,NTVE$_{\mathrm{PABP}}$,SNâ†’Lysate_bottom,44.0,64.37419116287668,6405.464167127613
1,NTVE$_{\mathrm{PABP}}$,SNâ†’Lysate_bottom,46.0,65.39345711759505,6405.464167127613
1,NTVE$_{\mathrm{PABP}}$,SNâ†’Lysate_bottom,48.0,66.17522453821387,6405.464167127613
1,NTVE$_{\mathrm{PABP}}$,SNâ†’Lysate_bottom,50.0,67.02456482837155,6405.464167127613
1,NTVE$_{\mathrm{PABP}}$,SNâ†’Lysate_bottom,52.0,67.71468793993431,6405.464167127613
1,NTVE$_{\mathrm{PABP}}$,SNâ†’Lysate_bottom,54.0,68.47416779635486,6405.464167127613
1,NTVE$_{\mathrm{PABP}}$,SNâ†’Lysate_bottom,56.0,69.31009440813362,6405.464167127613
1,NTVE$_{\mathrm{PABP}}$,SNâ†’Lysate_bottom,58.0,70.06030009816295,6405.464167127613
1,NTVE$_{\mathrm{PABP}}$,SNâ†’Lysate_bottom,60.0,70.89208242950107,6405.464167127613
1,NTVE$_{\mathrm{PABP}}$,SNâ†’Lysate_bottom,62.0,71.66098136971924,6405.464167127613
1,NTVE$_{\mathrm{PABP}}$,SNâ†’Lysate_bottom,64.0,72.36908998474834,6405.464167127613
1,NTVE$_{\mathrm{PABP}}$,SNâ†’Lysate_bottom,66.0,73.08355928025635,6405.464167127613
1,NTVE$_{\mathrm{PABP}}$,SNâ†’Lysate_bottom,68.0,73.75598086124401,6405.464167127613
1,NTVE$_{\mathrm{PABP}}$,SNâ†’Lysate_bottom,70.0,74.36672089240065,6405.464167127613
1,NTVE$_{\mathrm{PABP}}$,SNâ†’Lysate_bottom,72.0,75.0225937641211,6405.464167127613
1,NTVE$_{\mathrm{PABP}}$,SNâ†’Lysate_bottom,74.0,75.64299846120026,6405.464167127613
1,NTVE$_{\mathrm{PABP}}$,SNâ†’Lysate_bottom,76.0,76.2281922294766,6405.464167127613
1,NTVE$_{\mathrm{PABP}}$,SNâ†’Lysate_bottom,78.0,76.81718635937011,6405.464167127613
1,NTVE$_{\mathrm{PABP}}$,SNâ†’Lysate_bottom,80.0,77.35638027452974,6405.464167127613
1,NTVE$_{\mathrm{PABP}}$,SNâ†’Lysate_bottom,82.0,77.899017954568,6405.464167127613
1,NTVE$_{\mathrm{PABP}}$,SNâ†’Lysate_bottom,84.0,78.40611987992641,6405.464167127613
1,NTVE$_{\mathrm{PABP}}$,SNâ†’Lysate_bottom,86.0,78.89908256880734,6405.464167127613
1,NTVE$_{\mathrm{PABP}}$,SNâ†’Lysate_bottom,88.0,79.37887050559202,6405.464167127613
1,NTVE$_{\mathrm{PABP}}$,SNâ†’Lysate_bottom,90.0,79.81924988703118,6405.464167127613
1,NTVE$_{\mathrm{PABP}}$,SNâ†’Lysate_bottom,92.0,80.25641025641026,6405.464167127613
1,NTVE$_{\mathrm{PABP}}$,SNâ†’Lysate_bottom,94.0,80.65939771547248,6405.464167127613
1,NTVE$_{\mathrm{PABP}}$,SNâ†’Lysate_bottom,96.0,81.06253177427554,6405.464167127613
1,NTVE$_{\mathrm{PABP}}$,SNâ†’Lysate_bottom,98.0,81.449203187251,6405.464167127613
1,NTVE$_{\mathrm{PABP}}$,SNâ†’Lysate_bottom,100.0,81.82040019521718,6405.464167127613
1,NTVE$_{\mathrm{PABP}}$,SNâ†’Lysate_top,2.0,100.0,9269.280855270108
1,NTVE$_{\mathrm{PABP}}$,SNâ†’Lysate_top,4.0,100.0,9269.280855270108
1,NTVE$_{\mathrm{PABP}}$,SNâ†’Lysate_top,6.0,100.0,9269.280855270108
1,NTVE$_{\mathrm{PABP}}$,SNâ†’Lysate_top,8.0,99.79674796747967,9269.280855270108
1,NTVE$_{\mathrm{PABP}}$,SNâ†’Lysate_top,10.0,99.8372660699756,9269.280855270108
1,NTVE$_{\mathrm{PABP}}$,SNâ†’Lysate_top,12.0,99.72881355932203,9269.280855270108
1,NTVE$_{\mathrm{PABP}}$,SNâ†’Lysate_top,14.0,99.76757699012202,9269.280855270108
1,NTVE$_{\mathrm{PABP}}$,SNâ†’Lysate_top,16.0,99.74580579562786,9269.280855270108
1,NTVE$_{\mathrm{PABP}}$,SNâ†’Lysate_top,18.0,99.68368730230456,9269.280855270108
1,NTVE$_{\mathrm{PABP}}$,SNâ†’Lysate_top,20.0,99.67466449776332,9269.280855270108
1,NTVE$_{\mathrm{PABP}}$,SNâ†’Lysate_top,22.0,99.55637707948244,9269.280855270108
1,NTVE$_{\mathrm{PABP}}$,SNâ†’Lysate_top,24.0,99.52558454761098,9269.280855270108
1,NTVE$_{\mathrm{PABP}}$,SNâ†’Lysate_top,26.0,99.40550688360452,9269.280855270108
1,NTVE$_{\mathrm{PABP}}$,SNâ†’Lysate_top,28.0,99.30273097036607,9269.280855270108
1,NTVE$_{\mathrm{PABP}}$,SNâ†’Lysate_top,30.0,99.21366594360087,9269.280855270108
1,NTVE$_{\mathrm{PABP}}$,SNâ†’Lysate_top,32.0,98.95780376207422,9269.280855270108
1,NTVE$_{\mathrm{PABP}}$,SNâ†’Lysate_top,34.0,98.7799043062201,9269.280855270108
1,NTVE$_{\mathrm{PABP}}$,SNâ†’Lysate_top,36.0,98.62178038861275,9269.280855270108
1,NTVE$_{\mathrm{PABP}}$,SNâ†’Lysate_top,38.0,98.39469178082192,9269.280855270108
1,NTVE$_{\mathrm{PABP}}$,SNâ†’Lysate_top,40.0,98.21065473769825,9269.280855270108
1,NTVE$_{\mathrm{PABP}}$,SNâ†’Lysate_top,42.0,98.06314158435019,9269.280855270108
1,NTVE$_{\mathrm{PABP}}$,SNâ†’Lysate_top,44.0,97.74449990756146,9269.280855270108
1,NTVE$_{\mathrm{PABP}}$,SNâ†’Lysate_top,46.0,97.48894783377541,9269.280855270108
1,NTVE$_{\mathrm{PABP}}$,SNâ†’Lysate_top,48.0,97.1021860701576,9269.280855270108
1,NTVE$_{\mathrm{PABP}}$,SNâ†’Lysate_top,50.0,96.6162355620628,9269.280855270108
1,NTVE$_{\mathrm{PABP}}$,SNâ†’Lysate_top,52.0,96.26153605506022,9269.280855270108
1,NTVE$_{\mathrm{PABP}}$,SNâ†’Lysate_top,54.0,95.81262238288899,9269.280855270108
1,NTVE$_{\mathrm{PABP}}$,SNâ†’Lysate_top,56.0,95.52650689905592,9269.280855270108
1,NTVE$_{\mathrm{PABP}}$,SNâ†’Lysate_top,58.0,95.06380591782359,9269.280855270108
1,NTVE$_{\mathrm{PABP}}$,SNâ†’Lysate_top,60.0,94.73969631236443,9269.280855270108
1,NTVE$_{\mathrm{PABP}}$,SNâ†’Lysate_top,62.0,94.1747572815534,9269.280855270108
1,NTVE$_{\mathrm{PABP}}$,SNâ†’Lysate_top,64.0,93.77224199288257,9269.280855270108
1,NTVE$_{\mathrm{PABP}}$,SNâ†’Lysate_top,66.0,93.22159230958836,9269.280855270108
1,NTVE$_{\mathrm{PABP}}$,SNâ†’Lysate_top,68.0,92.8468899521531,9269.280855270108
1,NTVE$_{\mathrm{PABP}}$,SNâ†’Lysate_top,70.0,92.47036950964443,9269.280855270108
1,NTVE$_{\mathrm{PABP}}$,SNâ†’Lysate_top,72.0,91.84365115228196,9269.280855270108
1,NTVE$_{\mathrm{PABP}}$,SNâ†’Lysate_top,74.0,91.26181578368873,9269.280855270108
1,NTVE$_{\mathrm{PABP}}$,SNâ†’Lysate_top,76.0,90.6346997752328,9269.280855270108
1,NTVE$_{\mathrm{PABP}}$,SNâ†’Lysate_top,78.0,90.05110021900093,9269.280855270108
1,NTVE$_{\mathrm{PABP}}$,SNâ†’Lysate_top,80.0,89.38485002541941,9269.280855270108
1,NTVE$_{\mathrm{PABP}}$,SNâ†’Lysate_top,82.0,88.67175875409185,9269.280855270108
1,NTVE$_{\mathrm{PABP}}$,SNâ†’Lysate_top,84.0,88.07010748523288,9269.280855270108
1,NTVE$_{\mathrm{PABP}}$,SNâ†’Lysate_top,86.0,87.27891799867588,9269.280855270108
1,NTVE$_{\mathrm{PABP}}$,SNâ†’Lysate_top,88.0,86.53295128939828,9269.280855270108
1,NTVE$_{\mathrm{PABP}}$,SNâ†’Lysate_top,90.0,85.64844103027565,9269.280855270108
1,NTVE$_{\mathrm{PABP}}$,SNâ†’Lysate_top,92.0,84.83642793987622,9269.280855270108
1,NTVE$_{\mathrm{PABP}}$,SNâ†’Lysate_top,94.0,84.31118033921771,9269.280855270108
1,NTVE$_{\mathrm{PABP}}$,SNâ†’Lysate_top,96.0,83.4350110150822,9269.280855270108
1,NTVE$_{\mathrm{PABP}}$,SNâ†’Lysate_top,98.0,82.66102257636122,9269.280855270108
1,NTVE$_{\mathrm{PABP}}$,SNâ†’Lysate_top,100.0,81.82040019521718,9269.280855270108
2,HIV-1 Gag,Lysateâ†’SN_bottom,2.0,55.111111111111114,6750.473044289534
2,HIV-1 Gag,Lysateâ†’SN_bottom,4.0,55.432372505543235,6750.473044289534
2,HIV-1 Gag,Lysateâ†’SN_bottom,6.0,55.917159763313606,6750.473044289534
2,HIV-1 Gag,Lysateâ†’SN_bottom,8.0,56.430155210643015,6750.473044289534
2,HIV-1 Gag,Lysateâ†’SN_bottom,10.0,56.87666370896185,6750.473044289534
2,HIV-1 Gag,Lysateâ†’SN_bottom,12.0,57.57575757575758,6750.473044289534
2,HIV-1 Gag,Lysateâ†’SN_bottom,14.0,58.04816223067174,6750.473044289534
2,HIV-1 Gag,Lysateâ†’SN_bottom,16.0,58.536585365853654,6750.473044289534
2,HIV-1 Gag,Lysateâ†’SN_bottom,18.0,59.93100049285363,6750.473044289534
2,HIV-1 Gag,Lysateâ†’SN_bottom,20.0,61.108647450110865,6750.473044289534
2,HIV-1 Gag,Lysateâ†’SN_bottom,22.0,61.61290322580645,6750.473044289534
2,HIV-1 Gag,Lysateâ†’SN_bottom,24.0,62.45380635624538,6750.473044289534
2,HIV-1 Gag,Lysateâ†’SN_bottom,26.0,63.050153531218015,6750.473044289534
2,HIV-1 Gag,Lysateâ†’SN_bottom,28.0,63.8580931263858,6750.473044289534
2,HIV-1 Gag,Lysateâ†’SN_bottom,30.0,64.1632170313424,6750.473044289534
2,HIV-1 Gag,Lysateâ†’SN_bottom,32.0,64.77272727272727,6750.473044289534
2,HIV-1 Gag,Lysateâ†’SN_bottom,34.0,65.27524132533263,6750.473044289534
2,HIV-1 Gag,Lysateâ†’SN_bottom,36.0,65.80438531658044,6750.473044289534
2,HIV-1 Gag,Lysateâ†’SN_bottom,38.0,66.4799253034547,6750.473044289534
2,HIV-1 Gag,Lysateâ†’SN_bottom,40.0,67.00665188470066,6750.473044289534
2,HIV-1 Gag,Lysateâ†’SN_bottom,42.0,67.60295670538542,6750.473044289534
2,HIV-1 Gag,Lysateâ†’SN_bottom,44.0,68.21205402136667,6750.473044289534
2,HIV-1 Gag,Lysateâ†’SN_bottom,46.0,68.62707288854608,6750.473044289534
2,HIV-1 Gag,Lysateâ†’SN_bottom,48.0,69.2350332594235,6750.473044289534
2,HIV-1 Gag,Lysateâ†’SN_bottom,50.0,69.82437466737626,6750.473044289534
2,HIV-1 Gag,Lysateâ†’SN_bottom,52.0,70.09553053565337,6750.473044289534
2,HIV-1 Gag,Lysateâ†’SN_bottom,54.0,70.51576872536137,6750.473044289534
2,HIV-1 Gag,Lysateâ†’SN_bottom,56.0,70.9171550768256,6750.473044289534
2,HIV-1 Gag,Lysateâ†’SN_bottom,58.0,71.43294081663863,6750.473044289534
2,HIV-1 Gag,Lysateâ†’SN_bottom,60.0,71.91011235955057,6750.473044289534
2,HIV-1 Gag,Lysateâ†’SN_bottom,62.0,72.37482117310444,6750.473044289534
2,HIV-1 Gag,Lysateâ†’SN_bottom,64.0,72.88981288981289,6750.473044289534
2,HIV-1 Gag,Lysateâ†’SN_bottom,66.0,73.31003897325628,6750.473044289534
2,HIV-1 Gag,Lysateâ†’SN_bottom,68.0,73.67597182363684,6750.473044289534
2,HIV-1 Gag,Lysateâ†’SN_bottom,70.0,74.08768373035986,6750.473044289534
2,HIV-1 Gag,Lysateâ†’SN_bottom,72.0,74.53492669705555,6750.473044289534
2,HIV-1 Gag,Lysateâ†’SN_bottom,74.0,74.90111470693995,6750.473044289534
2,HIV-1 Gag,Lysateâ†’SN_bottom,76.0,75.24509803921569,6750.473044289534
2,HIV-1 Gag,Lysateâ†’SN_bottom,78.0,75.66522629065273,6750.473044289534
2,HIV-1 Gag,Lysateâ†’SN_bottom,80.0,76.06164763277525,6750.473044289534
2,HIV-1 Gag,Lysateâ†’SN_bottom,82.0,76.473769605192,6750.473044289534
2,HIV-1 Gag,Lysateâ†’SN_bottom,84.0,76.89545934530095,6750.473044289534
2,HIV-1 Gag,Lysateâ†’SN_bottom,86.0,77.2792904290429,6750.473044289534
2,HIV-1 Gag,Lysateâ†’SN_bottom,88.0,77.68370123979437,6750.473044289534
2,HIV-1 Gag,Lysateâ†’SN_bottom,90.0,78.10190204001182,6750.473044289534
2,HIV-1 Gag,Lysateâ†’SN_bottom,92.0,78.43231777863478,6750.473044289534
2,HIV-1 Gag,Lysateâ†’SN_bottom,94.0,78.76014342328742,6750.473044289534
2,HIV-1 Gag,Lysateâ†’SN_bottom,96.0,79.14626258893098,6750.473044289534
2,HIV-1 Gag,Lysateâ†’SN_bottom,98.0,79.50040727667663,6750.473044289534
2,HIV-1 Gag,Lysateâ†’SN_bottom,100.0,79.9095263437999,6750.473044289534
2,HIV-1 Gag,Lysateâ†’SN_top,2.0,100.0,8795.518593278193
2,HIV-1 Gag,Lysateâ†’SN_top,4.0,98.22616407982262,8795.518593278193
2,HIV-1 Gag,Lysateâ†’SN_top,6.0,97.92899408284023,8795.518593278193
2,HIV-1 Gag,Lysateâ†’SN_top,8.0,96.89578713968959,8795.518593278193
2,HIV-1 Gag,Lysateâ†’SN_top,10.0,96.18456078083408,8795.518593278193
2,HIV-1 Gag,Lysateâ†’SN_top,12.0,96.23059866962306,8795.518593278193
2,HIV-1 Gag,Lysateâ†’SN_top,14.0,96.07097591888466,8795.518593278193
2,HIV-1 Gag,Lysateâ†’SN_top,16.0,95.73170731707317,8795.518593278193
2,HIV-1 Gag,Lysateâ†’SN_top,18.0,95.56431739773288,8795.518593278193
2,HIV-1 Gag,Lysateâ†’SN_top,20.0,95.29933481152993,8795.518593278193
2,HIV-1 Gag,Lysateâ†’SN_top,22.0,94.95967741935483,8795.518593278193
2,HIV-1 Gag,Lysateâ†’SN_top,24.0,94.67849223946784,8795.518593278193
2,HIV-1 Gag,Lysateâ†’SN_top,26.0,94.16581371545547,8795.518593278193
2,HIV-1 Gag,Lysateâ†’SN_top,28.0,93.72822299651567,8795.518593278193
2,HIV-1 Gag,Lysateâ†’SN_top,30.0,93.4949733885275,8795.518593278193
2,HIV-1 Gag,Lysateâ†’SN_top,32.0,93.15410199556541,8795.518593278193
2,HIV-1 Gag,Lysateâ†’SN_top,34.0,92.72110618314636,8795.518593278193
2,HIV-1 Gag,Lysateâ†’SN_top,36.0,92.38728750923872,8795.518593278193
2,HIV-1 Gag,Lysateâ†’SN_top,38.0,92.20354808590103,8795.518593278193
2,HIV-1 Gag,Lysateâ†’SN_top,40.0,91.90687361419069,8795.518593278193
2,HIV-1 Gag,Lysateâ†’SN_top,42.0,91.6156282998944,8795.518593278193
2,HIV-1 Gag,Lysateâ†’SN_top,44.0,91.35254988913526,8795.518593278193
2,HIV-1 Gag,Lysateâ†’SN_top,46.0,90.93713844967219,8795.518593278193
2,HIV-1 Gag,Lysateâ†’SN_top,48.0,90.53954175905396,8795.518593278193
2,HIV-1 Gag,Lysateâ†’SN_top,50.0,89.99467802022353,8795.518593278193
2,HIV-1 Gag,Lysateâ†’SN_top,52.0,89.76458546571136,8795.518593278193
2,HIV-1 Gag,Lysateâ†’SN_top,54.0,89.5203679369251,8795.518593278193
2,HIV-1 Gag,Lysateâ†’SN_top,56.0,89.10185331854903,8795.518593278193
2,HIV-1 Gag,Lysateâ†’SN_top,58.0,88.82092063006576,8795.518593278193
2,HIV-1 Gag,Lysateâ†’SN_top,60.0,88.51271437019516,8795.518593278193
2,HIV-1 Gag,Lysateâ†’SN_top,62.0,88.14020028612303,8795.518593278193
2,HIV-1 Gag,Lysateâ†’SN_top,64.0,87.84476784476784,8795.518593278193
2,HIV-1 Gag,Lysateâ†’SN_top,66.0,87.44792366617389,8795.518593278193
2,HIV-1 Gag,Lysateâ†’SN_top,68.0,87.03365510044353,8795.518593278193
2,HIV-1 Gag,Lysateâ†’SN_top,70.0,86.65737455651292,8795.518593278193
2,HIV-1 Gag,Lysateâ†’SN_top,72.0,86.15251940372059,8795.518593278193
2,HIV-1 Gag,Lysateâ†’SN_top,74.0,85.8324343761237,8795.518593278193
2,HIV-1 Gag,Lysateâ†’SN_top,76.0,85.42250233426704,8795.518593278193
2,HIV-1 Gag,Lysateâ†’SN_top,78.0,85.06936547646123,8795.518593278193
2,HIV-1 Gag,Lysateâ†’SN_top,80.0,84.61026721366005,8795.518593278193
2,HIV-1 Gag,Lysateâ†’SN_top,82.0,84.29421308815576,8795.518593278193
2,HIV-1 Gag,Lysateâ†’SN_top,84.0,83.98099260823653,8795.518593278193
2,HIV-1 Gag,Lysateâ†’SN_top,86.0,83.4674092409241,8795.518593278193
2,HIV-1 Gag,Lysateâ†’SN_top,88.0,82.95534724322144,8795.518593278193
2,HIV-1 Gag,Lysateâ†’SN_top,90.0,82.46772445057653,8795.518593278193
2,HIV-1 Gag,Lysateâ†’SN_top,92.0,81.95140763594291,8795.518593278193
2,HIV-1 Gag,Lysateâ†’SN_top,94.0,81.43989431968296,8795.518593278193
2,HIV-1 Gag,Lysateâ†’SN_top,96.0,80.92950198651022,8795.518593278193
2,HIV-1 Gag,Lysateâ†’SN_top,98.0,80.41451715087338,8795.518593278193
2,HIV-1 Gag,Lysateâ†’SN_top,100.0,79.9095263437999,8795.518593278193
2,HIV-1 Gag,SNâ†’Lysate_bottom,2.0,53.333333333333336,7480.163580787962
2,HIV-1 Gag,SNâ†’Lysate_bottom,4.0,52.80665280665281,7480.163580787962
2,HIV-1 Gag,SNâ†’Lysate_bottom,6.0,54.50762829403606,7480.163580787962
2,HIV-1 Gag,SNâ†’Lysate_bottom,8.0,56.34095634095634,7480.163580787962
2,HIV-1 Gag,SNâ†’Lysate_bottom,10.0,57.237936772046595,7480.163580787962
2,HIV-1 Gag,SNâ†’Lysate_bottom,12.0,60.15246015246015,7480.163580787962
2,HIV-1 Gag,SNâ†’Lysate_bottom,14.0,62.56684491978609,7480.163580787962
2,HIV-1 Gag,SNâ†’Lysate_bottom,16.0,64.1891891891892,7480.163580787962
2,HIV-1 Gag,SNâ†’Lysate_bottom,18.0,65.71164510166358,7480.163580787962
2,HIV-1 Gag,SNâ†’Lysate_bottom,20.0,66.65280665280665,7480.163580787962
2,HIV-1 Gag,SNâ†’Lysate_bottom,22.0,67.56143667296787,7480.163580787962
2,HIV-1 Gag,SNâ†’Lysate_bottom,24.0,68.43381843381844,7480.163580787962
2,HIV-1 Gag,SNâ†’Lysate_bottom,26.0,69.19385796545106,7480.163580787962
2,HIV-1 Gag,SNâ†’Lysate_bottom,28.0,69.82476982476983,7480.163580787962
2,HIV-1 Gag,SNâ†’Lysate_bottom,30.0,70.77904075408927,7480.163580787962
2,HIV-1 Gag,SNâ†’Lysate_bottom,32.0,71.5956340956341,7480.163580787962
2,HIV-1 Gag,SNâ†’Lysate_bottom,34.0,72.62720156555773,7480.163580787962
2,HIV-1 Gag,SNâ†’Lysate_bottom,36.0,73.45807345807346,7480.163580787962
2,HIV-1 Gag,SNâ†’Lysate_bottom,38.0,74.41453272050776,7480.163580787962
2,HIV-1 Gag,SNâ†’Lysate_bottom,40.0,75.34303534303535,7480.163580787962
2,HIV-1 Gag,SNâ†’Lysate_bottom,42.0,76.17821782178218,7480.163580787962
2,HIV-1 Gag,SNâ†’Lysate_bottom,44.0,76.94197694197695,7480.163580787962
2,HIV-1 Gag,SNâ†’Lysate_bottom,46.0,77.68938709094196,7480.163580787962
2,HIV-1 Gag,SNâ†’Lysate_bottom,48.0,78.3090783090783,7480.163580787962
2,HIV-1 Gag,SNâ†’Lysate_bottom,50.0,78.92548236859615,7480.163580787962
2,HIV-1 Gag,SNâ†’Lysate_bottom,52.0,79.43058221369161,7480.163580787962
2,HIV-1 Gag,SNâ†’Lysate_bottom,54.0,80.00924072077622,7480.163580787962
2,HIV-1 Gag,SNâ†’Lysate_bottom,56.0,80.5732957077083,7480.163580787962
2,HIV-1 Gag,SNâ†’Lysate_bottom,58.0,81.07255520504731,7480.163580787962
2,HIV-1 Gag,SNâ†’Lysate_bottom,60.0,81.54976434710287,7480.163580787962
2,HIV-1 Gag,SNâ†’Lysate_bottom,62.0,82.1193829644534,7480.163580787962
2,HIV-1 Gag,SNâ†’Lysate_bottom,64.0,82.5211176088369,7480.163580787962
2,HIV-1 Gag,SNâ†’Lysate_bottom,66.0,83.00151209677419,7480.163580787962
2,HIV-1 Gag,SNâ†’Lysate_bottom,68.0,83.43933463796478,7480.163580787962
2,HIV-1 Gag,SNâ†’Lysate_bottom,70.0,83.8541047879292,7480.163580787962
2,HIV-1 Gag,SNâ†’Lysate_bottom,72.0,84.27861845905048,7480.163580787962
2,HIV-1 Gag,SNâ†’Lysate_bottom,74.0,84.64823555855249,7480.163580787962
2,HIV-1 Gag,SNâ†’Lysate_bottom,76.0,85.01860363318012,7480.163580787962
2,HIV-1 Gag,SNâ†’Lysate_bottom,78.0,85.40356114724385,7480.163580787962
2,HIV-1 Gag,SNâ†’Lysate_bottom,80.0,85.72616696122259,7480.163580787962
2,HIV-1 Gag,SNâ†’Lysate_bottom,82.0,86.06490872210954,7480.163580787962
2,HIV-1 Gag,SNâ†’Lysate_bottom,84.0,86.38613861386139,7480.163580787962
2,HIV-1 Gag,SNâ†’Lysate_bottom,86.0,86.70341359636399,7480.163580787962
2,HIV-1 Gag,SNâ†’Lysate_bottom,88.0,86.98610717323504,7480.163580787962
2,HIV-1 Gag,SNâ†’Lysate_bottom,90.0,87.2666789872482,7480.163580787962
2,HIV-1 Gag,SNâ†’Lysate_bottom,92.0,87.53389983728079,7480.163580787962
2,HIV-1 Gag,SNâ†’Lysate_bottom,94.0,87.79085198619836,7480.163580787962
2,HIV-1 Gag,SNâ†’Lysate_bottom,96.0,88.0447024170493,7480.163580787962
2,HIV-1 Gag,SNâ†’Lysate_bottom,98.0,88.28920570264765,7480.163580787962
2,HIV-1 Gag,SNâ†’Lysate_bottom,100.0,88.52295409181636,7480.163580787962
2,HIV-1 Gag,SNâ†’Lysate_top,2.0,100.0,9499.050509787063
2,HIV-1 Gag,SNâ†’Lysate_top,4.0,100.0,9499.050509787063
2,HIV-1 Gag,SNâ†’Lysate_top,6.0,100.0,9499.050509787063
2,HIV-1 Gag,SNâ†’Lysate_top,8.0,99.8960498960499,9499.050509787063
2,HIV-1 Gag,SNâ†’Lysate_top,10.0,99.83361064891847,9499.050509787063
2,HIV-1 Gag,SNâ†’Lysate_top,12.0,99.7920997920998,9499.050509787063
2,HIV-1 Gag,SNâ†’Lysate_top,14.0,99.70291146761735,9499.050509787063
2,HIV-1 Gag,SNâ†’Lysate_top,16.0,99.74012474012474,9499.050509787063
2,HIV-1 Gag,SNâ†’Lysate_top,18.0,99.72273567467653,9499.050509787063
2,HIV-1 Gag,SNâ†’Lysate_top,20.0,99.70893970893971,9499.050509787063
2,HIV-1 Gag,SNâ†’Lysate_top,22.0,99.58412098298678,9499.050509787063
2,HIV-1 Gag,SNâ†’Lysate_top,24.0,99.61884961884961,9499.050509787063
2,HIV-1 Gag,SNâ†’Lysate_top,26.0,99.55214331413947,9499.050509787063
2,HIV-1 Gag,SNâ†’Lysate_top,28.0,99.43569943569943,9499.050509787063
2,HIV-1 Gag,SNâ†’Lysate_top,30.0,99.41779872470197,9499.050509787063
2,HIV-1 Gag,SNâ†’Lysate_top,32.0,99.32432432432432,9499.050509787063
2,HIV-1 Gag,SNâ†’Lysate_top,34.0,99.24168297455968,9499.050509787063
2,HIV-1 Gag,SNâ†’Lysate_top,36.0,99.19149919149919,9499.050509787063
2,HIV-1 Gag,SNâ†’Lysate_top,38.0,98.97132851827534,9499.050509787063
2,HIV-1 Gag,SNâ†’Lysate_top,40.0,98.98128898128898,9499.050509787063
2,HIV-1 Gag,SNâ†’Lysate_top,42.0,98.8118811881188,9499.050509787063
2,HIV-1 Gag,SNâ†’Lysate_top,44.0,98.63919863919864,9499.050509787063
2,HIV-1 Gag,SNâ†’Lysate_top,46.0,98.51744711625385,9499.050509787063
2,HIV-1 Gag,SNâ†’Lysate_top,48.0,98.37144837144837,9499.050509787063
2,HIV-1 Gag,SNâ†’Lysate_top,50.0,98.1204258150366,9499.050509787063
2,HIV-1 Gag,SNâ†’Lysate_top,52.0,97.95265515035189,9499.050509787063
2,HIV-1 Gag,SNâ†’Lysate_top,54.0,97.75142461111966,9499.050509787063
2,HIV-1 Gag,SNâ†’Lysate_top,56.0,97.62364473488788,9499.050509787063
2,HIV-1 Gag,SNâ†’Lysate_top,58.0,97.4620017206768,9499.050509787063
2,HIV-1 Gag,SNâ†’Lysate_top,60.0,97.31078458552814,9499.050509787063
2,HIV-1 Gag,SNâ†’Lysate_top,62.0,97.16968477531857,9499.050509787063
2,HIV-1 Gag,SNâ†’Lysate_top,64.0,96.99805068226121,9499.050509787063
2,HIV-1 Gag,SNâ†’Lysate_top,66.0,96.71118951612904,9499.050509787063
2,HIV-1 Gag,SNâ†’Lysate_top,68.0,96.48972602739725,9499.050509787063
2,HIV-1 Gag,SNâ†’Lysate_top,70.0,96.12688606391826,9499.050509787063
2,HIV-1 Gag,SNâ†’Lysate_top,72.0,95.7953101536329,9499.050509787063
2,HIV-1 Gag,SNâ†’Lysate_top,74.0,95.31355360755227,9499.050509787063
2,HIV-1 Gag,SNâ†’Lysate_top,76.0,94.86758590501204,9499.050509787063
2,HIV-1 Gag,SNâ†’Lysate_top,78.0,94.43437466680884,9499.050509787063
2,HIV-1 Gag,SNâ†’Lysate_top,80.0,93.99105936168,9499.050509787063
2,HIV-1 Gag,SNâ†’Lysate_top,82.0,93.52941176470588,9499.050509787063
2,HIV-1 Gag,SNâ†’Lysate_top,84.0,93.15841584158416,9499.050509787063
2,HIV-1 Gag,SNâ†’Lysate_top,86.0,92.74731650710763,9499.050509787063
2,HIV-1 Gag,SNâ†’Lysate_top,88.0,92.39202343823834,9499.050509787063
2,HIV-1 Gag,SNâ†’Lysate_top,90.0,91.99778229532434,9499.050509787063
2,HIV-1 Gag,SNâ†’Lysate_top,92.0,91.32164165612005,9499.050509787063
2,HIV-1 Gag,SNâ†’Lysate_top,94.0,90.69273644165266,9499.050509787063
2,HIV-1 Gag,SNâ†’Lysate_top,96.0,90.01126223685351,9499.050509787063
2,HIV-1 Gag,SNâ†’Lysate_top,98.0,89.23964697895451,9499.050509787063
2,HIV-1 Gag,SNâ†’Lysate_top,100.0,88.52295409181636,9499.050509787063
3,endogenous EVs,Lysateâ†’SN_bottom,2.0,53.39366515837104,6195.6215893819135
3,endogenous EVs,Lysateâ†’SN_bottom,4.0,54.29864253393665,6195.6215893819135
3,endogenous EVs,Lysateâ†’SN_bottom,6.0,54.14781297134238,6195.6215893819135
3,endogenous EVs,Lysateâ†’SN_bottom,8.0,54.52488687782805,6195.6215893819135
3,endogenous EVs,Lysateâ†’SN_bottom,10.0,54.891304347826086,6195.6215893819135
3,endogenous EVs,Lysateâ†’SN_bottom,12.0,55.320754716981135,6195.6215893819135
3,endogenous EVs,Lysateâ†’SN_bottom,14.0,57.24450194049159,6195.6215893819135
3,endogenous EVs,Lysateâ†’SN_bottom,16.0,57.6117713638936,6195.6215893819135
3,endogenous EVs,Lysateâ†’SN_bottom,18.0,58.29979879275654,6195.6215893819135
3,endogenous EVs,Lysateâ†’SN_bottom,20.0,57.99004074241738,6195.6215893819135
3,endogenous EVs,Lysateâ†’SN_bottom,22.0,58.8477366255144,6195.6215893819135
3,endogenous EVs,Lysateâ†’SN_bottom,24.0,58.95888344021124,6195.6215893819135
3,endogenous EVs,Lysateâ†’SN_bottom,26.0,59.15738161559888,6195.6215893819135
3,endogenous EVs,Lysateâ†’SN_bottom,28.0,59.81247979308115,6195.6215893819135
3,endogenous EVs,Lysateâ†’SN_bottom,30.0,60.41038020519011,6195.6215893819135
3,endogenous EVs,Lysateâ†’SN_bottom,32.0,60.837577815506506,6195.6215893819135
3,endogenous EVs,Lysateâ†’SN_bottom,34.0,61.43808255659121,6195.6215893819135
3,endogenous EVs,Lysateâ†’SN_bottom,36.0,61.670020120724345,6195.6215893819135
3,endogenous EVs,Lysateâ†’SN_bottom,38.0,61.829878484631884,6195.6215893819135
3,endogenous EVs,Lysateâ†’SN_bottom,40.0,62.403802625622454,6195.6215893819135
3,endogenous EVs,Lysateâ†’SN_bottom,42.0,62.66436732054322,6195.6215893819135
3,endogenous EVs,Lysateâ†’SN_bottom,44.0,63.10699588477367,6195.6215893819135
3,endogenous EVs,Lysateâ†’SN_bottom,46.0,63.432395197795714,6195.6215893819135
3,endogenous EVs,Lysateâ†’SN_bottom,48.0,63.74952847981894,6195.6215893819135
3,endogenous EVs,Lysateâ†’SN_bottom,50.0,64.27019195943498,6195.6215893819135
3,endogenous EVs,Lysateâ†’SN_bottom,52.0,64.32178304022288,6195.6215893819135
3,endogenous EVs,Lysateâ†’SN_bottom,54.0,64.60429242119383,6195.6215893819135
3,endogenous EVs,Lysateâ†’SN_bottom,56.0,64.91511721907841,6195.6215893819135
3,endogenous EVs,Lysateâ†’SN_bottom,58.0,65.18888541991883,6195.6215893819135
3,endogenous EVs,Lysateâ†’SN_bottom,60.0,65.39912479251547,6195.6215893819135
3,endogenous EVs,Lysateâ†’SN_bottom,62.0,65.61039719626169,6195.6215893819135
3,endogenous EVs,Lysateâ†’SN_bottom,64.0,65.83675201584383,6195.6215893819135
3,endogenous EVs,Lysateâ†’SN_bottom,66.0,66.18655692729767,6195.6215893819135
3,endogenous EVs,Lysateâ†’SN_bottom,68.0,66.48914924776994,6195.6215893819135
3,endogenous EVs,Lysateâ†’SN_bottom,70.0,66.80031039834454,6195.6215893819135
3,endogenous EVs,Lysateâ†’SN_bottom,72.0,66.98943661971832,6195.6215893819135
3,endogenous EVs,Lysateâ†’SN_bottom,74.0,67.27028019087238,6195.6215893819135
3,endogenous EVs,Lysateâ†’SN_bottom,76.0,67.38146294972599,6195.6215893819135
3,endogenous EVs,Lysateâ†’SN_bottom,78.0,67.39408009286129,6195.6215893819135
3,endogenous EVs,Lysateâ†’SN_bottom,80.0,67.46265278406518,6195.6215893819135
3,endogenous EVs,Lysateâ†’SN_bottom,82.0,67.67141437562107,6195.6215893819135
3,endogenous EVs,Lysateâ†’SN_bottom,84.0,67.94567794783359,6195.6215893819135
3,endogenous EVs,Lysateâ†’SN_bottom,86.0,68.23876197494472,6195.6215893819135
3,endogenous EVs,Lysateâ†’SN_bottom,88.0,68.43621399176955,6195.6215893819135
3,endogenous EVs,Lysateâ†’SN_bottom,90.0,68.59154929577464,6195.6215893819135
3,endogenous EVs,Lysateâ†’SN_bottom,92.0,68.83180789292392,6195.6215893819135
3,endogenous EVs,Lysateâ†’SN_bottom,94.0,69.05220574070506,6195.6215893819135
3,endogenous EVs,Lysateâ†’SN_bottom,96.0,69.2539847213053,6195.6215893819135
3,endogenous EVs,Lysateâ†’SN_bottom,98.0,69.43828529194383,6195.6215893819135
3,endogenous EVs,Lysateâ†’SN_bottom,100.0,69.76912630149388,6195.6215893819135
3,endogenous EVs,Lysateâ†’SN_top,2.0,85.97285067873304,7399.29795781612
3,endogenous EVs,Lysateâ†’SN_top,4.0,82.12669683257919,7399.29795781612
3,endogenous EVs,Lysateâ†’SN_top,6.0,80.99547511312217,7399.29795781612
3,endogenous EVs,Lysateâ†’SN_top,8.0,80.54298642533936,7399.29795781612
3,endogenous EVs,Lysateâ†’SN_top,10.0,80.34420289855072,7399.29795781612
3,endogenous EVs,Lysateâ†’SN_top,12.0,79.54716981132076,7399.29795781612
3,endogenous EVs,Lysateâ†’SN_top,14.0,79.17205692108668,7399.29795781612
3,endogenous EVs,Lysateâ†’SN_top,16.0,79.34352009054896,7399.29795781612
3,endogenous EVs,Lysateâ†’SN_top,18.0,79.32595573440643,7399.29795781612
3,endogenous EVs,Lysateâ†’SN_top,20.0,78.9950203712087,7399.29795781612
3,endogenous EVs,Lysateâ†’SN_top,22.0,78.18930041152264,7399.29795781612
3,endogenous EVs,Lysateâ†’SN_top,24.0,77.32930969445492,7399.29795781612
3,endogenous EVs,Lysateâ†’SN_top,26.0,76.88022284122563,7399.29795781612
3,endogenous EVs,Lysateâ†’SN_top,28.0,76.91561590688652,7399.29795781612
3,endogenous EVs,Lysateâ†’SN_top,30.0,76.67471333735666,7399.29795781612
3,endogenous EVs,Lysateâ†’SN_top,32.0,76.7402376910017,7399.29795781612
3,endogenous EVs,Lysateâ†’SN_top,34.0,76.72436750998668,7399.29795781612
3,endogenous EVs,Lysateâ†’SN_top,36.0,76.76056338028168,7399.29795781612
3,endogenous EVs,Lysateâ†’SN_top,38.0,76.55468191565404,7399.29795781612
3,endogenous EVs,Lysateâ†’SN_top,40.0,76.32412856496153,7399.29795781612
3,endogenous EVs,Lysateâ†’SN_top,42.0,76.09398577279586,7399.29795781612
3,endogenous EVs,Lysateâ†’SN_top,44.0,75.94650205761316,7399.29795781612
3,endogenous EVs,Lysateâ†’SN_top,46.0,75.83152922653021,7399.29795781612
3,endogenous EVs,Lysateâ†’SN_top,48.0,75.66955865711053,7399.29795781612
3,endogenous EVs,Lysateâ†’SN_top,50.0,75.28069540021731,7399.29795781612
3,endogenous EVs,Lysateâ†’SN_top,52.0,75.32648441581055,7399.29795781612
3,endogenous EVs,Lysateâ†’SN_top,54.0,75.16767270288398,7399.29795781612
3,endogenous EVs,Lysateâ†’SN_top,56.0,75.00404203718675,7399.29795781612
3,endogenous EVs,Lysateâ†’SN_top,58.0,74.91414299094599,7399.29795781612
3,endogenous EVs,Lysateâ†’SN_top,60.0,74.67934208540818,7399.29795781612
3,endogenous EVs,Lysateâ†’SN_top,62.0,74.63492990654206,7399.29795781612
3,endogenous EVs,Lysateâ†’SN_top,64.0,74.32451549016834,7399.29795781612
3,endogenous EVs,Lysateâ†’SN_top,66.0,74.06035665294924,7399.29795781612
3,endogenous EVs,Lysateâ†’SN_top,68.0,73.97150845426708,7399.29795781612
3,endogenous EVs,Lysateâ†’SN_top,70.0,73.7842731505432,7399.29795781612
3,endogenous EVs,Lysateâ†’SN_top,72.0,73.64185110663985,7399.29795781612
3,endogenous EVs,Lysateâ†’SN_top,74.0,73.49810351156246,7399.29795781612
3,endogenous EVs,Lysateâ†’SN_top,76.0,73.18322611389088,7399.29795781612
3,endogenous EVs,Lysateâ†’SN_top,78.0,72.84968078932094,7399.29795781612
3,endogenous EVs,Lysateâ†’SN_top,80.0,72.71389769126301,7399.29795781612
3,endogenous EVs,Lysateâ†’SN_top,82.0,72.28662912664238,7399.29795781612
3,endogenous EVs,Lysateâ†’SN_top,84.0,72.08450097003664,7399.29795781612
3,endogenous EVs,Lysateâ†’SN_top,86.0,71.80755869038846,7399.29795781612
3,endogenous EVs,Lysateâ†’SN_top,88.0,71.73868312757202,7399.29795781612
3,endogenous EVs,Lysateâ†’SN_top,90.0,71.4185110663984,7399.29795781612
3,endogenous EVs,Lysateâ†’SN_top,92.0,71.0953646294656,7399.29795781612
3,endogenous EVs,Lysateâ†’SN_top,94.0,70.76671161625892,7399.29795781612
3,endogenous EVs,Lysateâ†’SN_top,96.0,70.41403376402904,7399.29795781612
3,endogenous EVs,Lysateâ†’SN_top,98.0,70.10347376201035,7399.29795781612
3,endogenous EVs,Lysateâ†’SN_top,100.0,69.76912630149388,7399.29795781612
3,endogenous EVs,SNâ†’Lysate_bottom,2.0,23.134328358208954,5297.200976589003
3,endogenous EVs,SNâ†’Lysate_bottom,4.0,27.611940298507463,5297.200976589003
3,endogenous EVs,SNâ†’Lysate_bottom,6.0,28.322981366459626,5297.200976589003
3,endogenous EVs,SNâ†’Lysate_bottom,8.0,29.72972972972973,5297.200976589003
3,endogenous EVs,SNâ†’Lysate_bottom,10.0,32.43847874720358,5297.200976589003
3,endogenous EVs,SNâ†’Lysate_bottom,12.0,33.18831572405221,5297.200976589003
3,endogenous EVs,SNâ†’Lysate_bottom,14.0,34.25679275439531,5297.200976589003
3,endogenous EVs,SNâ†’Lysate_bottom,16.0,36.03729603729604,5297.200976589003
3,endogenous EVs,SNâ†’Lysate_bottom,18.0,36.909693454846725,5297.200976589003
3,endogenous EVs,SNâ†’Lysate_bottom,20.0,38.40417598806861,5297.200976589003
3,endogenous EVs,SNâ†’Lysate_bottom,22.0,39.66101694915255,5297.200976589003
3,endogenous EVs,SNâ†’Lysate_bottom,24.0,40.73958980733375,5297.200976589003
3,endogenous EVs,SNâ†’Lysate_bottom,26.0,41.967871485943775,5297.200976589003
3,endogenous EVs,SNâ†’Lysate_bottom,28.0,43.35552596537949,5297.200976589003
3,endogenous EVs,SNâ†’Lysate_bottom,30.0,44.61844394730301,5297.200976589003
3,endogenous EVs,SNâ†’Lysate_bottom,32.0,45.840130505709624,5297.200976589003
3,endogenous EVs,SNâ†’Lysate_bottom,34.0,46.94011844702786,5297.200976589003
3,endogenous EVs,SNâ†’Lysate_bottom,36.0,48.104412678682415,5297.200976589003
3,endogenous EVs,SNâ†’Lysate_bottom,38.0,49.34249263984298,5297.200976589003
3,endogenous EVs,SNâ†’Lysate_bottom,40.0,50.820283370618945,5297.200976589003
3,endogenous EVs,SNâ†’Lysate_bottom,42.0,51.70454545454546,5297.200976589003
3,endogenous EVs,SNâ†’Lysate_bottom,44.0,52.59322033898305,5297.200976589003
3,endogenous EVs,SNâ†’Lysate_bottom,46.0,53.615434500648504,5297.200976589003
3,endogenous EVs,SNâ†’Lysate_bottom,48.0,54.61466749533872,5297.200976589003
3,endogenous EVs,SNâ†’Lysate_bottom,50.0,55.60859188544153,5297.200976589003
3,endogenous EVs,SNâ†’Lysate_bottom,52.0,56.5897031406855,5297.200976589003
3,endogenous EVs,SNâ†’Lysate_bottom,54.0,57.72683331031625,5297.200976589003
3,endogenous EVs,SNâ†’Lysate_bottom,56.0,58.76947662804635,5297.200976589003
3,endogenous EVs,SNâ†’Lysate_bottom,58.0,59.830268741159834,5297.200976589003
3,endogenous EVs,SNâ†’Lysate_bottom,60.0,60.720944686140456,5297.200976589003
3,endogenous EVs,SNâ†’Lysate_bottom,62.0,61.61895597786865,5297.200976589003
3,endogenous EVs,SNâ†’Lysate_bottom,64.0,62.36308552784898,5297.200976589003
3,endogenous EVs,SNâ†’Lysate_bottom,66.0,63.163841807909606,5297.200976589003
3,endogenous EVs,SNâ†’Lysate_bottom,68.0,63.928493090590045,5297.200976589003
3,endogenous EVs,SNâ†’Lysate_bottom,70.0,64.63882378009802,5297.200976589003
3,endogenous EVs,SNâ†’Lysate_bottom,72.0,65.39258338512533,5297.200976589003
3,endogenous EVs,SNâ†’Lysate_bottom,74.0,66.08888440995666,5297.200976589003
3,endogenous EVs,SNâ†’Lysate_bottom,76.0,66.73535472475713,5297.200976589003
3,endogenous EVs,SNâ†’Lysate_bottom,78.0,67.4538674825509,5297.200976589003
3,endogenous EVs,SNâ†’Lysate_bottom,80.0,68.13647804605202,5297.200976589003
3,endogenous EVs,SNâ†’Lysate_bottom,82.0,68.78581173260572,5297.200976589003
3,endogenous EVs,SNâ†’Lysate_bottom,84.0,69.40696022727273,5297.200976589003
3,endogenous EVs,SNâ†’Lysate_bottom,86.0,70.04856052722857,5297.200976589003
3,endogenous EVs,SNâ†’Lysate_bottom,88.0,70.63559322033899,5297.200976589003
3,endogenous EVs,SNâ†’Lysate_bottom,90.0,71.19655286708651,5297.200976589003
3,endogenous EVs,SNâ†’Lysate_bottom,92.0,71.77367055771725,5297.200976589003
3,endogenous EVs,SNâ†’Lysate_bottom,94.0,72.35004760393527,5297.200976589003
3,endogenous EVs,SNâ†’Lysate_bottom,96.0,72.88122426784743,5297.200976589003
3,endogenous EVs,SNâ†’Lysate_bottom,98.0,73.40385054409863,5297.200976589003
3,endogenous EVs,SNâ†’Lysate_bottom,100.0,73.93541651129838,5297.200976589003
3,endogenous EVs,SNâ†’Lysate_top,2.0,100.0,8819.890790936206
3,endogenous EVs,SNâ†’Lysate_top,4.0,99.25373134328358,8819.890790936206
3,endogenous EVs,SNâ†’Lysate_top,6.0,98.75776397515527,8819.890790936206
3,endogenous EVs,SNâ†’Lysate_top,8.0,98.78844361602982,8819.890790936206
3,endogenous EVs,SNâ†’Lysate_top,10.0,98.58314690529456,8819.890790936206
3,endogenous EVs,SNâ†’Lysate_top,12.0,98.13548788067122,8819.890790936206
3,endogenous EVs,SNâ†’Lysate_top,14.0,97.81566329248801,8819.890790936206
3,endogenous EVs,SNâ†’Lysate_top,16.0,97.71561771561773,8819.890790936206
3,endogenous EVs,SNâ†’Lysate_top,18.0,97.39022369511184,8819.890790936206
3,endogenous EVs,SNâ†’Lysate_top,20.0,97.12900820283372,8819.890790936206
3,endogenous EVs,SNâ†’Lysate_top,22.0,96.91525423728814,8819.890790936206
3,endogenous EVs,SNâ†’Lysate_top,24.0,96.73710379117463,8819.890790936206
3,endogenous EVs,SNâ†’Lysate_top,26.0,96.27079747561676,8819.890790936206
3,endogenous EVs,SNâ†’Lysate_top,28.0,95.89880159786951,8819.890790936206
3,endogenous EVs,SNâ†’Lysate_top,30.0,95.62515535669898,8819.890790936206
3,endogenous EVs,SNâ†’Lysate_top,32.0,95.19925425308786,8819.890790936206
3,endogenous EVs,SNâ†’Lysate_top,34.0,94.84536082474226,8819.890790936206
3,endogenous EVs,SNâ†’Lysate_top,36.0,94.51004764864305,8819.890790936206
3,endogenous EVs,SNâ†’Lysate_top,38.0,94.0333660451423,8819.890790936206
3,endogenous EVs,SNâ†’Lysate_top,40.0,93.75466070096942,8819.890790936206
3,endogenous EVs,SNâ†’Lysate_top,42.0,93.41264204545455,8819.890790936206
3,endogenous EVs,SNâ†’Lysate_top,44.0,93.23728813559322,8819.890790936206
3,endogenous EVs,SNâ†’Lysate_top,46.0,92.96368352788586,8819.890790936206
3,endogenous EVs,SNâ†’Lysate_top,48.0,92.72840273461777,8819.890790936206
3,endogenous EVs,SNâ†’Lysate_top,50.0,92.25835322195705,8819.890790936206
3,endogenous EVs,SNâ†’Lysate_top,52.0,91.76824896027534,8819.890790936206
3,endogenous EVs,SNâ†’Lysate_top,54.0,91.24430327302858,8819.890790936206
3,endogenous EVs,SNâ†’Lysate_top,56.0,90.70448794779597,8819.890790936206
3,endogenous EVs,SNâ†’Lysate_top,58.0,90.03471775749003,8819.890790936206
3,endogenous EVs,SNâ†’Lysate_top,60.0,89.34742075823493,8819.890790936206
3,endogenous EVs,SNâ†’Lysate_top,62.0,89.00649506855906,8819.890790936206
3,endogenous EVs,SNâ†’Lysate_top,64.0,88.4642274528082,8819.890790936206
3,endogenous EVs,SNâ†’Lysate_top,66.0,87.84180790960451,8819.890790936206
3,endogenous EVs,SNâ†’Lysate_top,68.0,87.15727133143233,8819.890790936206
3,endogenous EVs,SNâ†’Lysate_top,70.0,86.50117195823567,8819.890790936206
3,endogenous EVs,SNâ†’Lysate_top,72.0,85.8297078931013,8819.890790936206
3,endogenous EVs,SNâ†’Lysate_top,74.0,85.16577647888744,8819.890790936206
3,endogenous EVs,SNâ†’Lysate_top,76.0,84.41762339319007,8819.890790936206
3,endogenous EVs,SNâ†’Lysate_top,78.0,83.60263887560953,8819.890790936206
3,endogenous EVs,SNâ†’Lysate_top,80.0,82.81905472173021,8819.890790936206
3,endogenous EVs,SNâ†’Lysate_top,82.0,82.06457480673033,8819.890790936206
3,endogenous EVs,SNâ†’Lysate_top,84.0,81.15234375,8819.890790936206
3,endogenous EVs,SNâ†’Lysate_top,86.0,80.3936871314603,8819.890790936206
3,endogenous EVs,SNâ†’Lysate_top,88.0,79.49152542372882,8819.890790936206
3,endogenous EVs,SNâ†’Lysate_top,90.0,78.5465694398409,8819.890790936206
3,endogenous EVs,SNâ†’Lysate_top,92.0,77.78047989623865,8819.890790936206
3,endogenous EVs,SNâ†’Lysate_top,94.0,76.8486194858775,8819.890790936206
3,endogenous EVs,SNâ†’Lysate_top,96.0,75.8642119164142,8819.890790936206
3,endogenous EVs,SNâ†’Lysate_top,98.0,74.97146335895289,8819.890790936206
3,endogenous EVs,SNâ†’Lysate_top,100.0,73.93541651129838,8819.890790936206
4,MMLV Gag,Lysateâ†’SN_bottom,2.0,59.388646288209614,6966.770946024422
4,MMLV Gag,Lysateâ†’SN_bottom,4.0,63.45733041575492,6966.770946024422
4,MMLV Gag,Lysateâ†’SN_bottom,6.0,63.99416909620991,6966.770946024422
4,MMLV Gag,Lysateâ†’SN_bottom,8.0,63.23851203501094,6966.770946024422
4,MMLV Gag,Lysateâ†’SN_bottom,10.0,64.12948381452318,6966.770946024422
4,MMLV Gag,Lysateâ†’SN_bottom,12.0,64.57725947521867,6966.770946024422
4,MMLV Gag,Lysateâ†’SN_bottom,14.0,64.5,6966.770946024422
4,MMLV Gag,Lysateâ†’SN_bottom,16.0,65.44559868780755,6966.770946024422
4,MMLV Gag,Lysateâ†’SN_bottom,18.0,65.92124453087021,6966.770946024422
4,MMLV Gag,Lysateâ†’SN_bottom,20.0,66.36045494313211,6966.770946024422
4,MMLV Gag,Lysateâ†’SN_bottom,22.0,66.91848906560635,6966.770946024422
4,MMLV Gag,Lysateâ†’SN_bottom,24.0,67.22566532993073,6966.770946024422
4,MMLV Gag,Lysateâ†’SN_bottom,26.0,67.49663526244953,6966.770946024422
4,MMLV Gag,Lysateâ†’SN_bottom,28.0,67.4375,6966.770946024422
4,MMLV Gag,Lysateâ†’SN_bottom,30.0,67.65820939049286,6966.770946024422
4,MMLV Gag,Lysateâ†’SN_bottom,32.0,67.98797156916348,6966.770946024422
4,MMLV Gag,Lysateâ†’SN_bottom,34.0,68.65671641791045,6966.770946024422
4,MMLV Gag,Lysateâ†’SN_bottom,36.0,69.11300121506683,6966.770946024422
4,MMLV Gag,Lysateâ†’SN_bottom,38.0,69.46810960165783,6966.770946024422
4,MMLV Gag,Lysateâ†’SN_bottom,40.0,69.92563429571304,6966.770946024422
4,MMLV Gag,Lysateâ†’SN_bottom,42.0,70.11039366798583,6966.770946024422
4,MMLV Gag,Lysateâ†’SN_bottom,44.0,70.47126665341023,6966.770946024422
4,MMLV Gag,Lysateâ†’SN_bottom,46.0,70.73031570939521,6966.770946024422
4,MMLV Gag,Lysateâ†’SN_bottom,48.0,70.99890630696318,6966.770946024422
4,MMLV Gag,Lysateâ†’SN_bottom,50.0,71.5310586176728,6966.770946024422
4,MMLV Gag,Lysateâ†’SN_bottom,52.0,71.78667563930013,6966.770946024422
4,MMLV Gag,Lysateâ†’SN_bottom,54.0,72.00259235255994,6966.770946024422
4,MMLV Gag,Lysateâ†’SN_bottom,56.0,72.22309014216529,6966.770946024422
4,MMLV Gag,Lysateâ†’SN_bottom,58.0,72.6806456479107,6966.770946024422
4,MMLV Gag,Lysateâ†’SN_bottom,60.0,73.06794983960339,6966.770946024422
4,MMLV Gag,Lysateâ†’SN_bottom,62.0,73.38789332580782,6966.770946024422
4,MMLV Gag,Lysateâ†’SN_bottom,64.0,73.79357484620643,6966.770946024422
4,MMLV Gag,Lysateâ†’SN_bottom,66.0,73.966065747614,6966.770946024422
4,MMLV Gag,Lysateâ†’SN_bottom,68.0,74.13793103448276,6966.770946024422
4,MMLV Gag,Lysateâ†’SN_bottom,70.0,74.29071366079239,6966.770946024422
4,MMLV Gag,Lysateâ†’SN_bottom,72.0,74.38639125151883,6966.770946024422
4,MMLV Gag,Lysateâ†’SN_bottom,74.0,74.4738708914637,6966.770946024422
4,MMLV Gag,Lysateâ†’SN_bottom,76.0,74.80142742028319,6966.770946024422
4,MMLV Gag,Lysateâ†’SN_bottom,78.0,75.14301738642737,6966.770946024422
4,MMLV Gag,Lysateâ†’SN_bottom,80.0,75.45931758530183,6966.770946024422
4,MMLV Gag,Lysateâ†’SN_bottom,82.0,75.76016216792915,6966.770946024422
4,MMLV Gag,Lysateâ†’SN_bottom,84.0,76.10665555671284,6966.770946024422
4,MMLV Gag,Lysateâ†’SN_bottom,86.0,76.32756866734486,6966.770946024422
4,MMLV Gag,Lysateâ†’SN_bottom,88.0,76.54603300855041,6966.770946024422
4,MMLV Gag,Lysateâ†’SN_bottom,90.0,76.79595606104792,6966.770946024422
4,MMLV Gag,Lysateâ†’SN_bottom,92.0,77.03499429440852,6966.770946024422
4,MMLV Gag,Lysateâ†’SN_bottom,94.0,77.31757259865971,6966.770946024422
4,MMLV Gag,Lysateâ†’SN_bottom,96.0,77.6724687870227,6966.770946024422
4,MMLV Gag,Lysateâ†’SN_bottom,98.0,77.9751807874297,6966.770946024422
4,MMLV Gag,Lysateâ†’SN_bottom,100.0,78.39895013123359,6966.770946024422
4,MMLV Gag,Lysateâ†’SN_top,2.0,99.12663755458514,8400.764391054568
4,MMLV Gag,Lysateâ†’SN_top,4.0,95.84245076586433,8400.764391054568
4,MMLV Gag,Lysateâ†’SN_top,6.0,95.33527696793003,8400.764391054568
4,MMLV Gag,Lysateâ†’SN_top,8.0,94.09190371991247,8400.764391054568
4,MMLV Gag,Lysateâ†’SN_top,10.0,92.82589676290463,8400.764391054568
4,MMLV Gag,Lysateâ†’SN_top,12.0,91.98250728862973,8400.764391054568
4,MMLV Gag,Lysateâ†’SN_top,14.0,91.125,8400.764391054568
4,MMLV Gag,Lysateâ†’SN_top,16.0,90.4319300164024,8400.764391054568
4,MMLV Gag,Lysateâ†’SN_top,18.0,90.4229460379193,8400.764391054568
4,MMLV Gag,Lysateâ†’SN_top,20.0,90.15748031496062,8400.764391054568
4,MMLV Gag,Lysateâ†’SN_top,22.0,89.9403578528827,8400.764391054568
4,MMLV Gag,Lysateâ†’SN_top,24.0,89.79219832300402,8400.764391054568
4,MMLV Gag,Lysateâ†’SN_top,26.0,89.5693135935397,8400.764391054568
4,MMLV Gag,Lysateâ†’SN_top,28.0,88.71875,8400.764391054568
4,MMLV Gag,Lysateâ†’SN_top,30.0,87.98483522892971,8400.764391054568
4,MMLV Gag,Lysateâ†’SN_top,32.0,87.45215965008202,8400.764391054568
4,MMLV Gag,Lysateâ†’SN_top,34.0,87.00463201235203,8400.764391054568
4,MMLV Gag,Lysateâ†’SN_top,36.0,86.58566221142163,8400.764391054568
4,MMLV Gag,Lysateâ†’SN_top,38.0,86.57609947041216,8400.764391054568
4,MMLV Gag,Lysateâ†’SN_top,40.0,86.39545056867891,8400.764391054568
4,MMLV Gag,Lysateâ†’SN_top,42.0,86.29452197458862,8400.764391054568
4,MMLV Gag,Lysateâ†’SN_top,44.0,86.25969377609863,8400.764391054568
4,MMLV Gag,Lysateâ†’SN_top,46.0,85.90718904526436,8400.764391054568
4,MMLV Gag,Lysateâ†’SN_top,48.0,85.56325191396282,8400.764391054568
4,MMLV Gag,Lysateâ†’SN_top,50.0,85.2668416447944,8400.764391054568
4,MMLV Gag,Lysateâ†’SN_top,52.0,85.22880215343204,8400.764391054568
4,MMLV Gag,Lysateâ†’SN_top,54.0,84.93195074530136,8400.764391054568
4,MMLV Gag,Lysateâ†’SN_top,56.0,84.62740196844243,8400.764391054568
4,MMLV Gag,Lysateâ†’SN_top,58.0,84.40187056871324,8400.764391054568
4,MMLV Gag,Lysateâ†’SN_top,60.0,84.04782735491398,8400.764391054568
4,MMLV Gag,Lysateâ†’SN_top,62.0,83.87187808663751,8400.764391054568
4,MMLV Gag,Lysateâ†’SN_top,64.0,83.6226930963773,8400.764391054568
4,MMLV Gag,Lysateâ†’SN_top,66.0,83.41728525980912,8400.764391054568
4,MMLV Gag,Lysateâ†’SN_top,68.0,83.29902213072569,8400.764391054568
4,MMLV Gag,Lysateâ†’SN_top,70.0,83.0021247344082,8400.764391054568
4,MMLV Gag,Lysateâ†’SN_top,72.0,82.66099635479951,8400.764391054568
4,MMLV Gag,Lysateâ†’SN_top,74.0,82.22984157011113,8400.764391054568
4,MMLV Gag,Lysateâ†’SN_top,76.0,81.92701738229539,8400.764391054568
4,MMLV Gag,Lysateâ†’SN_top,78.0,81.63768928771734,8400.764391054568
4,MMLV Gag,Lysateâ†’SN_top,80.0,81.40857392825896,8400.764391054568
4,MMLV Gag,Lysateâ†’SN_top,82.0,81.13730929264909,8400.764391054568
4,MMLV Gag,Lysateâ†’SN_top,84.0,80.86657639829184,8400.764391054568
4,MMLV Gag,Lysateâ†’SN_top,86.0,80.66124109867752,8400.764391054568
4,MMLV Gag,Lysateâ†’SN_top,88.0,80.28435076555975,8400.764391054568
4,MMLV Gag,Lysateâ†’SN_top,90.0,79.98444638864586,8400.764391054568
4,MMLV Gag,Lysateâ†’SN_top,92.0,79.71662228984405,8400.764391054568
4,MMLV Gag,Lysateâ†’SN_top,94.0,79.3186895011169,8400.764391054568
4,MMLV Gag,Lysateâ†’SN_top,96.0,79.02123393784744,8400.764391054568
4,MMLV Gag,Lysateâ†’SN_top,98.0,78.78760824926346,8400.764391054568
4,MMLV Gag,Lysateâ†’SN_top,100.0,78.39895013123359,8400.764391054568
4,MMLV Gag,SNâ†’Lysate_bottom,2.0,36.82170542635659,6300.489048245786
4,MMLV Gag,SNâ†’Lysate_bottom,4.0,37.4031007751938,6300.489048245786
4,MMLV Gag,SNâ†’Lysate_bottom,6.0,37.85529715762274,6300.489048245786
4,MMLV Gag,SNâ†’Lysate_bottom,8.0,38.915779283639885,6300.489048245786
4,MMLV Gag,SNâ†’Lysate_bottom,10.0,40.975987606506585,6300.489048245786
4,MMLV Gag,SNâ†’Lysate_bottom,12.0,42.47901872175597,6300.489048245786
4,MMLV Gag,SNâ†’Lysate_bottom,14.0,44.77033757609297,6300.489048245786
4,MMLV Gag,SNâ†’Lysate_bottom,16.0,46.53753026634382,6300.489048245786
4,MMLV Gag,SNâ†’Lysate_bottom,18.0,48.08437365475678,6300.489048245786
4,MMLV Gag,SNâ†’Lysate_bottom,20.0,50.11618900077459,6300.489048245786
4,MMLV Gag,SNâ†’Lysate_bottom,22.0,51.901408450704224,6300.489048245786
4,MMLV Gag,SNâ†’Lysate_bottom,24.0,53.292446739832144,6300.489048245786
4,MMLV Gag,SNâ†’Lysate_bottom,26.0,54.618593563766396,6300.489048245786
4,MMLV Gag,SNâ†’Lysate_bottom,28.0,55.75539568345324,6300.489048245786
4,MMLV Gag,SNâ†’Lysate_bottom,30.0,56.663223140495866,6300.489048245786
4,MMLV Gag,SNâ†’Lysate_bottom,32.0,57.78261922052772,6300.489048245786
4,MMLV Gag,SNâ†’Lysate_bottom,34.0,59.102301207564366,6300.489048245786
4,MMLV Gag,SNâ†’Lysate_bottom,36.0,60.25392726490209,6300.489048245786
4,MMLV Gag,SNâ†’Lysate_bottom,38.0,61.284403669724774,6300.489048245786
4,MMLV Gag,SNâ†’Lysate_bottom,40.0,62.1537865582026,6300.489048245786
4,MMLV Gag,SNâ†’Lysate_bottom,42.0,63.10643792658182,6300.489048245786
4,MMLV Gag,SNâ†’Lysate_bottom,44.0,64.20774647887325,6300.489048245786
4,MMLV Gag,SNâ†’Lysate_bottom,46.0,65.20714045133042,6300.489048245786
4,MMLV Gag,SNâ†’Lysate_bottom,48.0,66.13944480309877,6300.489048245786
4,MMLV Gag,SNâ†’Lysate_bottom,50.0,67.12116516888752,6300.489048245786
4,MMLV Gag,SNâ†’Lysate_bottom,52.0,67.84862932061978,6300.489048245786
4,MMLV Gag,SNâ†’Lysate_bottom,54.0,68.62266857962697,6300.489048245786
4,MMLV Gag,SNâ†’Lysate_bottom,56.0,69.39679026009962,6300.489048245786
4,MMLV Gag,SNâ†’Lysate_bottom,58.0,70.25510885534926,6300.489048245786
4,MMLV Gag,SNâ†’Lysate_bottom,60.0,70.9489993544222,6300.489048245786
4,MMLV Gag,SNâ†’Lysate_bottom,62.0,71.69811320754717,6300.489048245786
4,MMLV Gag,SNâ†’Lysate_bottom,64.0,72.37622563854255,6300.489048245786
4,MMLV Gag,SNâ†’Lysate_bottom,66.0,73.06021833548539,6300.489048245786
4,MMLV Gag,SNâ†’Lysate_bottom,68.0,73.71539250313319,6300.489048245786
4,MMLV Gag,SNâ†’Lysate_bottom,70.0,74.30278884462152,6300.489048245786
4,MMLV Gag,SNâ†’Lysate_bottom,72.0,74.85474499677211,6300.489048245786
4,MMLV Gag,SNâ†’Lysate_bottom,74.0,75.37688442211056,6300.489048245786
4,MMLV Gag,SNâ†’Lysate_bottom,76.0,75.94291539245668,6300.489048245786
4,MMLV Gag,SNâ†’Lysate_bottom,78.0,76.45013905442988,6300.489048245786
4,MMLV Gag,SNâ†’Lysate_bottom,80.0,76.99980631415843,6300.489048245786
4,MMLV Gag,SNâ†’Lysate_bottom,82.0,77.48700991969768,6300.489048245786
4,MMLV Gag,SNâ†’Lysate_bottom,84.0,77.94890712902334,6300.489048245786
4,MMLV Gag,SNâ†’Lysate_bottom,86.0,78.42536708404648,6300.489048245786
4,MMLV Gag,SNâ†’Lysate_bottom,88.0,78.88898670657628,6300.489048245786
4,MMLV Gag,SNâ†’Lysate_bottom,90.0,79.34062150296978,6300.489048245786
4,MMLV Gag,SNâ†’Lysate_bottom,92.0,79.78105263157896,6300.489048245786
4,MMLV Gag,SNâ†’Lysate_bottom,94.0,80.17966045821659,6300.489048245786
4,MMLV Gag,SNâ†’Lysate_bottom,96.0,80.56810845706907,6300.489048245786
4,MMLV Gag,SNâ†’Lysate_bottom,98.0,80.96442687747036,6300.489048245786
4,MMLV Gag,SNâ†’Lysate_bottom,100.0,81.34490238611714,6300.489048245786
4,MMLV Gag,SNâ†’Lysate_top,2.0,100.0,9206.104008128936
4,MMLV Gag,SNâ†’Lysate_top,4.0,100.0,9206.104008128936
4,MMLV Gag,SNâ†’Lysate_top,6.0,99.6124031007752,9206.104008128936
4,MMLV Gag,SNâ†’Lysate_top,8.0,99.32236205227493,9206.104008128936
4,MMLV Gag,SNâ†’Lysate_top,10.0,99.38032532920217,9206.104008128936
4,MMLV Gag,SNâ†’Lysate_top,12.0,99.35442220787604,9206.104008128936
4,MMLV Gag,SNâ†’Lysate_top,14.0,99.28057553956835,9206.104008128936
4,MMLV Gag,SNâ†’Lysate_top,16.0,99.17675544794189,9206.104008128936
4,MMLV Gag,SNâ†’Lysate_top,18.0,98.92380542402066,9206.104008128936
4,MMLV Gag,SNâ†’Lysate_top,20.0,98.72192099147948,9206.104008128936
4,MMLV Gag,SNâ†’Lysate_top,22.0,98.69718309859155,9206.104008128936
4,MMLV Gag,SNâ†’Lysate_top,24.0,98.45061329890252,9206.104008128936
4,MMLV Gag,SNâ†’Lysate_top,26.0,98.33134684147795,9206.104008128936
4,MMLV Gag,SNâ†’Lysate_top,28.0,98.03541781959049,9206.104008128936
4,MMLV Gag,SNâ†’Lysate_top,30.0,97.77892561983471,9206.104008128936
4,MMLV Gag,SNâ†’Lysate_top,32.0,97.55507141128057,9206.104008128936
4,MMLV Gag,SNâ†’Lysate_top,34.0,97.42538163590795,9206.104008128936
4,MMLV Gag,SNâ†’Lysate_top,36.0,97.28857327307941,9206.104008128936
4,MMLV Gag,SNâ†’Lysate_top,38.0,97.08460754332314,9206.104008128936
4,MMLV Gag,SNâ†’Lysate_top,40.0,96.9397637032733,9206.104008128936
4,MMLV Gag,SNâ†’Lysate_top,42.0,96.66113263235565,9206.104008128936
4,MMLV Gag,SNâ†’Lysate_top,44.0,96.54929577464789,9206.104008128936
4,MMLV Gag,SNâ†’Lysate_top,46.0,96.27820815089255,9206.104008128936
4,MMLV Gag,SNâ†’Lysate_top,48.0,95.9651387992253,9206.104008128936
4,MMLV Gag,SNâ†’Lysate_top,50.0,95.56863960334677,9206.104008128936
4,MMLV Gag,SNâ†’Lysate_top,52.0,95.3814064362336,9206.104008128936
4,MMLV Gag,SNâ†’Lysate_top,54.0,95.09325681492109,9206.104008128936
4,MMLV Gag,SNâ†’Lysate_top,56.0,94.81184283342556,9206.104008128936
4,MMLV Gag,SNâ†’Lysate_top,58.0,94.55055429410979,9206.104008128936
4,MMLV Gag,SNâ†’Lysate_top,60.0,94.13815364751453,9206.104008128936
4,MMLV Gag,SNâ†’Lysate_top,62.0,93.63988504310883,9206.104008128936
4,MMLV Gag,SNâ†’Lysate_top,64.0,93.20905459387482,9206.104008128936
4,MMLV Gag,SNâ†’Lysate_top,66.0,92.8043197558399,9206.104008128936
4,MMLV Gag,SNâ†’Lysate_top,68.0,92.43477270137859,9206.104008128936
4,MMLV Gag,SNâ†’Lysate_top,70.0,91.9212040725985,9206.104008128936
4,MMLV Gag,SNâ†’Lysate_top,72.0,91.29545943619539,9206.104008128936
4,MMLV Gag,SNâ†’Lysate_top,74.0,90.73492462311557,9206.104008128936
4,MMLV Gag,SNâ†’Lysate_top,76.0,90.20387359836901,9206.104008128936
4,MMLV Gag,SNâ†’Lysate_top,78.0,89.65037743345252,9206.104008128936
4,MMLV Gag,SNâ†’Lysate_top,80.0,89.15359287236103,9206.104008128936
4,MMLV Gag,SNâ†’Lysate_top,82.0,88.6443079829948,9206.104008128936
4,MMLV Gag,SNâ†’Lysate_top,84.0,87.97380798671955,9206.104008128936
4,MMLV Gag,SNâ†’Lysate_top,86.0,87.29844158183947,9206.104008128936
4,MMLV Gag,SNâ†’Lysate_top,88.0,86.64495114006515,9206.104008128936
4,MMLV Gag,SNâ†’Lysate_top,90.0,85.83110958078677,9206.104008128936
4,MMLV Gag,SNâ†’Lysate_top,92.0,85.0357894736842,9206.104008128936
4,MMLV Gag,SNâ†’Lysate_top,94.0,84.11900445030493,9206.104008128936
4,MMLV Gag,SNâ†’Lysate_top,96.0,83.17462879276954,9206.104008128936
4,MMLV Gag,SNâ†’Lysate_top,98.0,82.25296442687747,9206.104008128936
4,MMLV Gag,SNâ†’Lysate_top,100.0,81.34490238611714,9206.104008128936
5,HIV-1 Gag$_{\mathrm{MCP}}$,Lysateâ†’SN_bottom,2.0,34.403669724770644,4887.759858324801
5,HIV-1 Gag$_{\mathrm{MCP}}$,Lysateâ†’SN_bottom,4.0,36.23853211009174,4887.759858324801
5,HIV-1 Gag$_{\mathrm{MCP}}$,Lysateâ†’SN_bottom,6.0,35.068912710566615,4887.759858324801
5,HIV-1 Gag$_{\mathrm{MCP}}$,Lysateâ†’SN_bottom,8.0,36.739380022962116,4887.759858324801
5,HIV-1 Gag$_{\mathrm{MCP}}$,Lysateâ†’SN_bottom,10.0,37.37373737373738,4887.759858324801
5,HIV-1 Gag$_{\mathrm{MCP}}$,Lysateâ†’SN_bottom,12.0,38.485080336648814,4887.759858324801
5,HIV-1 Gag$_{\mathrm{MCP}}$,Lysateâ†’SN_bottom,14.0,39.960629921259844,4887.759858324801
5,HIV-1 Gag$_{\mathrm{MCP}}$,Lysateâ†’SN_bottom,16.0,40.585533869115956,4887.759858324801
5,HIV-1 Gag$_{\mathrm{MCP}}$,Lysateâ†’SN_bottom,18.0,41.683673469387756,4887.759858324801
5,HIV-1 Gag$_{\mathrm{MCP}}$,Lysateâ†’SN_bottom,20.0,42.6078971533517,4887.759858324801
5,HIV-1 Gag$_{\mathrm{MCP}}$,Lysateâ†’SN_bottom,22.0,42.98831385642738,4887.759858324801
5,HIV-1 Gag$_{\mathrm{MCP}}$,Lysateâ†’SN_bottom,24.0,43.398392652123995,4887.759858324801
5,HIV-1 Gag$_{\mathrm{MCP}}$,Lysateâ†’SN_bottom,26.0,43.836100317908866,4887.759858324801
5,HIV-1 Gag$_{\mathrm{MCP}}$,Lysateâ†’SN_bottom,28.0,44.04722859954083,4887.759858324801
5,HIV-1 Gag$_{\mathrm{MCP}}$,Lysateâ†’SN_bottom,30.0,44.44444444444444,4887.759858324801
5,HIV-1 Gag$_{\mathrm{MCP}}$,Lysateâ†’SN_bottom,32.0,45.46498277841561,4887.759858324801
5,HIV-1 Gag$_{\mathrm{MCP}}$,Lysateâ†’SN_bottom,34.0,46.00216099405727,4887.759858324801
5,HIV-1 Gag$_{\mathrm{MCP}}$,Lysateâ†’SN_bottom,36.0,46.76020408163265,4887.759858324801
5,HIV-1 Gag$_{\mathrm{MCP}}$,Lysateâ†’SN_bottom,38.0,47.02754954084099,4887.759858324801
5,HIV-1 Gag$_{\mathrm{MCP}}$,Lysateâ†’SN_bottom,40.0,47.72727272727273,4887.759858324801
5,HIV-1 Gag$_{\mathrm{MCP}}$,Lysateâ†’SN_bottom,42.0,48.2396676142576,4887.759858324801
5,HIV-1 Gag$_{\mathrm{MCP}}$,Lysateâ†’SN_bottom,44.0,48.486745982049676,4887.759858324801
5,HIV-1 Gag$_{\mathrm{MCP}}$,Lysateâ†’SN_bottom,46.0,49.05170692753045,4887.759858324801
5,HIV-1 Gag$_{\mathrm{MCP}}$,Lysateâ†’SN_bottom,48.0,49.58867419169696,4887.759858324801
5,HIV-1 Gag$_{\mathrm{MCP}}$,Lysateâ†’SN_bottom,50.0,50.20205731080088,4887.759858324801
5,HIV-1 Gag$_{\mathrm{MCP}}$,Lysateâ†’SN_bottom,52.0,50.70646414694454,4887.759858324801
5,HIV-1 Gag$_{\mathrm{MCP}}$,Lysateâ†’SN_bottom,54.0,51.343537414965986,4887.759858324801
5,HIV-1 Gag$_{\mathrm{MCP}}$,Lysateâ†’SN_bottom,56.0,51.951459494916364,4887.759858324801
5,HIV-1 Gag$_{\mathrm{MCP}}$,Lysateâ†’SN_bottom,58.0,52.5649145028499,4887.759858324801
5,HIV-1 Gag$_{\mathrm{MCP}}$,Lysateâ†’SN_bottom,60.0,53.206796265115564,4887.759858324801
5,HIV-1 Gag$_{\mathrm{MCP}}$,Lysateâ†’SN_bottom,62.0,53.636498296548666,4887.759858324801
5,HIV-1 Gag$_{\mathrm{MCP}}$,Lysateâ†’SN_bottom,64.0,54.06801549720189,4887.759858324801
5,HIV-1 Gag$_{\mathrm{MCP}}$,Lysateâ†’SN_bottom,66.0,54.515096702379296,4887.759858324801
5,HIV-1 Gag$_{\mathrm{MCP}}$,Lysateâ†’SN_bottom,68.0,54.949358541525996,4887.759858324801
5,HIV-1 Gag$_{\mathrm{MCP}}$,Lysateâ†’SN_bottom,70.0,55.35292574127526,4887.759858324801
5,HIV-1 Gag$_{\mathrm{MCP}}$,Lysateâ†’SN_bottom,72.0,55.7780612244898,4887.759858324801
5,HIV-1 Gag$_{\mathrm{MCP}}$,Lysateâ†’SN_bottom,74.0,56.043683296103254,4887.759858324801
5,HIV-1 Gag$_{\mathrm{MCP}}$,Lysateâ†’SN_bottom,76.0,56.41614306428227,4887.759858324801
5,HIV-1 Gag$_{\mathrm{MCP}}$,Lysateâ†’SN_bottom,78.0,56.82326621923938,4887.759858324801
5,HIV-1 Gag$_{\mathrm{MCP}}$,Lysateâ†’SN_bottom,80.0,57.31833314200436,4887.759858324801
5,HIV-1 Gag$_{\mathrm{MCP}}$,Lysateâ†’SN_bottom,82.0,57.77802665472057,4887.759858324801
5,HIV-1 Gag$_{\mathrm{MCP}}$,Lysateâ†’SN_bottom,84.0,58.292336285120804,4887.759858324801
5,HIV-1 Gag$_{\mathrm{MCP}}$,Lysateâ†’SN_bottom,86.0,58.686599038974904,4887.759858324801
5,HIV-1 Gag$_{\mathrm{MCP}}$,Lysateâ†’SN_bottom,88.0,59.18388645376748,4887.759858324801
5,HIV-1 Gag$_{\mathrm{MCP}}$,Lysateâ†’SN_bottom,90.0,59.54081632653061,4887.759858324801
5,HIV-1 Gag$_{\mathrm{MCP}}$,Lysateâ†’SN_bottom,92.0,59.902176083050506,4887.759858324801
5,HIV-1 Gag$_{\mathrm{MCP}}$,Lysateâ†’SN_bottom,94.0,60.248143806174284,4887.759858324801
5,HIV-1 Gag$_{\mathrm{MCP}}$,Lysateâ†’SN_bottom,96.0,60.61417774801492,4887.759858324801
5,HIV-1 Gag$_{\mathrm{MCP}}$,Lysateâ†’SN_bottom,98.0,61.00646612313747,4887.759858324801
5,HIV-1 Gag$_{\mathrm{MCP}}$,Lysateâ†’SN_bottom,100.0,61.48406648911746,4887.759858324801
5,HIV-1 Gag$_{\mathrm{MCP}}$,Lysateâ†’SN_top,2.0,84.86238532110092,7058.113262358906
5,HIV-1 Gag$_{\mathrm{MCP}}$,Lysateâ†’SN_top,4.0,82.33944954128441,7058.113262358906
5,HIV-1 Gag$_{\mathrm{MCP}}$,Lysateâ†’SN_top,6.0,80.85758039816233,7058.113262358906
5,HIV-1 Gag$_{\mathrm{MCP}}$,Lysateâ†’SN_top,8.0,79.67853042479908,7058.113262358906
5,HIV-1 Gag$_{\mathrm{MCP}}$,Lysateâ†’SN_top,10.0,78.97153351698806,7058.113262358906
5,HIV-1 Gag$_{\mathrm{MCP}}$,Lysateâ†’SN_top,12.0,78.34736036725324,7058.113262358906
5,HIV-1 Gag$_{\mathrm{MCP}}$,Lysateâ†’SN_top,14.0,78.6745406824147,7058.113262358906
5,HIV-1 Gag$_{\mathrm{MCP}}$,Lysateâ†’SN_top,16.0,78.24339839265213,7058.113262358906
5,HIV-1 Gag$_{\mathrm{MCP}}$,Lysateâ†’SN_top,18.0,78.36734693877551,7058.113262358906
5,HIV-1 Gag$_{\mathrm{MCP}}$,Lysateâ†’SN_top,20.0,78.14508723599633,7058.113262358906
5,HIV-1 Gag$_{\mathrm{MCP}}$,Lysateâ†’SN_top,22.0,78.00500834724541,7058.113262358906
5,HIV-1 Gag$_{\mathrm{MCP}}$,Lysateâ†’SN_top,24.0,77.53539992345962,7058.113262358906
5,HIV-1 Gag$_{\mathrm{MCP}}$,Lysateâ†’SN_top,26.0,76.96926880960791,7058.113262358906
5,HIV-1 Gag$_{\mathrm{MCP}}$,Lysateâ†’SN_top,28.0,76.1561167595933,7058.113262358906
5,HIV-1 Gag$_{\mathrm{MCP}}$,Lysateâ†’SN_top,30.0,75.78818487909396,7058.113262358906
5,HIV-1 Gag$_{\mathrm{MCP}}$,Lysateâ†’SN_top,32.0,75.3731343283582,7058.113262358906
5,HIV-1 Gag$_{\mathrm{MCP}}$,Lysateâ†’SN_top,34.0,75.01350621285792,7058.113262358906
5,HIV-1 Gag$_{\mathrm{MCP}}$,Lysateâ†’SN_top,36.0,74.66836734693878,7058.113262358906
5,HIV-1 Gag$_{\mathrm{MCP}}$,Lysateâ†’SN_top,38.0,74.28709521507975,7058.113262358906
5,HIV-1 Gag$_{\mathrm{MCP}}$,Lysateâ†’SN_top,40.0,73.89807162534436,7058.113262358906
5,HIV-1 Gag$_{\mathrm{MCP}}$,Lysateâ†’SN_top,42.0,73.80275530286464,7058.113262358906
5,HIV-1 Gag$_{\mathrm{MCP}}$,Lysateâ†’SN_top,44.0,73.6171989146316,7058.113262358906
5,HIV-1 Gag$_{\mathrm{MCP}}$,Lysateâ†’SN_top,46.0,73.38790177680175,7058.113262358906
5,HIV-1 Gag$_{\mathrm{MCP}}$,Lysateâ†’SN_top,48.0,73.15859957910847,7058.113262358906
5,HIV-1 Gag$_{\mathrm{MCP}}$,Lysateâ†’SN_top,50.0,72.75900073475385,7058.113262358906
5,HIV-1 Gag$_{\mathrm{MCP}}$,Lysateâ†’SN_top,52.0,72.46555987283645,7058.113262358906
5,HIV-1 Gag$_{\mathrm{MCP}}$,Lysateâ†’SN_top,54.0,72.07482993197279,7058.113262358906
5,HIV-1 Gag$_{\mathrm{MCP}}$,Lysateâ†’SN_top,56.0,71.69563791407019,7058.113262358906
5,HIV-1 Gag$_{\mathrm{MCP}}$,Lysateâ†’SN_top,58.0,71.07346421785941,7058.113262358906
5,HIV-1 Gag$_{\mathrm{MCP}}$,Lysateâ†’SN_top,60.0,70.65666615643656,7058.113262358906
5,HIV-1 Gag$_{\mathrm{MCP}}$,Lysateâ†’SN_top,62.0,70.34513405421418,7058.113262358906
5,HIV-1 Gag$_{\mathrm{MCP}}$,Lysateâ†’SN_top,64.0,69.76610704548716,7058.113262358906
5,HIV-1 Gag$_{\mathrm{MCP}}$,Lysateâ†’SN_top,66.0,69.45874495617086,7058.113262358906
5,HIV-1 Gag$_{\mathrm{MCP}}$,Lysateâ†’SN_top,68.0,69.02093180283592,7058.113262358906
5,HIV-1 Gag$_{\mathrm{MCP}}$,Lysateâ†’SN_top,70.0,68.78771975859354,7058.113262358906
5,HIV-1 Gag$_{\mathrm{MCP}}$,Lysateâ†’SN_top,72.0,68.26530612244898,7058.113262358906
5,HIV-1 Gag$_{\mathrm{MCP}}$,Lysateâ†’SN_top,74.0,67.6842889054356,7058.113262358906
5,HIV-1 Gag$_{\mathrm{MCP}}$,Lysateâ†’SN_top,76.0,67.19429676172064,7058.113262358906
5,HIV-1 Gag$_{\mathrm{MCP}}$,Lysateâ†’SN_top,78.0,66.70198987401389,7058.113262358906
5,HIV-1 Gag$_{\mathrm{MCP}}$,Lysateâ†’SN_top,80.0,66.2036505567673,7058.113262358906
5,HIV-1 Gag$_{\mathrm{MCP}}$,Lysateâ†’SN_top,82.0,65.83044013887334,7058.113262358906
5,HIV-1 Gag$_{\mathrm{MCP}}$,Lysateâ†’SN_top,84.0,65.46408658576583,7058.113262358906
5,HIV-1 Gag$_{\mathrm{MCP}}$,Lysateâ†’SN_top,86.0,64.98665242925787,7058.113262358906
5,HIV-1 Gag$_{\mathrm{MCP}}$,Lysateâ†’SN_top,88.0,64.6211646837821,7058.113262358906
5,HIV-1 Gag$_{\mathrm{MCP}}$,Lysateâ†’SN_top,90.0,64.16326530612245,7058.113262358906
5,HIV-1 Gag$_{\mathrm{MCP}}$,Lysateâ†’SN_top,92.0,63.63545617887802,7058.113262358906
5,HIV-1 Gag$_{\mathrm{MCP}}$,Lysateâ†’SN_top,94.0,63.16920672137554,7058.113262358906
5,HIV-1 Gag$_{\mathrm{MCP}}$,Lysateâ†’SN_top,96.0,62.53707069740744,7058.113262358906
5,HIV-1 Gag$_{\mathrm{MCP}}$,Lysateâ†’SN_top,98.0,62.03729734795239,7058.113262358906
5,HIV-1 Gag$_{\mathrm{MCP}}$,Lysateâ†’SN_top,100.0,61.48406648911746,7058.113262358906
5,HIV-1 Gag$_{\mathrm{MCP}}$,SNâ†’Lysate_bottom,2.0,35.0,5860.113898315096
5,HIV-1 Gag$_{\mathrm{MCP}}$,SNâ†’Lysate_bottom,4.0,37.868480725623584,5860.113898315096
5,HIV-1 Gag$_{\mathrm{MCP}}$,SNâ†’Lysate_bottom,6.0,40.09077155824508,5860.113898315096
5,HIV-1 Gag$_{\mathrm{MCP}}$,SNâ†’Lysate_bottom,8.0,41.316685584563,5860.113898315096
5,HIV-1 Gag$_{\mathrm{MCP}}$,SNâ†’Lysate_bottom,10.0,42.05267938237965,5860.113898315096
5,HIV-1 Gag$_{\mathrm{MCP}}$,SNâ†’Lysate_bottom,12.0,43.04084720121028,5860.113898315096
5,HIV-1 Gag$_{\mathrm{MCP}}$,SNâ†’Lysate_bottom,14.0,44.94163424124514,5860.113898315096
5,HIV-1 Gag$_{\mathrm{MCP}}$,SNâ†’Lysate_bottom,16.0,45.40295119182747,5860.113898315096
5,HIV-1 Gag$_{\mathrm{MCP}}$,SNâ†’Lysate_bottom,18.0,47.15078164397378,5860.113898315096
5,HIV-1 Gag$_{\mathrm{MCP}}$,SNâ†’Lysate_bottom,20.0,48.11620517476169,5860.113898315096
5,HIV-1 Gag$_{\mathrm{MCP}}$,SNâ†’Lysate_bottom,22.0,48.493602971522904,5860.113898315096
5,HIV-1 Gag$_{\mathrm{MCP}}$,SNâ†’Lysate_bottom,24.0,49.11085887249338,5860.113898315096
5,HIV-1 Gag$_{\mathrm{MCP}}$,SNâ†’Lysate_bottom,26.0,50.13966480446928,5860.113898315096
5,HIV-1 Gag$_{\mathrm{MCP}}$,SNâ†’Lysate_bottom,28.0,51.23216601815823,5860.113898315096
5,HIV-1 Gag$_{\mathrm{MCP}}$,SNâ†’Lysate_bottom,30.0,52.17917675544794,5860.113898315096
5,HIV-1 Gag$_{\mathrm{MCP}}$,SNâ†’Lysate_bottom,32.0,52.979568671963676,5860.113898315096
5,HIV-1 Gag$_{\mathrm{MCP}}$,SNâ†’Lysate_bottom,34.0,54.098798397863824,5860.113898315096
5,HIV-1 Gag$_{\mathrm{MCP}}$,SNâ†’Lysate_bottom,36.0,54.880201765447666,5860.113898315096
5,HIV-1 Gag$_{\mathrm{MCP}}$,SNâ†’Lysate_bottom,38.0,56.033452807646356,5860.113898315096
5,HIV-1 Gag$_{\mathrm{MCP}}$,SNâ†’Lysate_bottom,40.0,56.899682251475255,5860.113898315096
5,HIV-1 Gag$_{\mathrm{MCP}}$,SNâ†’Lysate_bottom,42.0,57.674016428880236,5860.113898315096
5,HIV-1 Gag$_{\mathrm{MCP}}$,SNâ†’Lysate_bottom,44.0,58.60503508047874,5860.113898315096
5,HIV-1 Gag$_{\mathrm{MCP}}$,SNâ†’Lysate_bottom,46.0,59.356494275562575,5860.113898315096
5,HIV-1 Gag$_{\mathrm{MCP}}$,SNâ†’Lysate_bottom,48.0,60.24210327217704,5860.113898315096
5,HIV-1 Gag$_{\mathrm{MCP}}$,SNâ†’Lysate_bottom,50.0,60.99509714908299,5860.113898315096
5,HIV-1 Gag$_{\mathrm{MCP}}$,SNâ†’Lysate_bottom,52.0,61.67277806879693,5860.113898315096
5,HIV-1 Gag$_{\mathrm{MCP}}$,SNâ†’Lysate_bottom,54.0,62.47478143913921,5860.113898315096
5,HIV-1 Gag$_{\mathrm{MCP}}$,SNâ†’Lysate_bottom,56.0,63.31063553826199,5860.113898315096
5,HIV-1 Gag$_{\mathrm{MCP}}$,SNâ†’Lysate_bottom,58.0,64.02629931120852,5860.113898315096
5,HIV-1 Gag$_{\mathrm{MCP}}$,SNâ†’Lysate_bottom,60.0,64.72457627118644,5860.113898315096
5,HIV-1 Gag$_{\mathrm{MCP}}$,SNâ†’Lysate_bottom,62.0,65.22184800117148,5860.113898315096
5,HIV-1 Gag$_{\mathrm{MCP}}$,SNâ†’Lysate_bottom,64.0,66.00936303021705,5860.113898315096
5,HIV-1 Gag$_{\mathrm{MCP}}$,SNâ†’Lysate_bottom,66.0,66.65290961617829,5860.113898315096
5,HIV-1 Gag$_{\mathrm{MCP}}$,SNâ†’Lysate_bottom,68.0,67.39652870493991,5860.113898315096
5,HIV-1 Gag$_{\mathrm{MCP}}$,SNâ†’Lysate_bottom,70.0,68.01556420233463,5860.113898315096
5,HIV-1 Gag$_{\mathrm{MCP}}$,SNâ†’Lysate_bottom,72.0,68.67591424968474,5860.113898315096
5,HIV-1 Gag$_{\mathrm{MCP}}$,SNâ†’Lysate_bottom,74.0,69.2638036809816,5860.113898315096
5,HIV-1 Gag$_{\mathrm{MCP}}$,SNâ†’Lysate_bottom,76.0,69.84828574841715,5860.113898315096
5,HIV-1 Gag$_{\mathrm{MCP}}$,SNâ†’Lysate_bottom,78.0,70.41089512280293,5860.113898315096
5,HIV-1 Gag$_{\mathrm{MCP}}$,SNâ†’Lysate_bottom,80.0,70.90001134944956,5860.113898315096
5,HIV-1 Gag$_{\mathrm{MCP}}$,SNâ†’Lysate_bottom,82.0,71.45388107629277,5860.113898315096
5,HIV-1 Gag$_{\mathrm{MCP}}$,SNâ†’Lysate_bottom,84.0,72.04928664072632,5860.113898315096
5,HIV-1 Gag$_{\mathrm{MCP}}$,SNâ†’Lysate_bottom,86.0,72.61402027027027,5860.113898315096
5,HIV-1 Gag$_{\mathrm{MCP}}$,SNâ†’Lysate_bottom,88.0,73.14279818406933,5860.113898315096
5,HIV-1 Gag$_{\mathrm{MCP}}$,SNâ†’Lysate_bottom,90.0,73.7012004438616,5860.113898315096
5,HIV-1 Gag$_{\mathrm{MCP}}$,SNâ†’Lysate_bottom,92.0,74.2524425145564,5860.113898315096
5,HIV-1 Gag$_{\mathrm{MCP}}$,SNâ†’Lysate_bottom,94.0,74.76093885830194,5860.113898315096
5,HIV-1 Gag$_{\mathrm{MCP}}$,SNâ†’Lysate_bottom,96.0,75.25773195876289,5860.113898315096
5,HIV-1 Gag$_{\mathrm{MCP}}$,SNâ†’Lysate_bottom,98.0,75.71799147674633,5860.113898315096
5,HIV-1 Gag$_{\mathrm{MCP}}$,SNâ†’Lysate_bottom,100.0,76.2030143453786,5860.113898315096
5,HIV-1 Gag$_{\mathrm{MCP}}$,SNâ†’Lysate_top,2.0,100.0,8833.418818606406
5,HIV-1 Gag$_{\mathrm{MCP}}$,SNâ†’Lysate_top,4.0,98.86621315192744,8833.418818606406
5,HIV-1 Gag$_{\mathrm{MCP}}$,SNâ†’Lysate_top,6.0,98.78971255673223,8833.418818606406
5,HIV-1 Gag$_{\mathrm{MCP}}$,SNâ†’Lysate_top,8.0,98.63791146424518,8833.418818606406
5,HIV-1 Gag$_{\mathrm{MCP}}$,SNâ†’Lysate_top,10.0,98.72842870118075,8833.418818606406
5,HIV-1 Gag$_{\mathrm{MCP}}$,SNâ†’Lysate_top,12.0,98.63842662632375,8833.418818606406
5,HIV-1 Gag$_{\mathrm{MCP}}$,SNâ†’Lysate_top,14.0,98.24902723735408,8833.418818606406
5,HIV-1 Gag$_{\mathrm{MCP}}$,SNâ†’Lysate_top,16.0,98.01362088535754,8833.418818606406
5,HIV-1 Gag$_{\mathrm{MCP}}$,SNâ†’Lysate_top,18.0,97.8315683308119,8833.418818606406
5,HIV-1 Gag$_{\mathrm{MCP}}$,SNâ†’Lysate_top,20.0,97.41261915569677,8833.418818606406
5,HIV-1 Gag$_{\mathrm{MCP}}$,SNâ†’Lysate_top,22.0,96.73957903425506,8833.418818606406
5,HIV-1 Gag$_{\mathrm{MCP}}$,SNâ†’Lysate_top,24.0,96.32992811199395,8833.418818606406
5,HIV-1 Gag$_{\mathrm{MCP}}$,SNâ†’Lysate_top,26.0,95.94972067039106,8833.418818606406
5,HIV-1 Gag$_{\mathrm{MCP}}$,SNâ†’Lysate_top,28.0,95.55771725032426,8833.418818606406
5,HIV-1 Gag$_{\mathrm{MCP}}$,SNâ†’Lysate_top,30.0,95.30871670702179,8833.418818606406
5,HIV-1 Gag$_{\mathrm{MCP}}$,SNâ†’Lysate_top,32.0,94.9205448354143,8833.418818606406
5,HIV-1 Gag$_{\mathrm{MCP}}$,SNâ†’Lysate_top,34.0,94.739652870494,8833.418818606406
5,HIV-1 Gag$_{\mathrm{MCP}}$,SNâ†’Lysate_top,36.0,94.32534678436318,8833.418818606406
5,HIV-1 Gag$_{\mathrm{MCP}}$,SNâ†’Lysate_top,38.0,94.12186379928316,8833.418818606406
5,HIV-1 Gag$_{\mathrm{MCP}}$,SNâ†’Lysate_top,40.0,93.41806627326373,8833.418818606406
5,HIV-1 Gag$_{\mathrm{MCP}}$,SNâ†’Lysate_top,42.0,93.01772589710333,8833.418818606406
5,HIV-1 Gag$_{\mathrm{MCP}}$,SNâ†’Lysate_top,44.0,92.61246388774246,8833.418818606406
5,HIV-1 Gag$_{\mathrm{MCP}}$,SNâ†’Lysate_top,46.0,92.32135807343072,8833.418818606406
5,HIV-1 Gag$_{\mathrm{MCP}}$,SNâ†’Lysate_top,48.0,91.94250047285796,8833.418818606406
5,HIV-1 Gag$_{\mathrm{MCP}}$,SNâ†’Lysate_top,50.0,91.41093154167423,8833.418818606406
5,HIV-1 Gag$_{\mathrm{MCP}}$,SNâ†’Lysate_top,52.0,90.93766369827134,8833.418818606406
5,HIV-1 Gag$_{\mathrm{MCP}}$,SNâ†’Lysate_top,54.0,90.55144586415602,8833.418818606406
5,HIV-1 Gag$_{\mathrm{MCP}}$,SNâ†’Lysate_top,56.0,90.02918287937743,8833.418818606406
5,HIV-1 Gag$_{\mathrm{MCP}}$,SNâ†’Lysate_top,58.0,89.6211646837821,8833.418818606406
5,HIV-1 Gag$_{\mathrm{MCP}}$,SNâ†’Lysate_top,60.0,89.07384987893462,8833.418818606406
5,HIV-1 Gag$_{\mathrm{MCP}}$,SNâ†’Lysate_top,62.0,88.56347927954312,8833.418818606406
5,HIV-1 Gag$_{\mathrm{MCP}}$,SNâ†’Lysate_top,64.0,88.19690736274649,8833.418818606406
5,HIV-1 Gag$_{\mathrm{MCP}}$,SNâ†’Lysate_top,66.0,87.59114045948549,8833.418818606406
5,HIV-1 Gag$_{\mathrm{MCP}}$,SNâ†’Lysate_top,68.0,87.12950600801068,8833.418818606406
5,HIV-1 Gag$_{\mathrm{MCP}}$,SNâ†’Lysate_top,70.0,86.49805447470817,8833.418818606406
5,HIV-1 Gag$_{\mathrm{MCP}}$,SNâ†’Lysate_top,72.0,85.91424968474148,8833.418818606406
5,HIV-1 Gag$_{\mathrm{MCP}}$,SNâ†’Lysate_top,74.0,85.36196319018406,8833.418818606406
5,HIV-1 Gag$_{\mathrm{MCP}}$,SNâ†’Lysate_top,76.0,84.7568988173456,8833.418818606406
5,HIV-1 Gag$_{\mathrm{MCP}}$,SNâ†’Lysate_top,78.0,84.01815853800488,8833.418818606406
5,HIV-1 Gag$_{\mathrm{MCP}}$,SNâ†’Lysate_top,80.0,83.22551356259221,8833.418818606406
5,HIV-1 Gag$_{\mathrm{MCP}}$,SNâ†’Lysate_top,82.0,82.58221680876979,8833.418818606406
5,HIV-1 Gag$_{\mathrm{MCP}}$,SNâ†’Lysate_top,84.0,82.06874189364461,8833.418818606406
5,HIV-1 Gag$_{\mathrm{MCP}}$,SNâ†’Lysate_top,86.0,81.29222972972973,8833.418818606406
5,HIV-1 Gag$_{\mathrm{MCP}}$,SNâ†’Lysate_top,88.0,80.72637226578621,8833.418818606406
5,HIV-1 Gag$_{\mathrm{MCP}}$,SNâ†’Lysate_top,90.0,79.99596489458287,8833.418818606406
5,HIV-1 Gag$_{\mathrm{MCP}}$,SNâ†’Lysate_top,92.0,79.2361590841804,8833.418818606406
5,HIV-1 Gag$_{\mathrm{MCP}}$,SNâ†’Lysate_top,94.0,78.50864483724524,8833.418818606406
5,HIV-1 Gag$_{\mathrm{MCP}}$,SNâ†’Lysate_top,96.0,77.80194835902772,8833.418818606406
5,HIV-1 Gag$_{\mathrm{MCP}}$,SNâ†’Lysate_top,98.0,77.04280155642024,8833.418818606406
5,HIV-1 Gag$_{\mathrm{MCP}}$,SNâ†’Lysate_top,100.0,76.2030143453786,8833.418818606406
6,control,Lysateâ†’SN_bottom,2.0,7.4074074074074066,1422.6636810056664
6,control,Lysateâ†’SN_bottom,4.0,9.744779582366588,1422.6636810056664
6,control,Lysateâ†’SN_bottom,6.0,10.046367851622875,1422.6636810056664
6,control,Lysateâ†’SN_bottom,8.0,11.1368909512761,1422.6636810056664
6,control,Lysateâ†’SN_bottom,10.0,11.781076066790352,1422.6636810056664
6,control,Lysateâ†’SN_bottom,12.0,11.823802163833076,1422.6636810056664
6,control,Lysateâ†’SN_bottom,14.0,12.392312789927104,1422.6636810056664
6,control,Lysateâ†’SN_bottom,16.0,12.0,1422.6636810056664
6,control,Lysateâ†’SN_bottom,18.0,12.570839773312725,1422.6636810056664
6,control,Lysateâ†’SN_bottom,20.0,12.615955473098332,1422.6636810056664
6,control,Lysateâ†’SN_bottom,22.0,12.731871838111298,1422.6636810056664
6,control,Lysateâ†’SN_bottom,24.0,12.872052570545033,1422.6636810056664
6,control,Lysateâ†’SN_bottom,26.0,12.986086336068498,1422.6636810056664
6,control,Lysateâ†’SN_bottom,28.0,13.083802583636967,1422.6636810056664
6,control,Lysateâ†’SN_bottom,30.0,13.358070500927644,1422.6636810056664
6,control,Lysateâ†’SN_bottom,32.0,13.56521739130435,1422.6636810056664
6,control,Lysateâ†’SN_bottom,34.0,13.611565739225314,1422.6636810056664
6,control,Lysateâ†’SN_bottom,36.0,13.810873486214891,1422.6636810056664
6,control,Lysateâ†’SN_bottom,38.0,13.961435196485233,1422.6636810056664
6,control,Lysateâ†’SN_bottom,40.0,14.169758812615957,1422.6636810056664
6,control,Lysateâ†’SN_bottom,42.0,14.509717314487633,1422.6636810056664
6,control,Lysateâ†’SN_bottom,44.0,14.776559865092748,1422.6636810056664
6,control,Lysateâ†’SN_bottom,46.0,14.942528735632186,1422.6636810056664
6,control,Lysateâ†’SN_bottom,48.0,14.85990338164251,1422.6636810056664
6,control,Lysateâ†’SN_bottom,50.0,14.990723562152134,1422.6636810056664
6,control,Lysateâ†’SN_bottom,52.0,15.233678201926507,1422.6636810056664
6,control,Lysateâ†’SN_bottom,54.0,15.407076605977327,1422.6636810056664
6,control,Lysateâ†’SN_bottom,56.0,15.487825078681464,1422.6636810056664
6,control,Lysateâ†’SN_bottom,58.0,15.576523268830961,1422.6636810056664
6,control,Lysateâ†’SN_bottom,60.0,15.674756531148553,1422.6636810056664
6,control,Lysateâ†’SN_bottom,62.0,15.813883901855178,1422.6636810056664
6,control,Lysateâ†’SN_bottom,64.0,15.840579710144928,1422.6636810056664
6,control,Lysateâ†’SN_bottom,66.0,15.89599437807449,1422.6636810056664
6,control,Lysateâ†’SN_bottom,68.0,16.096030555176647,1422.6636810056664
6,control,Lysateâ†’SN_bottom,70.0,16.12561282628859,1422.6636810056664
6,control,Lysateâ†’SN_bottom,72.0,16.220046379799022,1422.6636810056664
6,control,Lysateâ†’SN_bottom,74.0,16.207069440962645,1422.6636810056664
6,control,Lysateâ†’SN_bottom,76.0,16.2313888210886,1422.6636810056664
6,control,Lysateâ†’SN_bottom,78.0,16.232607920085623,1422.6636810056664
6,control,Lysateâ†’SN_bottom,80.0,16.266666666666666,1422.6636810056664
6,control,Lysateâ†’SN_bottom,82.0,16.312217194570135,1422.6636810056664
6,control,Lysateâ†’SN_bottom,84.0,16.431095406360424,1422.6636810056664
6,control,Lysateâ†’SN_bottom,86.0,16.415012942191545,1422.6636810056664
6,control,Lysateâ†’SN_bottom,88.0,16.496258037314217,1422.6636810056664
6,control,Lysateâ†’SN_bottom,90.0,16.489745439554778,1422.6636810056664
6,control,Lysateâ†’SN_bottom,92.0,16.483516483516482,1422.6636810056664
6,control,Lysateâ†’SN_bottom,94.0,16.469311229524372,1422.6636810056664
6,control,Lysateâ†’SN_bottom,96.0,16.55072463768116,1422.6636810056664
6,control,Lysateâ†’SN_bottom,98.0,16.73450070989115,1422.6636810056664
6,control,Lysateâ†’SN_bottom,100.0,17.187644930896948,1422.6636810056664
6,control,Lysateâ†’SN_top,2.0,39.351851851851855,1967.5564308421904
6,control,Lysateâ†’SN_top,4.0,32.48259860788863,1967.5564308421904
6,control,Lysateâ†’SN_top,6.0,28.438948995363216,1967.5564308421904
6,control,Lysateâ†’SN_top,8.0,25.290023201856147,1967.5564308421904
6,control,Lysateâ†’SN_top,10.0,23.46938775510204,1967.5564308421904
6,control,Lysateâ†’SN_top,12.0,22.256568778979908,1967.5564308421904
6,control,Lysateâ†’SN_top,14.0,21.9350563286945,1967.5564308421904
6,control,Lysateâ†’SN_top,16.0,21.15942028985507,1967.5564308421904
6,control,Lysateâ†’SN_top,18.0,21.174652241112828,1967.5564308421904
6,control,Lysateâ†’SN_top,20.0,20.871985157699445,1967.5564308421904
6,control,Lysateâ†’SN_top,22.0,20.57335581787521,1967.5564308421904
6,control,Lysateâ†’SN_top,24.0,20.216466950135292,1967.5564308421904
6,control,Lysateâ†’SN_top,26.0,19.978594363182307,1967.5564308421904
6,control,Lysateâ†’SN_top,28.0,19.675389201722425,1967.5564308421904
6,control,Lysateâ†’SN_top,30.0,19.666048237476808,1967.5564308421904
6,control,Lysateâ†’SN_top,32.0,19.507246376811594,1967.5564308421904
6,control,Lysateâ†’SN_top,34.0,19.694489907255868,1967.5564308421904
6,control,Lysateâ†’SN_top,36.0,19.58258180881216,1967.5564308421904
6,control,Lysateâ†’SN_top,38.0,19.428850378325606,1967.5564308421904
6,control,Lysateâ†’SN_top,40.0,19.457328385899814,1967.5564308421904
6,control,Lysateâ†’SN_top,42.0,19.412544169611305,1967.5564308421904
6,control,Lysateâ†’SN_top,44.0,19.35075885328836,1967.5564308421904
6,control,Lysateâ†’SN_top,46.0,19.278080258116557,1967.5564308421904
6,control,Lysateâ†’SN_top,48.0,19.304347826086957,1967.5564308421904
6,control,Lysateâ†’SN_top,50.0,19.387755102040817,1967.5564308421904
6,control,Lysateâ†’SN_top,52.0,19.336425258651445,1967.5564308421904
6,control,Lysateâ†’SN_top,54.0,19.099965647543797,1967.5564308421904
6,control,Lysateâ†’SN_top,56.0,19.082325658439622,1967.5564308421904
6,control,Lysateâ†’SN_top,58.0,19.12681912681913,1967.5564308421904
6,control,Lysateâ†’SN_top,60.0,19.199257999690833,1967.5564308421904
6,control,Lysateâ†’SN_top,62.0,19.16517055655296,1967.5564308421904
6,control,Lysateâ†’SN_top,64.0,19.086956521739133,1967.5564308421904
6,control,Lysateâ†’SN_top,66.0,19.030217849613493,1967.5564308421904
6,control,Lysateâ†’SN_top,68.0,18.892374846542083,1967.5564308421904
6,control,Lysateâ†’SN_top,70.0,18.828673645157014,1967.5564308421904
6,control,Lysateâ†’SN_top,72.0,18.78381860345272,1967.5564308421904
6,control,Lysateâ†’SN_top,74.0,18.663825520180495,1967.5564308421904
6,control,Lysateâ†’SN_top,76.0,18.55015865267269,1967.5564308421904
6,control,Lysateâ†’SN_top,78.0,18.444523724580804,1967.5564308421904
6,control,Lysateâ†’SN_top,80.0,18.330434782608695,1967.5564308421904
6,control,Lysateâ†’SN_top,82.0,18.201357466063346,1967.5564308421904
6,control,Lysateâ†’SN_top,84.0,18.175795053003533,1967.5564308421904
6,control,Lysateâ†’SN_top,86.0,17.968075927523728,1967.5564308421904
6,control,Lysateâ†’SN_top,88.0,17.91925793190682,1967.5564308421904
6,control,Lysateâ†’SN_top,90.0,17.788312892919716,1967.5564308421904
6,control,Lysateâ†’SN_top,92.0,17.71347918136909,1967.5564308421904
6,control,Lysateâ†’SN_top,94.0,17.64357608052102,1967.5564308421904
6,control,Lysateâ†’SN_top,96.0,17.497584541062803,1967.5564308421904
6,control,Lysateâ†’SN_top,98.0,17.38760056791292,1967.5564308421904
6,control,Lysateâ†’SN_top,100.0,17.187644930896948,1967.5564308421904
6,control,SNâ†’Lysate_bottom,2.0,45.23809523809524,5591.443679439131
6,control,SNâ†’Lysate_bottom,4.0,45.23809523809524,5591.443679439131
6,control,SNâ†’Lysate_bottom,6.0,44.24603174603175,5591.443679439131
6,control,SNâ†’Lysate_bottom,8.0,44.49404761904761,5591.443679439131
6,control,SNâ†’Lysate_bottom,10.0,46.19047619047619,5591.443679439131
6,control,SNâ†’Lysate_bottom,12.0,47.61904761904761,5591.443679439131
6,control,SNâ†’Lysate_bottom,14.0,49.10790144435004,5591.443679439131
6,control,SNâ†’Lysate_bottom,16.0,49.29368029739777,5591.443679439131
6,control,SNâ†’Lysate_bottom,18.0,49.37210839391937,5591.443679439131
6,control,SNâ†’Lysate_bottom,20.0,50.50565139797739,5591.443679439131
6,control,SNâ†’Lysate_bottom,22.0,50.89237425635479,5591.443679439131
6,control,SNâ†’Lysate_bottom,24.0,50.867625185919685,5591.443679439131
6,control,SNâ†’Lysate_bottom,26.0,51.35011441647597,5591.443679439131
6,control,SNâ†’Lysate_bottom,28.0,51.80620484487888,5591.443679439131
6,control,SNâ†’Lysate_bottom,30.0,52.8758429194764,5591.443679439131
6,control,SNâ†’Lysate_bottom,32.0,52.99367794719226,5591.443679439131
6,control,SNâ†’Lysate_bottom,34.0,53.237661883094155,5591.443679439131
6,control,SNâ†’Lysate_bottom,36.0,53.45454545454545,5591.443679439131
6,control,SNâ†’Lysate_bottom,38.0,53.72573575453976,5591.443679439131
6,control,SNâ†’Lysate_bottom,40.0,54.31290898274837,5591.443679439131
6,control,SNâ†’Lysate_bottom,42.0,54.787535410764875,5591.443679439131
6,control,SNâ†’Lysate_bottom,44.0,55.2190373174689,5591.443679439131
6,control,SNâ†’Lysate_bottom,46.0,55.664769787894464,5591.443679439131
6,control,SNâ†’Lysate_bottom,48.0,56.0485870104115,5591.443679439131
6,control,SNâ†’Lysate_bottom,50.0,56.30652070442647,5591.443679439131
6,control,SNâ†’Lysate_bottom,52.0,56.796338672768876,5591.443679439131
6,control,SNâ†’Lysate_bottom,54.0,57.426178933450856,5591.443679439131
6,control,SNâ†’Lysate_bottom,56.0,57.94730131746706,5591.443679439131
6,control,SNâ†’Lysate_bottom,58.0,58.45301600328272,5591.443679439131
6,control,SNâ†’Lysate_bottom,60.0,59.12336374454582,5591.443679439131
6,control,SNâ†’Lysate_bottom,62.0,59.61612284069098,5591.443679439131
6,control,SNâ†’Lysate_bottom,64.0,60.02974530581893,5591.443679439131
6,control,SNâ†’Lysate_bottom,66.0,60.320894177032635,5591.443679439131
6,control,SNâ†’Lysate_bottom,68.0,60.71741032370953,5591.443679439131
6,control,SNâ†’Lysate_bottom,70.0,61.31225565187829,5591.443679439131
6,control,SNâ†’Lysate_bottom,72.0,61.874070401586515,5591.443679439131
6,control,SNâ†’Lysate_bottom,74.0,62.45377070268532,5591.443679439131
6,control,SNâ†’Lysate_bottom,76.0,62.9246907781431,5591.443679439131
6,control,SNâ†’Lysate_bottom,78.0,63.569794050343255,5591.443679439131
6,control,SNâ†’Lysate_bottom,80.0,64.12315930388219,5591.443679439131
6,control,SNâ†’Lysate_bottom,82.0,64.6785662458279,5591.443679439131
6,control,SNâ†’Lysate_bottom,84.0,65.23586910327242,5591.443679439131
6,control,SNâ†’Lysate_bottom,86.0,65.85028365850285,5591.443679439131
6,control,SNâ†’Lysate_bottom,88.0,66.41427798810167,5591.443679439131
6,control,SNâ†’Lysate_bottom,90.0,66.86938127974616,5591.443679439131
6,control,SNâ†’Lysate_bottom,92.0,67.43404035178479,5591.443679439131
6,control,SNâ†’Lysate_bottom,94.0,67.94936708860759,5591.443679439131
6,control,SNâ†’Lysate_bottom,96.0,68.50520575111551,5591.443679439131
6,control,SNâ†’Lysate_bottom,98.0,69.0626517727052,5591.443679439131
6,control,SNâ†’Lysate_bottom,100.0,69.60970966206568,5591.443679439131
6,control,SNâ†’Lysate_top,2.0,96.42857142857143,8102.246187574316
6,control,SNâ†’Lysate_top,4.0,96.13095238095238,8102.246187574316
6,control,SNâ†’Lysate_top,6.0,95.63492063492063,8102.246187574316
6,control,SNâ†’Lysate_top,8.0,94.64285714285714,8102.246187574316
6,control,SNâ†’Lysate_top,10.0,94.28571428571428,8102.246187574316
6,control,SNâ†’Lysate_top,12.0,93.05555555555556,8102.246187574316
6,control,SNâ†’Lysate_top,14.0,92.69328802039082,8102.246187574316
6,control,SNâ†’Lysate_top,16.0,92.56505576208178,8102.246187574316
6,control,SNâ†’Lysate_top,18.0,92.06873760740251,8102.246187574316
6,control,SNâ†’Lysate_top,20.0,91.55264723378941,8102.246187574316
6,control,SNâ†’Lysate_top,22.0,91.02217414818821,8102.246187574316
6,control,SNâ†’Lysate_top,24.0,90.77838373822509,8102.246187574316
6,control,SNâ†’Lysate_top,26.0,89.9771167048055,8102.246187574316
6,control,SNâ†’Lysate_top,28.0,89.50276243093923,8102.246187574316
6,control,SNâ†’Lysate_top,30.0,88.97262990876636,8102.246187574316
6,control,SNâ†’Lysate_top,32.0,88.50873930829304,8102.246187574316
6,control,SNâ†’Lysate_top,34.0,87.64438221911095,8102.246187574316
6,control,SNâ†’Lysate_top,36.0,86.64462809917354,8102.246187574316
6,control,SNâ†’Lysate_top,38.0,85.91108328115216,8102.246187574316
6,control,SNâ†’Lysate_top,40.0,85.33610945865556,8102.246187574316
6,control,SNâ†’Lysate_top,42.0,85.01416430594901,8102.246187574316
6,control,SNâ†’Lysate_top,44.0,84.45105462412114,8102.246187574316
6,control,SNâ†’Lysate_top,46.0,83.91101914123125,8102.246187574316
6,control,SNâ†’Lysate_top,48.0,83.49033217649975,8102.246187574316
6,control,SNâ†’Lysate_top,50.0,82.9128986197049,8102.246187574316
6,control,SNâ†’Lysate_top,52.0,82.12814645308924,8102.246187574316
6,control,SNâ†’Lysate_top,54.0,81.48964301454386,8102.246187574316
6,control,SNâ†’Lysate_top,56.0,80.91797705057373,8102.246187574316
6,control,SNâ†’Lysate_top,58.0,80.34468608945424,8102.246187574316
6,control,SNâ†’Lysate_top,60.0,79.80959936533122,8102.246187574316
6,control,SNâ†’Lysate_top,62.0,79.34740882917465,8102.246187574316
6,control,SNâ†’Lysate_top,64.0,78.69492470719464,8102.246187574316
6,control,SNâ†’Lysate_top,66.0,78.04218496484586,8102.246187574316
6,control,SNâ†’Lysate_top,68.0,77.42782152230971,8102.246187574316
6,control,SNâ†’Lysate_top,70.0,76.78055413904471,8102.246187574316
6,control,SNâ†’Lysate_top,72.0,76.53280449512478,8102.246187574316
6,control,SNâ†’Lysate_top,74.0,76.02508441871684,8102.246187574316
6,control,SNâ†’Lysate_top,76.0,75.52841709722875,8102.246187574316
6,control,SNâ†’Lysate_top,78.0,74.88939740655988,8102.246187574316
6,control,SNâ†’Lysate_top,80.0,74.38643462739847,8102.246187574316
6,control,SNâ†’Lysate_top,82.0,74.0531127557684,8102.246187574316
6,control,SNâ†’Lysate_top,84.0,73.48066298342542,8102.246187574316
6,control,SNâ†’Lysate_top,86.0,72.94866472948665,8102.246187574316
6,control,SNâ†’Lysate_top,88.0,72.60681449432126,8102.246187574316
6,control,SNâ†’Lysate_top,90.0,72.2104706504495,8102.246187574316
6,control,SNâ†’Lysate_top,92.0,71.79255043973099,8102.246187574316
6,control,SNâ†’Lysate_top,94.0,71.22784810126582,8102.246187574316
6,control,SNâ†’Lysate_top,96.0,70.62469013386217,8102.246187574316
6,control,SNâ†’Lysate_top,98.0,70.10684798445848,8102.246187574316
6,control,SNâ†’Lysate_top,100.0,69.60970966206568,8102.246187574316
