GeneID,baseMean_lysate,log2FoldChange_lysate,lfcSE_lysate,stat_lysate,pvalue_lysate,padj_lysate,baseMean_SN,log2FoldChange_SN,lfcSE_SN,stat_SN,pvalue_SN,padj_SN,log_baseMean_lysate,log_baseMean_SN,gene_name_lysate,gene_name_SN,gene_biotype,baseMean_SN_normalized,baseMean_lysate_normalized,SN_threshold,lysate_threshold,plot_log2fc_lysate,plot_log2fc_sn,plot_threshold_class
ENSG00000130939,1629.03382009658,-0.114209974181518,0.177044127091665,-0.645093266055559,0.51886674745313,0.978649692331437,939.293246837615,0.523470342252153,0.0689884213897557,7.58779997725654,3.2538267994627e-14,8.59010275058152e-12,3.2119301007166463,2.9728011999351063,UBE4B,UBE4B,protein_coding,20.879558204335638,34.51807185135296,True,False,0.114209974181518,-0.523470342252153,NTVE
ENSG00000116205,1444.06694100762,-0.0599740417987406,0.124790505935138,-0.480597793472471,0.630802383987324,0.978649692331437,7076.52329346704,0.311073585170196,0.0321264065840381,9.68280048241535,3.56805812186664e-22,1.76303187354407e-19,3.1595873258072906,3.8498199405551143,TCEANC2,TCEANC2,protein_coding,157.3041012354109,30.598754803573858,True,False,0.0599740417987406,-0.311073585170196,NTVE
ENSG00000143458,591.889773321917,0.0309523223412529,0.184276038205281,0.1679671575464,0.866609116436118,0.992446161794824,3524.91675133368,0.264634659023881,0.039849121879048,6.64091569764356,3.1174031060735595e-11,5.626594504105e-09,2.772240836291792,3.547148864628598,GABPB2,GABPB2,protein_coding,78.35540681538937,12.541724715325842,True,False,-0.0309523223412529,-0.264634659023881,NTVE
ENSG00000168118,3359.83384850356,0.28285885395682,0.122754101604864,2.30427212010659,0.0212073729673245,0.317258657675872,13405.8078684162,0.241499532309224,0.0280278843080045,8.6164024960048,6.90905796810617e-18,2.51974056370849e-15,3.526317801061796,4.127292990808522,RAB4A,RAB4A,protein_coding,297.99782613908974,71.1924975163363,True,False,-0.28285885395682,-0.241499532309224,NTVE
ENSG00000173726,19136.689094317,-0.126089257392303,0.123026975359222,-1.02489114297202,0.305414554221567,0.839935626436573,75265.4862019366,0.21757023478917,0.0350055851093019,6.21530061873915,5.12264814079462e-10,8.05416891683335e-08,4.281866801128922,4.8765958714431745,TOMM20,TOMM20,protein_coding,1673.0771835333323,405.49287621019084,True,False,0.126089257392303,-0.21757023478917,NTVE
ENSG00000143641,4949.47498312415,-0.195683163053449,0.158541569320266,-1.23427038026951,0.217102169254881,0.746117371254999,1108.17240396751,0.41325344127586,0.054116168680176,7.63641350366411,2.23356188998317e-14,5.98594586515489e-12,3.6945591334739984,3.0446073310306563,GALNT2,GALNT2,protein_coding,24.63357453806787,104.87586628730915,True,False,0.195683163053449,-0.41325344127586,NTVE
ENSG00000160049,11778.6150866685,-0.275314891968156,0.118578069916286,-2.32180277653805,0.02024355769042,0.312137011428797,64098.1401813995,0.145778068990031,0.0208806312862259,6.98149720627435,2.9205071600593697e-12,5.93769317783104e-10,4.071094229706106,4.8068454285722755,DFFA,DFFA,protein_coding,1424.838146354275,249.58050401123577,True,False,0.275314891968156,-0.145778068990031,NTVE
ENSG00000169914,1094.25404011318,0.0889469185486383,0.176253693176408,0.504652793060136,0.613802722920573,0.978649692331437,1264.34595192004,0.462693360293469,0.0549392437687122,8.42190988724479,3.7039591738161e-17,1.22459121245718e-14,3.039118158753848,3.10186592240593,OTUD3,OTUD3,protein_coding,28.105157768790477,23.186467410492842,True,False,-0.0889469185486383,-0.462693360293469,NTVE
ENSG00000143771,17680.7133708784,0.0075830186725591,0.17677064349599,0.0428974999614749,0.965783241659538,0.999723774146434,6142.47483657274,-0.221055169388591,0.0309198838711376,-7.14928847436379,8.722884799473009e-13,1.97428213782238e-10,4.2474997836853055,3.788343386013333,CNIH4,CNIH4,protein_coding,136.54112951485936,374.6417827488533,True,False,-0.0075830186725591,0.221055169388591,NTVE
ENSG00000090621,4651.95135193604,-0.111560904713014,0.134562451176468,-0.82906415376389,0.40706810626257,0.908731988481078,7856.0545457901,0.235903306352725,0.0323820710683139,7.28499748688275,3.21676299265616e-13,7.688932947851649e-11,3.6676351644192215,3.8952044901624743,PABPC4,PABPC4,protein_coding,174.63230859746363,98.57155145226311,True,False,0.111560904713014,-0.235903306352725,NTVE
ENSG00000116478,5726.88383874645,-0.179774046851323,0.119800622145319,-1.50061029427089,0.133456387192229,0.612387673853087,2765.56150438571,0.311871739754228,0.0425234969799423,7.33410377564512,2.23210094142024e-13,5.371619245148469e-11,3.7579183741901483,3.441783321354563,HDAC1,HDAC1,protein_coding,61.47569206198519,121.34860884501597,True,False,0.179774046851323,-0.311871739754228,NTVE
ENSG00000117226,25.6805885354078,-5.21339181726547,0.500285058478521,-10.4208425354948,1.9918081468222402e-25,2.17152615046981e-22,6.95545080124296,-2.35264620883877,0.797224608388488,-2.95104564520959,0.0031670011112977,0.0694150132052475,1.4096049724634496,0.8423252830193073,GBP3,GBP3,protein_coding,0.15461277969461662,0.544153466499353,False,True,5.21339181726547,2.35264620883877,Lysate
ENSG00000117228,109.266619320276,-6.10587694606339,0.32115225512438,-19.0124056382498,1.3463439368809e-80,5.708199104833509e-77,62.6044548978316,-4.82379108369176,0.310725872576651,-15.5242659508561,2.37708637433701e-54,3.36367230314184e-51,2.038487506330431,1.7966052384613347,GBP1,GBP1,protein_coding,1.391635002477518,2.3152822060060783,True,True,6.10587694606339,4.82379108369176,Both
ENSG00000162645,26.4893778482235,-3.6031606002559,0.548930211495234,-6.56396846958238,5.239428513305139e-11,3.57010916447674e-08,4.28896159267298,-1.77172252511413,0.865488146813032,-2.04707890181756,0.0406503381471157,0.416746990476936,1.4230717582120498,0.6323521571822129,GBP2,GBP2,protein_coding,0.09533936660555725,0.5612911386998747,False,True,3.6031606002559,1.77172252511413,Lysate
ENSG00000137959,56.6571398847965,-0.533092730705715,0.367068511016553,-1.45229763574483,0.146418864595106,0.634999926085131,201.80253237823,-1.04755990357445,0.123241175961674,-8.5000803943986,1.8945943737692502e-17,6.507103938491361e-15,1.7532546470710746,2.3049266118066933,IFI44L,IFI44L,protein_coding,4.485870344282395,1.2005246308020876,True,False,0.533092730705715,1.04755990357445,NTVE
ENSG00000117020,5337.64942862555,-0.0859510658003878,0.154916791855252,-0.554820847830988,0.579017205824506,0.978649692331437,12622.6191376158,0.263804693055089,0.0313564162561997,8.41310087542069,3.99311274117419e-17,1.3079662623312801e-14,3.7273500463692146,4.101149478441792,AKT3,AKT3,protein_coding,280.58831665439766,113.10100761671511,True,False,0.0859510658003878,-0.263804693055089,NTVE
ENSG00000143106,10430.6101264393,0.219366256106057,0.18840270763127,1.16434768302474,0.244283140078917,0.782627055969149,7313.48591504833,-0.21712955798124,0.031707166706642,-6.84796468855591,7.49080482627605e-12,1.4480585329745402e-09,4.01830971272145,3.864124429326542,PSMA5,PSMA5,protein_coding,162.57154552527052,221.01723448352698,True,False,-0.219366256106057,0.21712955798124,NTVE
ENSG00000162458,2248.96066657852,-0.0031380458830908,0.0960370682119601,-0.0326753611029129,0.973933472388169,0.999723774146434,11293.3358160307,0.158435996315266,0.0252737978610104,6.26878465937577,3.63876929629743e-10,5.87785856738894e-08,3.351981859865475,4.052822242413178,FBLIM1,FBLIM1,protein_coding,251.0396654993586,47.653882271898794,True,False,0.0031380458830908,-0.158435996315266,NTVE
ENSG00000179743,869.773082599569,0.858381630878468,0.164566216965273,5.21602578407455,1.82802740877113e-07,8.71923373298612e-05,3302.32217935348,0.321082851499155,0.0455718672318402,7.0456373855759,1.84614454492496e-12,3.88745294174198e-10,2.939405963159896,3.518819441394898,SPEN-AS1,SPEN-AS1,lncRNA,73.40735003197543,18.429875051805073,True,False,-0.858381630878468,-0.321082851499155,NTVE
ENSG00000171865,2736.48276607045,-0.208799767857122,0.104684474809445,-1.99456288276936,0.0460905751992355,0.412890486097631,9947.97784646543,0.398173466220182,0.0313606065482877,12.6966124078975,6.1745043547121e-37,5.90349367708906e-34,3.437192717370147,3.997734809451886,RNASEH1,RNASEH1,protein_coding,221.13369084684288,57.984129963372254,True,False,0.208799767857122,-0.398173466220182,NTVE
ENSG00000067066,59.33159154147,-1.71233482646774,0.258275195278841,-6.62988493579126,3.35948644201261e-11,2.33075061189667e-08,83.6046004757543,-0.702492197364437,0.196565306165888,-3.57383615179568,0.0003517891109154,0.012035678518128,1.773285998234766,1.9222301758392881,SP100,SP100,protein_coding,1.8584474312584116,1.2571943655302178,False,True,1.71233482646774,0.702492197364437,Lysate
ENSG00000178385,1134.30403162481,-0.361103628084383,0.2098019773531,-1.72116408358078,0.085221053244461,0.513722740869217,1971.95835411988,0.335178125692078,0.0445215445835238,7.52844782964062,5.13470252875791e-14,1.3356267401275e-11,3.0547294756855625,3.294897738816696,PLEKHM3,PLEKHM3,protein_coding,43.83468035141749,24.03509833981422,True,False,0.361103628084383,-0.335178125692078,NTVE
ENSG00000152102,10423.7699944828,-0.177442080745028,0.123721803553392,-1.43420218303278,0.151514574279726,0.642489869991518,14970.3741226651,0.386344879898448,0.0243589516838477,15.8604887809943,1.18964401593328e-56,1.82977594381112e-53,4.018024819892846,4.175232653875367,FAM168B,FAM168B,protein_coding,332.7765837636262,220.87229693623084,True,False,0.177442080745028,-0.386344879898448,NTVE
ENSG00000115652,2284.45610545122,0.0661865411625769,0.102269752617917,0.647176114817175,0.517517967997485,0.978649692331437,4571.48633380057,0.237479015890134,0.0307812362159388,7.7150577781917,1.20927438687295e-14,3.3421320867201198e-12,3.3587828177458654,3.660057425807104,UXS1,UXS1,protein_coding,101.61961166895884,48.406005459452096,True,False,-0.0661865411625769,-0.237479015890134,NTVE
ENSG00000158411,1812.34118758924,0.153061054121114,0.17427622935366,0.878266959807269,0.379798861644841,0.899725319946985,1593.94252518333,-0.490589774008665,0.0646717461382584,-7.58584394736858,3.30329806830791e-14,8.65610907144153e-12,3.2582399604151777,3.202472657432899,MITD1,MITD1,protein_coding,35.4317630207392,38.40222502480817,True,False,-0.153061054121114,0.490589774008665,NTVE
ENSG00000123992,4078.62144585192,-0.308545691442591,0.110739380584334,-2.7862327729711,0.0053324564618464,0.182981900783397,3479.16371965296,-0.301619889530769,0.0353977374181372,-8.52088047232714,1.58344888195503e-17,5.54614729188526e-15,3.610513398475493,3.5414748659044992,DNPEP,DNPEP,protein_coding,77.33836225425928,86.42309716690775,True,False,0.308545691442591,0.301619889530769,NTVE
ENSG00000055332,2720.75076890376,-0.862931810553022,0.176483844452075,-4.88957962827783,1.01051540290005e-06,0.0003975180076686,4451.8586549248,-0.399026789476755,0.0420823878620712,-9.48203773000244,2.49365067661304e-21,1.14565436799822e-18,3.434688760579005,3.6485413671719527,EIF2AK2,EIF2AK2,protein_coding,98.96040689734397,57.650780095575854,True,False,0.862931810553022,0.399026789476755,NTVE
ENSG00000123609,308.353561232636,-2.63317506599528,0.195752045467385,-13.4515839142738,3.01347383625909e-41,7.18675841524839e-38,299.08531884758,-1.70636486023212,0.132448995149304,-12.8831846425759,5.59771892807014e-38,5.50069179998359e-35,2.489048968539043,2.475795095411897,NMI,NMI,protein_coding,6.648370297524267,6.533793375522222,True,True,2.63317506599528,1.70636486023212,Both
ENSG00000115963,8278.94022487522,0.426858547693833,0.230583153690135,1.85121306939647,0.0641389062855115,0.461812524196164,5547.39966271365,0.28244107159846,0.0411504631636768,6.8636182896665,6.71378807758704e-12,1.3049833353446101e-09,3.91797474693636,3.744089455775813,RND3,RND3,protein_coding,123.31319801383154,175.42487455438862,True,False,-0.426858547693833,-0.28244107159846,NTVE
ENSG00000036257,3063.28514786258,-0.170801499134264,0.146510459890898,-1.16579730390209,0.243696407549882,0.78162288974434,1623.03495693037,0.49175261000332,0.0564309113978012,8.71424185473072,2.9271088394621002e-18,1.11343443338507e-15,3.4861874252686325,3.210327873762444,CUL3,CUL3,protein_coding,36.07845895304052,64.90884076847097,True,False,0.170801499134264,-0.49175261000332,NTVE
ENSG00000115267,84.1682732910401,-2.70897772530792,0.255457181314902,-10.6044297183744,2.84192439755593e-26,3.3888172238106e-23,27.1373132223392,-2.04641773951888,0.358239672534568,-5.71242633469471,1.11376633819722e-08,1.47567782696872e-06,1.92514841773233,1.4335668473593322,IFIH1,IFIH1,protein_coding,0.6032355846726053,1.783466045469938,False,True,2.70897772530792,2.04641773951888,Lysate
ENSG00000135899,78.6413112006075,-2.11529196763511,0.27125395218825,-7.79819777950036,6.2797535551227e-15,5.8444594184480995e-12,71.7276449800678,-1.48809703942554,0.212787854668224,-6.99333635251771,2.6842492746778697e-12,5.52081408959327e-10,1.8956507459538,1.8556865719625613,SP110,SP110,protein_coding,1.5944344785438032,1.666353636750305,True,True,2.11529196763511,1.48809703942554,Both
ENSG00000115415,4595.18696956813,-2.50541952344369,0.146943819521073,-17.0501864699684,3.48419993977856e-65,1.20863728456428e-61,2060.89497553664,-2.047122160792,0.0525127989521697,-38.9832993411108,0.0,0.0,3.6623031867122857,3.3140558604317705,STAT1,STAT1,protein_coding,45.81165332510824,97.36875442926635,True,True,2.50541952344369,2.047122160792,Both
ENSG00000157985,2082.27200961434,-0.338430631566235,0.188491066359969,-1.79547305929035,0.0725783613605295,0.48347039385099,1286.72213932133,0.379215159911301,0.0558153237689458,6.79410481395947,1.08987129788024e-11,2.0728648942909302e-09,3.3185374612736136,3.109484773487195,AGAP1,AGAP1,protein_coding,28.602558243891647,44.121867793799154,True,False,0.338430631566235,-0.379215159911301,NTVE
ENSG00000168268,5959.44232838916,0.0827911837162841,0.10738055613755,0.771007216709066,0.440702654026406,0.936676008102574,3472.97664549848,0.473038189216641,0.0579388748754852,8.16443519542335,3.22942643698629e-16,1.02003740745381e-13,3.7752056213115575,3.5407018628485565,NT5DC2,NT5DC2,protein_coding,77.20082972609737,126.27635838348367,True,False,-0.0827911837162841,-0.473038189216641,NTVE
ENSG00000158186,1640.15122509324,-0.750311909071653,0.119198503611182,-6.29464201596963,3.08110081549552e-10,1.95947741529464e-07,1754.52830855299,-0.616682596731335,0.0507509687112738,-12.1511492763752,5.65648090048302e-34,4.76437305560684e-31,3.214883892679216,3.244160379760985,MRAS,MRAS,protein_coding,39.001425873042564,34.753641782278365,True,False,0.750311909071653,0.616682596731335,NTVE
ENSG00000157500,3049.13421579405,-0.282744205062387,0.177047751303031,-1.59699404811105,0.110267033954371,0.565971704281817,6779.34972602068,0.272777355211683,0.0406779393437532,6.70578106001263,2.00331898881734e-11,3.65306250249495e-09,3.48417654141879,3.831188038417965,APPL1,APPL1,protein_coding,150.69822727732947,64.60899254931235,True,False,0.282744205062387,-0.272777355211683,NTVE
ENSG00000188313,1102.247669869,-0.561665997795185,0.108510611464401,-5.17613890674141,2.26524831374998e-07,0.0001054113965317,1615.39702218528,-0.593422364667228,0.0573081345631136,-10.354941217179,3.9743062496829e-25,2.38296708286072e-22,3.042279189408902,3.208279277969791,PLSCR1,PLSCR1,protein_coding,35.90867523149461,23.355846758460057,True,False,0.561665997795185,0.593422364667228,NTVE
ENSG00000114251,750.588386752946,0.0451254885758214,0.158789153027929,0.284184956688349,0.776268643241417,0.978649692331437,2050.90976582936,0.346072254726645,0.0436395712720843,7.93023956557572,2.1872353905003102e-15,6.44796993119491e-13,2.875401840641772,3.3119465530721888,WNT5A,WNT5A,protein_coding,45.58969200688566,15.904435834974404,True,False,-0.0451254885758214,-0.346072254726645,NTVE
ENSG00000172667,1448.9899323278,0.113493859365159,0.1479006944851,0.767365290340762,0.442864359408857,0.939397310930188,7663.37341798843,0.666789947251665,0.0413807178997142,16.1135422751153,2.04939917479354e-58,3.29543387306801e-55,3.161065367976577,3.884419988211077,ZMAT3,ZMAT3,protein_coding,170.34919803922546,30.703069499817232,True,False,-0.113493859365159,-0.666789947251665,NTVE
ENSG00000136527,14142.2313913758,0.265312700707625,0.165238747720782,1.60563248249706,0.108354684082789,0.563220002074793,6924.09072864078,0.325641255792954,0.0345108708096714,9.43590376461016,3.87637909068037e-21,1.75808700912704e-18,4.150517938775281,3.8403627499442408,TRA2B,TRA2B,protein_coding,153.9156763529351,299.66385797750206,True,False,-0.265312700707625,-0.325641255792954,NTVE
ENSG00000138496,726.21354916834,-2.74011442841835,0.146027779398473,-18.7643367563734,1.4783116347796898e-78,5.64094153599235e-75,95.0286695336574,-2.67962539124495,0.188502868852921,-14.2153029688674,7.36320821102944e-46,9.647439024939909e-43,2.8610643474055037,1.9778546488875972,PARP9,PARP9,protein_coding,2.1123931671911587,15.387950305496195,True,True,2.74011442841835,2.67962539124495,Both
ENSG00000163840,1039.91089591917,-3.05655413877768,0.245496249792682,-12.4505125490059,1.38949953904087e-35,2.52478682908198e-32,677.19627219355,-2.84519726267037,0.0810901825397778,-35.0868276967399,1.07060437273229e-269,6.3122833816296e-266,3.0169961286560367,2.830714558754342,DTX3L,DTX3L,protein_coding,15.053402149572564,22.03497470802331,True,True,3.05655413877768,2.84519726267037,Both
ENSG00000145284,1097.126896297,-0.0307249335301181,0.150949268189245,-0.203544766388654,0.838709259415217,0.985677399464253,3497.40774570971,0.286287977879981,0.040809085111708,7.01530007586096,2.2945595247196197e-12,4.77484339685185e-10,3.0402568620089325,3.543746267536239,SCD5,SCD5,protein_coding,77.7439088769097,23.24734119650535,True,False,0.0307249335301181,-0.286287977879981,NTVE
ENSG00000164136,47.0916005254462,-2.27950461814584,0.307844256285872,-7.40473330783549,1.31414297823669e-13,1.11433483919012e-10,101.135206386374,-2.40902115913924,0.166082775990688,-14.5049427598338,1.12731478516255e-47,1.53384183999655e-44,1.672943451274257,2.0049023650639475,IL15,IL15,protein_coding,2.2481354309330586,0.9978376326380942,True,True,2.27950461814584,2.40902115913924,Both
ENSG00000047315,7917.58920836554,0.031345911697873,0.109305175819726,0.286774267209184,0.774285167524315,0.978649692331437,696.686692556551,0.495383256132969,0.0723740071486041,6.84476755744377,7.66001450283994e-12,1.4727210491981801e-09,3.898592965316148,2.8430375151356118,POLR2B,POLR2B,protein_coding,15.486654882695431,167.76810267060964,True,False,-0.031345911697873,-0.495383256132969,NTVE
ENSG00000137628,336.389228484975,-2.03561164496229,0.18538189984486,-10.9806385988375,4.73564206819069e-28,6.23112517372485e-25,74.5416195230929,-1.8743266445775,0.189713419818987,-9.87977891266664,5.09451841860986e-23,2.6503482878932702e-20,2.526842080810674,1.8723988241879022,DDX60,DDX60,protein_coding,1.6569863444860153,7.127849290555027,True,True,2.03561164496229,1.8743266445775,Both
ENSG00000179387,7516.35042668236,0.422056937609686,0.225917893189453,1.8681872942917,0.0617359691660423,0.455123862333431,2509.68653680941,0.333473526843942,0.0449942025627238,7.41147765379474,1.24899846508681e-13,3.0683728958966e-11,3.876007019542744,3.399619480909189,ELMOD2,ELMOD2,protein_coding,55.787845059434055,159.26613731861457,True,False,-0.422056937609686,-0.333473526843942,NTVE
ENSG00000123739,1635.97567398833,0.0894116412882307,0.11129259982922,0.803392511500623,0.421747901948505,0.922443676279683,7254.41499117669,0.297247533675179,0.0413468348197455,7.18912426963397,6.52082040040061e-13,1.5176351479248201e-10,3.2137768416756587,3.860602395912594,PLA2G12A,PLA2G12A,protein_coding,161.25845741640327,34.66516481434793,True,False,-0.0894116412882307,-0.297247533675179,NTVE
ENSG00000145391,5134.27883452367,-0.316671592358013,0.164785088882858,-1.92172480231588,0.0546403946940611,0.437995496776112,3882.52120494069,0.257818693522011,0.0348054905063583,7.407414455915,1.28785502179603e-13,3.14201098283146e-11,3.710479450818997,3.589113836368035,SETD7,SETD7,protein_coding,86.30459949654151,108.7917288939168,True,False,0.316671592358013,-0.257818693522011,NTVE
ENSG00000169245,62.244783400362,-3.96191399336735,0.322964181504484,-12.2673479607284,1.35623109435991e-34,2.2500463521124e-31,16.4403829362324,-3.77121363379542,0.483029953788054,-7.80741153673913,5.83744208948111e-15,1.66845939386159e-12,1.7941029600188674,1.2159119290894203,CXCL10,CXCL10,protein_coding,0.3654534231714486,1.3189228359041776,True,True,3.96191399336735,3.77121363379542,Both
ENSG00000109189,1577.33752878123,-0.170803913017156,0.168258435736943,-1.01512837837262,0.310044635720858,0.844084133121895,5432.09474862347,0.372388832246541,0.0433796699223377,8.58440907718354,9.13045279226319e-18,3.2959071222357403e-15,3.1979246363867677,3.7349673364649107,USP46,USP46,protein_coding,120.7500840203078,33.42266408506979,True,False,0.170803913017156,-0.372388832246541,NTVE
ENSG00000109572,2756.61154875111,-0.211141806231693,0.191044795856599,-1.10519527781421,0.269074982595877,0.806738680434781,1472.63583611644,0.464390978956289,0.051318377882264,9.04921390971686,1.44001235449538e-19,5.923474075887061e-17,3.440375571285403,3.168095364684928,CLCN3,CLCN3,protein_coding,32.73523551617677,58.41064459939749,True,False,0.211141806231693,-0.464390978956289,NTVE
ENSG00000113391,852.792884790814,0.304836024333687,0.122105893139543,2.49648904320547,0.0125429543627537,0.259250939381592,1857.99295562329,0.54649035677545,0.0596284445992006,9.16492724988464,4.95804050661461e-20,2.1132004935180502e-17,2.9308435681963596,3.269044063080802,FAM172A,FAM172A,protein_coding,41.3013424623171,18.070076697233134,True,False,-0.304836024333687,-0.54649035677545,NTVE
ENSG00000164308,588.599466043219,-2.40932366858053,0.157342799529849,-15.3125765893307,6.30172169279523e-53,1.84970074118216e-49,558.744405568029,-2.526210834477,0.092918420110403,-27.1874062373793,9.15177305118369e-163,2.6979426954889497e-159,2.7698198637870566,2.7472131877854555,ERAP2,ERAP2,protein_coding,12.420334519259518,12.472005436537389,True,True,2.40932366858053,2.526210834477,Both
ENSG00000164307,711.228800559183,-1.86547799292408,0.16339171291304,-11.4172130254667,3.43059263879699e-30,5.23618215644862e-27,177.542357565273,-1.41931838266386,0.126598311891438,-11.2111951688658,3.59308540639993e-29,2.54217978673608e-26,2.852009334675708,2.2493019825308194,ERAP1,ERAP1,protein_coding,3.9465906957169405,15.070434104921135,True,True,1.86547799292408,1.41931838266386,Both
ENSG00000131437,2651.55730459318,0.245657323041072,0.172234312801701,1.42629722872878,0.153782564217387,0.645619439477065,2826.18501501279,0.305073752092161,0.0472753841556823,6.45312053070843,1.09570143126432e-10,1.85461884365582e-08,3.4235010173869513,3.451200589348702,KIF3A,KIF3A,protein_coding,62.823292636088006,56.184619636994924,True,False,-0.245657323041072,-0.305073752092161,NTVE
ENSG00000120738,246.239078021954,-1.35769933730411,0.187277450266342,-7.24966799458888,4.17794468074984e-13,3.25351047200107e-10,497.884769031935,-0.398422164526555,0.122495266890586,-3.25255150374447,0.0011437386608085,0.0315854011434527,2.391356976387958,2.6971288408234404,EGR1,EGR1,protein_coding,11.067485100158168,5.217631508269605,False,True,1.35769933730411,0.398422164526555,Lysate
ENSG00000125347,1083.453,-2.623331,0.1141388,-22.98369,6.786443e-117,6.473927000000001e-113,2800.81793236473,-3.12009838864163,0.0420358025868874,-74.2247845082161,0.0,0.0,3.0348100764464467,3.447284878356133,IRF1,IRF1,protein_coding,62.25940752309738,22.957601027182278,True,True,2.623331,3.12009838864163,Both
ENSG00000175414,3037.776,-0.203967,0.1664933,-1.225076,0.2205465,0.7504966,5169.74134561706,0.230245849219371,0.0363459946485879,6.33483418036866,2.37596662771546e-10,3.89130534361398e-08,3.482555746633234,3.713468814857713,ARL10,ARL10,protein_coding,114.91822781712476,64.36832000829725,True,False,0.203967,-0.230245849219371,NTVE
ENSG00000177733,9402.265,-0.1874468,0.13601,-1.378184,0.1681466,0.6712845,11052.0379220919,0.274397460312779,0.0342216237091652,8.01824783782221,1.07264214289275e-15,3.2711886592219e-13,3.9732324874835707,4.043442366411592,HNRNPA0,HNRNPA0,protein_coding,245.6758524004768,199.22733023198973,True,False,0.1874468,-0.274397460312779,NTVE
ENSG00000124766,15306.36,0.2311198,0.1175951,1.965386,0.04936952,0.4224809,72852.85254508,0.219296051041712,0.0336847842849289,6.51024062338522,7.503051881418789e-11,1.30111746743662e-08,4.184871923561242,4.862446561189522,SOX4,SOX4,protein_coding,1619.4467278330737,324.33091796175904,True,False,-0.2311198,-0.219296051041712,NTVE
ENSG00000206503,27347.49,-1.181977,0.1612034,-7.332211,2.263856e-13,1.837962e-10,3968.01303055984,-0.697616474080817,0.0361744695660178,-19.284774108648,7.210427484049049e-83,1.34250569829326e-79,4.436917472198783,3.598573089664334,HLA-A,HLA-A,protein_coding,88.20499807283252,579.4739268937897,True,True,1.181977,0.697616474080817,Both
ENSG00000146409,2190.745,0.0693633,0.102705,0.6753646,0.4994442,0.9752752,2902.46068870028,0.282369670707838,0.0382860197328851,7.37526837936883,1.64014313232461e-13,3.9740892773366595e-11,3.340591829163658,3.4627663463102976,SLC18B1,SLC18B1,protein_coding,64.51882528650873,46.42033356527181,True,False,-0.0693633,-0.282369670707838,NTVE
ENSG00000204642,1345.465,-1.09582,0.1171681,-9.352543,8.556494e-21,9.069408e-18,759.972141719943,-0.518804474556456,0.061600880365953,-8.42203019623077,3.70015661726905e-17,1.22459121245718e-14,3.128872404809123,2.8807976726504596,HLA-F,HLA-F,protein_coding,16.89342771295193,28.509449570989975,True,True,1.09582,0.518804474556456,Both
ENSG00000112343,607.6703,-0.3334976,0.1201877,-2.774807,0.005523452,0.1860869,1118.1545228264,-0.419685534656553,0.054763278105516,-7.66363061480573,1.80749266617832e-14,4.8810580579178894e-12,2.7836680106416773,3.0485018248148164,TRIM38,TRIM38,protein_coding,24.855467149793224,12.876102889066866,True,False,0.3334976,0.419685534656553,NTVE
ENSG00000170734,1574.9,0.04073062,0.1072432,0.3797968,0.7040962,0.9786497,9333.82084643619,0.281170541604324,0.0267962262685547,10.4929156361945,9.31099967439641e-26,5.67906766347323e-23,3.19725298299739,3.9700594607712425,POLH,POLH,protein_coding,207.48158925675492,33.371014578121404,True,False,-0.04073062,-0.281170541604324,NTVE
ENSG00000204592,11231.58,-1.181175,0.1130501,-10.44825,1.492525e-25,1.675052e-22,11252.9423846185,-1.28618400489885,0.0282739214900769,-45.4901172923699,0.0,0.0,4.050440854838008,4.051266095276116,HLA-E,HLA-E,protein_coding,250.14175954178526,237.98921830931283,True,True,1.181175,1.28618400489885,Both
ENSG00000120254,4097.052,-0.1565869,0.1293745,-1.210338,0.2261492,0.7579918,3964.19483343893,-0.237524258442363,0.0327575215877025,-7.2509838024966,4.13755167624139e-13,9.6933793442858e-11,3.612471476076585,3.59815499117349,MTHFD1L,MTHFD1L,protein_coding,88.12012333399022,86.81362754417515,True,False,0.1565869,0.237524258442363,NTVE
ENSG00000240065,553.3796,-5.471352,0.1838553,-29.75902,1.325509e-194,2.528939e-190,673.8907,-4.616893,0.1033911,-44.65464,0.0,0.0,2.7430231450999623,2.8285894629504957,PSMB9,PSMB9,protein_coding,14.979922554945187,11.725721441891544,True,True,5.471352,4.616893,Both
ENSG00000228223,900.7619,-0.1223977,0.1784672,-0.6858272,0.4928221,0.9696862,4817.673,0.3501065,0.03749568,9.33725,9.886826e-21,4.3719540000000004e-18,2.9546100083135585,3.682837318884597,HCG11,HCG11,lncRNA,107.09209733128895,19.086506125034184,True,False,0.1223977,-0.3501065,NTVE
ENSG00000112697,3557.247,-0.1883714,0.1262973,-1.491492,0.1358323,0.6173284,4225.137,0.3320496,0.05299146,6.266096,3.70212e-10,5.953009e-08,3.5511140217819945,3.625840795505686,TMEM30A,TMEM30A,protein_coding,93.92060914927812,75.37554225346284,True,False,0.1883714,-0.3320496,NTVE
ENSG00000186470,1280.627,-1.347219,0.118115,-11.40599,3.903134e-30,5.728299e-27,3217.224,-0.7592176,0.04534169,-16.74436,6.225484e-63,1.1011640000000001e-59,3.10742265399869,3.5074812998131377,BTN3A2,BTN3A2,protein_coding,71.5157018221367,27.135578313629996,True,True,1.347219,0.7592176,Both
ENSG00000026950,525.7137,-1.176778,0.1627883,-7.228886,4.869716e-13,3.716372e-10,99.53689,-1.195224,0.1605077,-7.446525,9.583111e-14,2.438936e-11,2.720749294798291,1.997984067220352,BTN3A1,BTN3A1,protein_coding,2.2126064413117708,11.139500632813602,True,True,1.176778,1.195224,Both
ENSG00000111801,507.7719,-1.509409,0.2238366,-6.743349,1.547769e-11,1.093699e-08,88.512,-1.37721,0.1793962,-7.676918,1.629621e-14,4.434575e-12,2.70566866342898,1.9470021540931977,BTN3A3,BTN3A3,protein_coding,1.9675340603206253,10.759326609473874,True,True,1.509409,1.37721,Both
ENSG00000206337,538.9482,-2.767626,0.1828685,-15.13452,9.587993e-52,2.439058e-48,78.20692,-2.075642,0.2143878,-9.681717,3.606079e-22,1.763032e-19,2.73154702578928,1.8932451825336427,HCP5,HCP5,lncRNA,1.7384623424255505,11.41993030608438,True,True,2.767626,2.075642,Both
ENSG00000204525,37190.58,-1.151159,0.1594897,-7.217762,5.285011e-13,3.954224e-10,7877.011,-0.8039671,0.03418859,-23.51566,2.820889e-122,6.652785000000001e-119,4.570432951384929,3.8963614519484286,HLA-C,HLA-C,protein_coding,175.0981498104238,788.0420263818594,True,True,1.151159,0.8039671,Both
ENSG00000206341,343.776,-1.199807,0.1848958,-6.489101,8.634989e-11,5.780595e-08,53.71335,-0.795666,0.2151774,-3.697721,0.0002175442,0.00816102,2.536275554051471,1.7300822393452293,HLA-H,HLA-H,unprocessed_pseudogene,1.1939945501053288,7.284369742592078,False,True,1.199807,0.795666,Lysate
ENSG00000234745,13775.11,-1.572559,0.1037002,-15.16448,6.078099e-52,1.656629e-48,3510.762,-0.8803279,0.03586572,-24.5451,4.878374e-133,1.232696e-129,4.139095075560285,3.5454013889668743,HLA-B,HLA-B,protein_coding,78.04076071808748,291.8848159408381,True,True,1.572559,0.8803279,Both
ENSG00000204264,39.98541,-2.833768,0.3576806,-7.922621,2.325561e-15,2.218469e-12,34.96954,-2.665845,0.3075208,-8.66883,4.365824e-18,1.625741e-15,1.601901553518836,1.5436899195046803,PSMB8,PSMB8,protein_coding,0.777338225593643,0.8472624928707609,True,True,2.833768,2.665845,Both
ENSG00000168394,6219.832,-2.680063,0.1403965,-19.08925,3.101967e-81,1.479561e-77,790.1547,-2.418669,0.07194598,-33.61784,9.20431e-248,4.6515950000000006e-244,3.7937786543920553,2.897712127719552,TAP1,TAP1,protein_coding,17.56435607796034,131.79383093876817,True,True,2.680063,2.418669,Both
ENSG00000289100,115.5614,0.2484858,0.2183177,1.138184,0.2550435,0.7885443,1848.512,0.4247281,0.05019181,8.4621,2.6260540000000002e-17,8.932625e-15,2.06281279458261,3.2668222742312065,ENSG00000289100,ENSG00000289100,lncRNA,41.09059021275533,2.4486641463382557,True,False,-0.2484858,-0.4247281,NTVE
ENSG00000231925,1010.352,-1.738088,0.225794,-7.697672,1.38568e-14,1.258923e-11,618.3342,-1.082454,0.09758208,-11.09275,1.360386e-28,9.436273999999999e-26,3.0044727054903615,2.7912232679456133,TAPBP,TAPBP,protein_coding,13.744956606574313,21.40864265733324,True,True,1.738088,1.082454,Both
ENSG00000204267,1506.116,-0.9350558,0.13626,-6.862291,6.776502e-12,4.972649e-09,173.1729,-0.5922843,0.1318572,-4.491863,7.060292e-06,0.0004608208,3.1778584222098383,2.238479929821555,TAP2,TAP2,protein_coding,3.8494619833977044,31.913530378018855,False,True,0.9350558,0.5922843,Lysate
ENSG00000166278,173.3526,-1.028378,0.1833078,-5.610117,2.0219e-08,1.102167e-05,139.0081,-1.206394,0.1347883,-8.950284,3.5456979999999998e-19,1.409355e-16,2.2389303597344696,2.1430401073246763,C2,C2,protein_coding,3.090012330649579,3.6732187070640983,True,False,1.028378,1.206394,NTVE
ENSG00000180354,1502.308,0.2318931,0.1072142,2.162895,0.03054926,0.356156,3238.746,0.3414901,0.03737069,9.137914,6.366831e-20,2.681346e-17,3.176758979930211,3.510376889620589,MTURN,MTURN,protein_coding,71.99411455765528,31.83284155745026,True,False,-0.2318931,-0.3414901,NTVE
ENSG00000106261,3703.32,-0.4177723,0.1987962,-2.101511,0.03559615,0.3759419,17727.84,0.28329,0.03613438,7.839902,4.508989e-15,1.318264e-12,3.568591240601894,4.24865582340536,ZKSCAN1,ZKSCAN1,protein_coding,394.0723180576012,78.470725574607,True,False,0.4177723,-0.28329,NTVE
ENSG00000006453,2327.648,-0.2070654,0.1632203,-1.268625,0.2045749,0.7291396,1589.765,0.3627296,0.0438168,8.278323,1.249225e-16,3.981313e-14,3.366917304493271,3.201332931398375,BAIAP2L1,BAIAP2L1,protein_coding,35.33890077509964,49.321211086884965,True,False,0.2070654,-0.3627296,NTVE
ENSG00000186480,17297.38,0.3647647,0.1622595,2.248032,0.02457413,0.3313253,56236.31,0.3096429,0.03430331,9.026618,1.7705969999999997e-19,7.117799000000001e-17,4.23798032638242,4.750016816293179,INSIG1,INSIG1,protein_coding,1250.077451099844,366.519220358947,True,False,-0.3647647,-0.3096429,NTVE
ENSG00000133627,1410.571,0.3002228,0.1275322,2.354094,0.0185679,0.3006174,1609.095,0.4985647,0.04832102,10.31776,5.857349000000001e-25,3.396878e-22,3.149394950918309,3.206581685340691,ACTR3B,ACTR3B,protein_coding,35.76858752250109,29.88899955836897,True,False,-0.3002228,-0.4985647,NTVE
ENSG00000178234,3764.687,0.009190301,0.1136311,0.08087839,0.9355387,0.9997238,7097.106,0.2049273,0.02874561,7.128995,1.011043e-12,2.249475e-10,3.57572887434189,3.8510812917543618,GALNT11,GALNT11,protein_coding,157.76163440783026,79.77104880250437,True,False,-0.009190301,-0.2049273,NTVE
ENSG00000165055,2444.522,0.05066071,0.09929852,0.5101859,0.6099212,0.9786497,20735.94,0.1939986,0.02507962,7.73531,1.031513e-14,2.873292e-12,3.3881939501437723,4.316723727549555,METTL2B,METTL2B,protein_coding,460.9394005644982,51.79768829674169,True,False,-0.05066071,-0.1939986,NTVE
ENSG00000243335,1656.056,0.4384808,0.1638054,2.67684,0.007432009,0.209292,1543.554,0.3290657,0.04623141,7.117795,1.096673e-12,2.424743e-10,3.2190750184873758,3.1885218275283798,KCTD7,KCTD7,protein_coding,34.31167603199727,35.090652687907436,True,False,-0.4384808,-0.3290657,NTVE
ENSG00000257923,2311.24,-0.3029722,0.1877037,-1.614098,0.1065061,0.5602282,2224.827,0.422034,0.04397185,9.597822,8.165125e-22,3.903371e-19,3.363845045117272,3.3472962463882228,CUX1,CUX1,protein_coding,49.45569980139366,48.9735371982585,True,False,0.3029722,-0.422034,NTVE
ENSG00000197448,3863.82,-0.09824061,0.08690767,-1.130402,0.2583068,0.7923311,2263.44,-0.3504352,0.05139694,-6.818212,9.218058e-12,1.762692e-09,3.587016886162814,3.354768986565186,GSTK1,GSTK1,protein_coding,50.314028532765235,81.8716067986774,True,False,0.09824061,0.3504352,NTVE
ENSG00000146859,23.64522,-2.835756,0.38507,-7.364261,1.781314e-13,1.477638e-10,3.118158,-1.667894,2.31922,-0.7191615,0.4720414,0.9755269,1.373743359135608,0.49389811752043955,TMEM140,TMEM140,protein_coding,0.06931356279895654,0.5010254500748541,False,True,2.835756,1.667894,Lysate
ENSG00000169871,1032.785,-0.8671878,0.2000373,-4.33513,1.456739e-05,0.004117501,4242.684,-0.5775993,0.041307,-13.98308,1.977298e-44,2.412031e-41,3.0140099216823226,3.6276406862170183,TRIM56,TRIM56,protein_coding,94.31066157331607,21.883982024931818,True,False,0.8671878,0.5775993,NTVE
ENSG00000122592,192.647,0.04841332,0.237376,0.203952,0.838391,0.9856774,1560.467,0.2782346,0.04474425,6.218333,5.024655e-10,7.94234e-08,2.2847622503405054,3.193254588849194,HOXA7,HOXA7,protein_coding,34.68763526421667,4.082053365566927,True,False,-0.04841332,-0.2782346,NTVE
ENSG00000155034,931.7354,-0.3538861,0.1870589,-1.891844,0.05851183,0.4472545,2568.537,0.249905,0.03902002,6.404533,1.508307e-10,2.540851e-08,2.9692925962215693,3.409685826155389,FBXL18,FBXL18,protein_coding,57.09603254579896,19.742812633406423,True,False,0.3538861,-0.249905,NTVE
ENSG00000160991,1422.787,-0.1583223,0.1342955,-1.17891,0.2384342,0.7731938,11785.43,0.2540093,0.02862946,8.872308,7.16454e-19,2.754921e-16,3.153139888384661,4.071345432700002,ORAI2,ORAI2,protein_coding,261.97843163101624,30.1478479386384,True,False,0.1583223,-0.2540093,NTVE
ENSG00000128595,17793.87,-0.02907916,0.1014464,-0.2866456,0.7743837,0.9786497,11679.24,0.3008304,0.03536028,8.507579,1.7760280000000003e-17,6.159682e-15,4.250270413337513,4.067414582969438,CALU,CALU,protein_coding,259.6179331464554,377.0394915049826,True,False,0.02907916,-0.3008304,NTVE
ENSG00000183943,1192.592,-0.3600592,0.1812848,-1.986152,0.04701648,0.4166202,9266.781,0.3470739,0.03293144,10.53929,5.692853e-26,3.533165e-23,3.0764918917382897,3.9669288995469154,PRKX,PRKX,protein_coding,205.99135989506536,25.27017907025904,True,False,0.3600592,-0.3470739,NTVE
ENSG00000130224,2324.42,-0.5393121,0.147599,-3.6539,0.0002582869,0.03324532,1022.312,-0.4367411,0.06243821,-6.994772,2.656898e-12,5.496515e-10,3.3663146035815137,3.0095834586163126,LRCH2,LRCH2,protein_coding,22.72498283028854,49.252812055163474,True,False,0.5393121,0.4367411,NTVE
ENSG00000129680,2843.273,-0.149518,0.1410819,-1.059796,0.2892375,0.8285448,1557.485,0.3844065,0.05175749,7.427069,1.110301e-13,2.766057e-11,3.4538185609572123,3.1924238726996834,MAP7D3,MAP7D3,protein_coding,34.621348358849296,60.24693931841957,True,False,0.149518,-0.3844065,NTVE
ENSG00000147274,13042.47,-0.1101227,0.1152125,-0.9558227,0.3391618,0.8746718,18034.18,0.4087586,0.05137071,7.957037,1.762086e-15,5.282675e-13,4.1153598464410335,4.256096400074325,RBMX,RBMX,protein_coding,400.88195272904255,276.3606936978291,True,False,0.1101227,-0.4087586,NTVE
ENSG00000182378,4418.242,0.09009948,0.1244767,0.7238263,0.4691724,0.9561208,1345.241,0.3739398,0.05549861,6.737822,1.60778e-11,2.993517e-09,3.645249499762277,3.1288000951891415,PLCXD1,PLCXD1,protein_coding,29.903374534975804,93.61941595762795,True,False,-0.09009948,-0.3739398,NTVE
ENSG00000101849,3365.838,-0.1877993,0.2293038,-0.8189976,0.4127878,0.9134202,13693.25,0.4901267,0.03479065,14.08789,4.508614e-45,5.6963119999999996e-42,3.527093209263342,4.136506537217485,TBL1X,TBL1X,protein_coding,304.3873799200719,71.31972123029715,True,False,0.1877993,-0.4901267,NTVE
ENSG00000229807,239105.6,0.2095214,0.2568492,0.8157371,0.4146505,0.9154266,25891.84,0.2422368,0.03737049,6.482034,9.049429e-11,1.539099e-08,5.378589747678378,4.4131629146083755,XIST,XIST,lncRNA,575.5499489828721,5066.478165794949,True,False,-0.2095214,-0.2422368,NTVE
ENSG00000174010,7490.156,0.229264,0.1457489,1.573007,0.1157173,0.5767365,3273.161,0.2977077,0.04578433,6.502392,7.905259e-11,1.357556e-08,3.874490862991008,3.5149673678780973,KLHL15,KLHL15,protein_coding,72.75912590849963,158.7110959860331,True,False,-0.229264,-0.2977077,NTVE
ENSG00000157514,22180.6,-0.06154327,0.1163446,-0.528974,0.5968235,0.9786497,46713.66,0.1901247,0.02540843,7.482739,7.27892e-14,1.865935e-11,4.34597328992697,4.669443895451624,TSC22D3,TSC22D3,protein_coding,1038.3983768555358,469.9911905209725,True,False,0.06154327,-0.1901247,NTVE
ENSG00000101935,620.9396,-0.2509075,0.142563,-1.759976,0.07841191,0.4991728,3784.372,0.2618687,0.03607467,7.259076,3.897442e-13,9.191728e-11,2.793049357563932,3.5779938205433215,AMMECR1,AMMECR1,protein_coding,84.12283991914866,13.15726994966847,True,False,0.2509075,-0.2618687,NTVE
ENSG00000102054,21494.48,-0.06080541,0.07792523,-0.7803045,0.4352116,0.9325475,6594.129,0.1939606,0.02973656,6.52263,6.908496e-11,1.209876e-08,4.332326943016074,3.819157438930908,RBBP7,RBBP7,protein_coding,146.58095405874892,455.45279410066604,True,False,0.06080541,-0.1939606,NTVE
ENSG00000169446,2900.256,-0.2982325,0.1756788,-1.697601,0.08958306,0.5237415,8570.104,0.2614046,0.03775716,6.923313,4.412e-12,8.768479e-10,3.4624363339266897,3.93298609220932,MMGT1,MMGT1,protein_coding,190.50492046829842,61.4543686940657,True,False,0.2982325,-0.2614046,NTVE
ENSG00000178685,280.015,-3.007167,0.1816034,-16.55897,1.379251e-61,4.3857879999999996e-58,14.62815,-1.249686,0.4204106,-2.972538,0.002953488,0.06585391,2.4471812964948674,1.1651894050320366,PARP10,PARP10,protein_coding,0.32516928060013506,5.933319351763709,False,True,3.007167,1.249686,Lysate
ENSG00000147687,7889.122,0.3318594,0.2049288,1.619389,0.1053636,0.5575459,5398.574,-0.2717006,0.03799334,-7.151268,8.597963e-13,1.962332e-10,3.8970286721862486,3.73227905876433,TATDN1,TATDN1,protein_coding,120.00495099151934,167.16490270530085,True,False,-0.3318594,0.2717006,NTVE
ENSG00000155189,2058.09,-0.04741618,0.108806,-0.4357866,0.6629916,0.9786497,2187.304,0.4817024,0.05633068,8.551333,1.2167550000000001e-17,4.304392e-15,3.3134643624811932,3.3399091471653755,AGPAT5,AGPAT5,protein_coding,48.62160069002559,43.60946815231817,True,False,0.04741618,-0.4817024,NTVE
ENSG00000173530,549.7689,0.8113459,0.1605232,5.054385,4.317791e-07,0.0001915794,166.2471,1.304516,0.1365238,9.555227,1.233139e-21,5.816468e-19,2.740180168500524,2.220754078245925,TNFRSF10D,TNFRSF10D,protein_coding,3.6955083116360385,11.649213268460073,True,False,-0.8113459,-1.304516,NTVE
ENSG00000123908,4679.44,-0.4582776,0.2222047,-2.062412,0.03916858,0.389913,5265.501,0.2234199,0.03366356,6.636849,3.204591e-11,5.754599e-09,3.670193883103665,3.7214396995830286,AGO2,AGO2,protein_coding,117.04687005323926,99.15401641846748,True,False,0.4582776,-0.2234199,NTVE
ENSG00000221869,322.6028,-0.1044491,0.1559529,-0.669748,0.5030184,0.9778648,542.798,-0.5894087,0.08236914,-7.155698,8.324821e-13,1.91233e-10,2.50866813248652,2.7346382387840076,CEBPD,CEBPD,protein_coding,12.065861723539347,6.835724643941065,True,False,0.1044491,0.5894087,NTVE
ENSG00000186918,1152.869,-0.03439657,0.1649494,-0.2085281,0.8348167,0.9856332,11227.88,0.4024007,0.03069623,13.10913,2.919371e-39,2.950734e-36,3.061779961406281,4.050297762386313,ZNF395,ZNF395,protein_coding,249.5846475640901,24.42847685926995,True,False,0.03439657,-0.4024007,NTVE
ENSG00000272384,158.2802,0.6395977,0.2163372,2.956485,0.003111676,0.1420686,643.8674,0.7575991,0.0761851,9.94419,2.673411e-23,1.4329489999999998e-20,2.1994265903609946,2.8087964366490046,ENSG00000272384,ENSG00000272384,lncRNA,14.31253434370576,3.3538452356517694,True,False,-0.6395977,-0.7575991,NTVE
ENSG00000081377,2006.074,-0.2353574,0.175018,-1.344761,0.1787024,0.6882796,6551.894,0.2602788,0.03118638,8.345914,7.066545e-17,2.272601e-14,3.302346949222238,3.816366862563798,CDC14B,CDC14B,protein_coding,145.64211185613638,42.50728598564373,True,False,0.2353574,-0.2602788,NTVE
ENSG00000148411,964.3144,0.18873,0.09814823,1.922907,0.05449168,0.437905,2856.641,0.4319231,0.04215324,10.2465,1.227087e-24,7.001521e-22,2.9842186520811946,3.4558556651235666,NACC2,NACC2,protein_coding,63.50029900587911,20.433138548664928,True,False,-0.18873,-0.4319231,NTVE
ENSG00000119487,2830.141,-0.125194,0.1242231,-1.007816,0.3135427,0.8472845,3800.355,0.2925572,0.03389575,8.631086,6.077202e-18,2.239449e-15,3.451808072978891,3.5798241669694284,MAPKAP1,MAPKAP1,protein_coding,84.47812617283294,59.96868154748815,True,False,0.125194,-0.2925572,NTVE
ENSG00000106780,885.9838,-0.1358661,0.2044044,-0.6646925,0.5062472,0.9786497,4095.883,0.3337729,0.03951974,8.445726,3.021616e-17,1.018026e-14,2.9474257809898403,3.6123475424062237,MEGF9,MEGF9,protein_coding,91.047420797047,18.773368661997203,True,False,0.1358661,-0.3337729,NTVE
ENSG00000278910,10.7487,-7.842389,1.070293,-7.327326,2.347901e-13,1.866483e-10,5.680578,-6.431998,1.043479,-6.163993,7.093316e-10,1.105432e-07,1.0313559417430853,0.754392527513717,BANCR,BANCR,lncRNA,0.1262736204956166,0.22775733341536195,False,True,7.842389,6.431998,Lysate
ENSG00000187239,1199.256,-0.3601572,0.1636375,-2.200945,0.02773992,0.3474364,1984.15,0.3702643,0.04151411,8.918998,4.705275999999999e-19,1.849487e-16,3.078911899962928,3.297574501341246,FNBP1,FNBP1,protein_coding,44.10568855957575,25.411384506254088,True,False,0.3601572,-0.3702643,NTVE
ENSG00000134910,12255.46,0.02916413,0.09133445,0.3193114,0.7494904,0.9786497,8290.927,0.2214445,0.03085242,7.177541,7.097636e-13,1.641085e-10,4.088329616829419,3.9186030912833547,STT3A,STT3A,protein_coding,184.29909237314604,259.6845096968593,True,False,-0.02916413,-0.2214445,NTVE
ENSG00000168062,116.3775,-0.7965912,0.2052668,-3.880761,0.0001041301,0.01856727,91.48039,-1.119428,0.1785044,-6.271148,3.583953e-10,5.815869e-08,2.065869023523602,1.961328007426697,BATF2,BATF2,protein_coding,2.033518428873083,2.4659567268177813,True,False,0.7965912,1.119428,NTVE
ENSG00000177225,3783.895,0.7603311,0.1837659,4.1375,3.511112e-05,0.007927633,6728.171,0.5217705,0.04846862,10.76512,5.029605e-27,3.235042e-24,3.577939076579309,3.827897020752499,GATD1,GATD1,protein_coding,149.56057490692203,80.1780527062548,True,False,-0.7603311,-0.5217705,NTVE
ENSG00000060749,3866.804,-0.3976289,0.1798722,-2.210619,0.02706221,0.343412,3293.236,0.2571965,0.03733998,6.887965,5.659631e-12,1.106161e-09,3.58735215917528,3.5176228542543297,QSER1,QSER1,protein_coding,73.20537326773832,81.93483564336667,True,False,0.3976289,-0.2571965,NTVE
ENSG00000133321,41.4754,-6.284168,0.4840875,-12.98147,1.5585669999999999e-38,3.30399e-35,43.74955,-7.522379,0.7579819,-9.92422,3.266481e-23,1.724702e-20,1.6177905831703,1.6409735903064018,PLAAT4,PLAAT4,protein_coding,0.9725091484623578,0.8788343247402479,True,True,6.284168,7.522379,Both
ENSG00000184743,1533.224,-0.1605267,0.1144778,-1.402251,0.1608402,0.6584452,2105.092,0.4190644,0.05255076,7.974469,1.530368e-15,4.627206e-13,3.1856056087730185,3.323271080798401,ATL3,ATL3,protein_coding,46.79410938752334,32.487929681583346,True,False,0.1605267,-0.4190644,NTVE
ENSG00000156587,1649.941,-3.714476,0.16775,-22.14293,1.220452e-108,9.313999e-105,1316.47,-3.509544,0.05890506,-59.57967,0.0,0.0,3.2174684146184167,3.1194109667592858,UBE2L6,UBE2L6,protein_coding,29.263823711929383,34.96108017273491,True,True,3.714476,3.509544,Both
ENSG00000149131,572.1186,-1.804024,0.2187183,-8.248163,1.608483e-16,1.573757e-13,250.0567,-1.20057,0.1103463,-10.88002,1.4352390000000001e-27,9.76404e-25,2.7574860672308894,2.3980384954925498,SERPING1,SERPING1,protein_coding,5.5585126792002955,12.122787568108711,True,True,1.804024,1.20057,Both
ENSG00000185885,603.0273,-0.7736673,0.1231618,-6.281713,3.348624e-10,2.094701e-07,414.5612,-0.8570093,0.09483501,-9.036846,1.6125809999999998e-19,6.557086e-17,2.780336973783562,2.6175886527640575,IFITM1,IFITM1,protein_coding,9.215284719443588,12.777721010416654,True,False,0.7736673,0.8570093,NTVE
ENSG00000142089,286.1621,-1.529882,0.1452172,-10.53513,5.950081999999999e-26,6.880098000000001e-23,207.9234,-1.381393,0.1470746,-9.39247,5.860926e-21,2.624508e-18,2.4566121142217963,2.317903368210759,IFITM3,IFITM3,protein_coding,4.621931166821104,6.06357204318105,True,True,1.529882,1.381393,Both
ENSG00000251637,18.88228,-1.659176,0.451165,-3.677538,0.0002354962,0.03164107,102.4995,-1.465227,0.1887105,-7.764416,8.20223e-15,2.321297e-12,1.276054433374892,2.0107217468769383,LINC02754,LINC02754,lncRNA,2.2784623261911823,0.4001021278482254,True,False,1.659176,1.465227,NTVE
ENSG00000132274,68.14794,-3.334906,0.2994081,-11.13833,8.163606000000001e-29,1.1125250000000001e-25,10.89945,-2.225456,0.5531583,-4.023182,5.74172e-05,0.002727942,1.8334527323621168,1.037404583445983,TRIM22,TRIM22,protein_coding,0.2422839740799173,1.4440065395954935,False,True,3.334906,2.225456,Lysate
ENSG00000251562,3117.394,0.551835,0.5619988,0.9819151,0.3261417,0.8605693,2693.912,0.353508,0.04860883,7.272505,3.528818e-13,8.378219e-11,3.493791695190601,3.4303834048470194,MALAT1,MALAT1,lncRNA,59.8829945714305,66.05536898834733,True,False,-0.551835,-0.353508,NTVE
ENSG00000122912,663.9638,0.04178585,0.131086,0.3187666,0.7499035,0.9786497,2143.551,0.3048518,0.04924033,6.1911,5.974567e-10,9.352048e-08,2.8221444018246253,3.331133820832463,SLC25A16,SLC25A16,protein_coding,47.64901485148157,14.06892224848872,True,False,-0.04178585,-0.3048518,NTVE
ENSG00000152465,1045.061,-0.09085572,0.1440658,-0.6306543,0.5282666,0.9786497,2479.733,0.2870429,0.04387168,6.542783,6.038422e-11,1.062762e-08,3.019141640868332,3.3944049216047905,NMT2,NMT2,protein_coding,55.122007614798505,22.144101762668186,True,False,0.09085572,-0.2870429,NTVE
ENSG00000099194,18942.91,-0.1653157,0.1439622,-1.148327,0.2508335,0.7885443,25651.6,0.2021701,0.02999563,6.739986,1.584018e-11,2.964879e-09,4.277446695885072,4.409114459096941,SCD,SCD,protein_coding,570.2096518180648,401.3868345685705,True,False,0.1653157,-0.2021701,NTVE
ENSG00000148468,1770.698,-0.2538423,0.1965389,-1.291563,0.1965086,0.716109,2201.767,0.5878345,0.05117728,11.48624,1.547003e-30,1.164399e-27,3.248144496753269,3.3427713582468606,FAM171A1,FAM171A1,protein_coding,48.943098849760055,37.519835399993916,True,False,0.2538423,-0.5878345,NTVE
ENSG00000165650,2553.743,-0.2650422,0.1683582,-1.574276,0.1154237,0.5760317,4787.946,0.3084878,0.03982878,7.745348,9.532056e-15,2.676238e-12,3.4071771892085745,3.680149243648686,PDZD8,PDZD8,protein_coding,106.43129557546882,54.11200386168994,True,False,0.2650422,-0.3084878,NTVE
ENSG00000188613,121.3483,0.3456993,0.2126847,1.625408,0.1040757,0.5546535,906.3883,0.5074004,0.05920085,8.57083,1.027419e-17,3.671309e-15,2.084033696565846,2.9573142908555248,NANOS1,NANOS1,protein_coding,20.148113839096496,2.57128445509572,True,False,-0.3456993,-0.5074004,NTVE
ENSG00000150093,9871.827,0.1625744,0.1183852,1.373267,0.1696694,0.6740951,3318.462,0.3116654,0.03825118,8.147863,3.704104e-16,1.149442e-13,3.9943975359108332,3.520936848862256,ITGB1,ITGB1,protein_coding,73.76612225325044,209.1770161468617,True,False,-0.1625744,-0.3116654,NTVE
ENSG00000107937,5485.409,-0.1839517,0.1034037,-1.778966,0.07524537,0.4907668,5698.677,0.2961823,0.03548394,8.346937,7.005584000000001e-17,2.272601e-14,3.7392090147404278,3.7557740419373293,GTPBP4,GTPBP4,protein_coding,126.67594333272054,116.23192818969989,True,False,0.1839517,-0.2961823,NTVE
ENSG00000165424,1824.415,-0.1792786,0.1291749,-1.387875,0.1651751,0.666157,6050.699,0.2727063,0.02953974,9.231844,2.6601279999999998e-20,1.1476180000000001e-17,3.261123634271843,3.7818055489181353,ZCCHC24,ZCCHC24,protein_coding,134.50104360140938,38.658060550856156,True,False,0.1792786,-0.2727063,NTVE
ENSG00000119917,100.1357,-3.855509,0.3000936,-12.84769,8.861771999999999e-38,1.779724e-34,251.9441,-3.763437,0.1267068,-29.70192,7.251482e-194,2.332077e-190,2.00058893810775,2.4013041925491194,IFIT3,IFIT3,protein_coding,5.600467711121945,2.1218044983747486,True,True,3.855509,3.763437,Both
ENSG00000198682,1386.571,-0.1137976,0.1729489,-0.6579837,0.5105486,0.9786497,4074.069,0.2879931,0.04054976,7.102216,1.227723e-12,2.680984e-10,3.14194211273014,3.6100283801048643,PAPSS2,PAPSS2,protein_coding,90.56251719084858,29.380456571592084,True,False,0.1137976,-0.2879931,NTVE
ENSG00000119922,38.8835,-2.758872,0.3099619,-8.900678,5.550657e-19,5.724378e-16,40.10626,-2.37569,0.3090614,-7.68679,1.508729e-14,4.137427e-12,1.5897653499341173,1.603212164921238,IFIT2,IFIT2,protein_coding,0.891522421615992,0.823913801097456,True,True,2.758872,2.37569,Both
ENSG00000134470,448.1598,-1.64979,0.1229676,-13.41646,4.842911e-41,1.087034e-37,81.00318,-1.558732,0.1793654,-8.690259,3.616136e-18,1.360898e-15,2.6514328976672035,1.9085020686236316,IL15RA,IL15RA,protein_coding,1.8006204316282817,9.496188468555447,True,True,1.64979,1.558732,Both
ENSG00000136044,1149.111,-0.17443,0.1368587,-1.274526,0.2024771,0.7245034,1424.397,0.3140346,0.04948873,6.345579,2.215905e-10,3.663077e-08,3.060361982003446,3.1536310503119482,APPL2,APPL2,protein_coding,31.662933985431554,24.348847503257137,True,False,0.17443,-0.3140346,NTVE
ENSG00000139433,1405.345,-0.05078951,0.133436,-0.3806281,0.7034792,0.9786497,13972.57,0.214025,0.03024736,7.075822,1.485658e-12,3.166062e-10,3.1477829528557417,4.145276294028689,GLTP,GLTP,protein_coding,310.5963867635367,29.7782643229983,True,False,0.05078951,-0.214025,NTVE
ENSG00000063046,21032.99,0.01353732,0.1415501,0.09563623,0.9238095,0.9997238,40153.88,0.2006659,0.02492619,8.050404,8.25214e-16,2.538502e-13,4.322901015349079,4.603727516767248,EIF4B,EIF4B,protein_coding,892.5809670330254,445.67414814368004,True,False,-0.01353732,-0.2006659,NTVE
ENSG00000176871,1872.282,0.1642179,0.1323173,1.241091,0.214572,0.7434091,7005.99,0.3505969,0.03065425,11.43714,2.727417e-30,2.010106e-27,3.272371262041104,3.8454695130918766,WSB2,WSB2,protein_coding,155.73621600761138,39.672328348691536,True,False,-0.1642179,-0.3505969,NTVE
ENSG00000111412,2445.548,-0.04823329,0.1355628,-0.3558003,0.7219901,0.9786497,7269.444,0.2192169,0.03258678,6.727173,1.729914e-11,3.170852e-09,3.388376191357077,3.8615011953203893,SPRING1,SPRING1,protein_coding,161.59253739146564,51.8194285094264,True,False,0.04823329,-0.2192169,NTVE
ENSG00000111331,688.4187,-1.600992,0.2140079,-7.480996,7.376139e-14,6.545551e-11,113.7212,-0.9001345,0.1621217,-5.552215,2.82073e-08,3.464797e-06,2.837852658861374,2.0558414337710307,OAS3,OAS3,protein_coding,2.5279095984785553,14.587104243794137,False,True,1.600992,0.9001345,Lysate
ENSG00000139697,2035.176,-0.2425278,0.1650708,-1.469235,0.141769,0.6263593,7448.595,0.4086635,0.03238458,12.61908,1.657514e-36,1.543058e-33,3.3086019725409304,3.872074361165505,SBNO1,SBNO1,protein_coding,165.5748866146275,43.123936735692936,True,False,0.2425278,-0.4086635,NTVE
ENSG00000184992,2949.821,-0.09038851,0.1245421,-0.7257668,0.4679817,0.9556299,12539.27,0.389683,0.02942315,13.2441,4.881235e-40,5.078781e-37,3.4697956630727833,4.098272253863115,BRI3BP,BRI3BP,protein_coding,278.73554790939767,62.50461590821554,True,False,0.09038851,-0.389683,NTVE
ENSG00000175970,3778.257,-0.08133023,0.1393994,-0.583433,0.5596019,0.9786497,3350.896,0.4094403,0.04509799,9.078903,1.096743e-19,4.5645170000000007e-17,3.5772914956413304,3.525160949074598,UNC119B,UNC119B,protein_coding,74.48709793691411,80.05858748294446,True,False,0.08133023,-0.4094403,NTVE
ENSG00000135108,4605.843,-0.1513787,0.1151778,-1.314305,0.1887435,0.70334,10661.71,0.2514903,0.02644383,9.510357,1.9000899999999998e-21,8.844418e-19,3.663309130025141,4.027826865479078,FBXO21,FBXO21,protein_coding,236.99924943805377,97.59454816022505,True,False,0.1513787,-0.2514903,NTVE
ENSG00000125304,4747.113,0.0427088,0.1004957,0.4249813,0.6708503,0.9786497,1774.6,0.3254378,0.04155144,7.832168,4.795292e-15,1.390477e-12,3.676429569761831,3.2491004771829224,TM9SF2,TM9SF2,protein_coding,39.44759968642649,100.58795931614047,True,False,-0.0427088,-0.3254378,NTVE
ENSG00000083520,17804.13,0.3814437,0.1848776,2.063223,0.03909147,0.3898717,7583.574,0.2359825,0.03378215,6.985419,2.840073e-12,5.807539e-10,4.250520756699933,3.8798739289389816,DIS3,DIS3,protein_coding,168.57533604439993,377.2568936318297,True,False,-0.3814437,-0.2359825,NTVE
ENSG00000122042,2596.503,0.1100107,0.1263868,0.8704294,0.3840658,0.8997253,3456.313,0.4121568,0.05183325,7.95159,1.841331e-15,5.473859e-13,3.414388828715282,3.5386130648304737,UBL3,UBL3,protein_coding,76.83041339738071,55.018057949797424,True,False,-0.1100107,-0.4121568,NTVE
ENSG00000133106,126.9085,-2.309592,0.1844377,-12.52234,5.6349769999999994e-36,1.075097e-32,138.2665,-1.805541,0.1549404,-11.65313,2.211866e-31,1.738822e-28,2.1034907109794156,2.140716969498373,EPSTI1,EPSTI1,protein_coding,3.07352729744353,2.6891011515572547,True,True,2.309592,1.805541,Both
ENSG00000165804,938.5466,0.1714016,0.1247077,1.374427,0.1693092,0.6733896,1699.089,0.2990096,0.04800607,6.228579,4.706839e-10,7.500411e-08,2.9724558407511044,3.2302161282490047,ZNF219,ZNF219,protein_coding,37.769064974422804,19.887137133053702,True,False,-0.1714016,-0.2990096,NTVE
ENSG00000258441,486.0852,0.1084577,0.2229795,0.4864023,0.6266819,0.9786497,483.4011,0.6927929,0.07797936,8.884312,6.431768999999999e-19,2.500333e-16,2.6867123981653007,2.6843076343285337,LINC00641,LINC00641,lncRNA,10.745527488323127,10.299800809834947,True,False,-0.1084577,-0.6927929,NTVE
ENSG00000092010,1907.936,-1.417251,0.1263261,-11.21899,3.2899900000000005e-29,4.6496089999999997e-26,1678.947,-1.539767,0.04868254,-31.62873,1.4874230000000002e-219,5.846564e-216,3.28056380259396,3.225036986804612,PSME1,PSME1,protein_coding,37.3213282715692,40.42781133413082,True,True,1.417251,1.539767,Both
ENSG00000100911,3142.009,-0.4508638,0.1222567,-3.687846,0.0002261605,0.03076883,2628.049,-0.8465045,0.03731,-22.68841,5.830957e-114,1.289225e-110,3.497207424702917,3.4196334583882093,PSME2,PSME2,protein_coding,58.41892533997152,66.57694338916036,True,False,0.4508638,0.8465045,NTVE
ENSG00000100567,19892.17,-0.04671491,0.2180293,-0.2142598,0.8303444,0.9856332,9112.624,-0.2554736,0.03796947,-6.728395,1.715452e-11,3.16072e-09,4.2986821620897695,3.9596434510269205,PSMA3,PSMA3,protein_coding,202.56460252728644,421.5009810530632,True,False,0.04671491,0.2554736,NTVE
ENSG00000011114,1224.201,-0.2485538,0.1588099,-1.565103,0.1175588,0.580456,3705.798,0.4506184,0.03746899,12.02644,2.580643e-33,2.074837e-30,3.08785272992081,3.5688817425931654,BTBD7,BTBD7,protein_coding,82.37621775203422,25.93995137313531,True,False,0.2485538,-0.4506184,NTVE
ENSG00000140105,6936.632,-1.325659,0.1782911,-7.435365,1.042797e-13,9.043418e-11,6875.286,-1.097039,0.03334755,-32.89715,2.41409e-237,1.06751e-233,3.841148655057607,3.8372907687769717,WARS1,WARS1,protein_coding,152.83079559207283,146.98231481050442,True,True,1.325659,1.097039,Both
ENSG00000139946,1199.529,-0.07600613,0.1452531,-0.5232669,0.6007885,0.9786497,2212.882,0.4909584,0.05261388,9.331348,1.045326e-20,4.565365e-18,3.079010752001832,3.3449582561707354,PELI2,PELI2,protein_coding,49.19017428676819,25.417169182728674,True,False,0.07600613,-0.4909584,NTVE
ENSG00000137776,1230.221,-0.3386935,0.1965335,-1.723337,0.08482755,0.5133731,2386.313,0.3376923,0.04723844,7.148675,8.761937e-13,1.974282e-10,3.089983136202831,3.377727407170687,SLTM,SLTM,protein_coding,53.04537357743461,26.067510905651844,True,False,0.3386935,-0.3376923,NTVE
ENSG00000104164,4287.665,0.1790488,0.143064,1.251529,0.2107414,0.7371491,19527.91,0.2634184,0.04022538,6.548562,5.809359e-11,1.027559e-08,3.6322208461028844,4.290655764842487,BLOC1S6,BLOC1S6,protein_coding,434.0860906077791,90.85258189161274,True,False,-0.1790488,-0.2634184,NTVE
ENSG00000185880,1963.096,-0.99144,0.1850221,-5.358497,8.391736e-08,4.10528e-05,1256.939,-1.245129,0.05490355,-22.67848,7.306695e-114,1.52048e-110,3.2929415381383764,3.0993142016269117,TRIM69,TRIM69,protein_coding,27.94050856658246,41.59661263207303,True,False,0.99144,1.245129,NTVE
ENSG00000140511,1340.978,-0.7408476,0.1356309,-5.462233,4.701822e-08,2.457701e-05,418.8837,-1.200203,0.09026017,-13.29715,2.404509e-40,2.577633e-37,3.1274216529023247,2.6220934610110507,HAPLN3,HAPLN3,protein_coding,9.311369611613417,28.414373221753817,True,False,0.7408476,1.200203,NTVE
ENSG00000166710,43584.34,-1.399965,0.2374478,-5.895883,3.726826e-09,2.257273e-06,10708.27,-1.142654,0.03787616,-30.16816,6.199526e-200,2.1931440000000003e-196,4.639330473826828,4.029719313022161,B2M,B2M,protein_coding,238.03423210535908,923.5212683457996,True,False,1.399965,1.142654,NTVE
ENSG00000138600,2651.4,0.1559157,0.1192478,1.307493,0.1910452,0.7071208,2508.459,0.3460554,0.05321453,6.503023,7.872162e-11,1.357556e-08,3.423475251945937,3.3994070070104616,SPPL2A,SPPL2A,protein_coding,55.76055813243194,56.181286464176196,True,False,-0.1559157,-0.3460554,NTVE
ENSG00000059145,991.2871,0.3289874,0.1552524,2.119049,0.03408631,0.3712005,1957.089,0.6053595,0.04423344,13.68556,1.238464e-42,1.4603970000000002e-39,2.996199454574098,3.291610575954377,UNKL,UNKL,protein_coding,43.50414934222289,21.004670941141462,True,False,-0.3289874,-0.6053595,NTVE
ENSG00000103111,2209.829,-0.302208,0.1525049,-1.981628,0.0475209,0.4173308,3583.812,0.2530499,0.03413131,7.414011,1.225362e-13,3.031357e-11,3.344358668603809,3.554345219320419,MON1B,MON1B,protein_coding,79.6645898385053,46.82470999692389,True,False,0.302208,-0.2530499,NTVE
ENSG00000135686,2220.222,-0.2933517,0.1446676,-2.027764,0.04258438,0.4025105,3210.062,0.36363,0.03623412,10.03557,1.0634570000000001e-23,5.878257e-21,3.3463964017275014,3.5065134205661947,KLHL36,KLHL36,protein_coding,71.3564976584073,47.0449302994894,True,False,0.2933517,-0.36363,NTVE
ENSG00000125148,327.4264,-0.9146639,0.1736705,-5.266662,1.389268e-07,6.710342e-05,2886.827,-0.5175114,0.04777586,-10.83207,2.426149e-27,1.6193859999999999e-24,2.5151136931336198,3.4604207585268636,MT2A,MT2A,protein_coding,64.17130387691172,6.937933308566772,True,False,0.9146639,0.5175114,NTVE
ENSG00000103160,2535.817,0.1109405,0.0857598,1.293619,0.195797,0.7148767,8806.269,0.2499815,0.03201945,7.807178,5.848286e-15,1.668459e-12,3.404117909005495,3.9447919474681945,HSDL1,HSDL1,protein_coding,195.7546344207074,53.73216462914984,True,False,-0.1109405,-0.2499815,NTVE
ENSG00000170100,759.1579,-0.07089514,0.2081621,-0.3405766,0.7334223,0.9786497,780.384,0.4367749,0.06983158,6.25469,3.983057e-10,6.375774e-08,2.880332115772432,2.8923083565926193,ZNF778,ZNF778,protein_coding,17.347163097989547,16.086017745886107,True,False,0.07089514,-0.4367749,NTVE
ENSG00000179918,10269.75,-0.3934617,0.127201,-3.093228,0.00197992,0.1127609,6397.035,-0.1922525,0.02710029,-7.094115,1.301815e-12,2.791091e-10,4.011559871548399,3.8059787268728362,SEPHS2,SEPHS2,protein_coding,142.19974972391486,217.60872243549576,True,False,0.3934617,0.1922525,NTVE
ENSG00000189067,2769.795,-0.2272245,0.1520042,-1.494857,0.1349518,0.6152951,14022.19,0.1893598,0.02690288,7.038645,1.941189e-12,4.063403e-10,3.4424476269476987,4.146815847485079,LITAF,LITAF,protein_coding,311.69939019892524,58.68999258581991,True,False,0.2272245,-0.1893598,NTVE
ENSG00000008517,344.2236,-1.216165,0.143858,-8.45393,2.8165920000000005e-17,2.828303e-14,76.16419,-1.000657,0.1966868,-5.087565,3.6269e-07,3.367591e-05,2.5368406422797944,1.8817508277585753,IL32,IL32,protein_coding,1.6930544785083557,7.293854069295467,False,True,1.216165,1.000657,Lysate
ENSG00000140853,566.4312,-4.659446,0.1414058,-32.95088,4.1093489999999996e-238,1.568045e-233,49.12946,-3.833677,0.3127104,-12.25951,1.493918e-34,1.3212210000000002e-31,2.7531471670239624,1.6913419906703588,NLRC5,NLRC5,protein_coding,1.092099217226588,12.002275593817258,True,True,4.659446,3.833677,Both
ENSG00000205220,130.2442,-3.580231,0.2950848,-12.13289,7.0712659999999994e-34,1.1242719999999999e-30,21.49098,-1.955505,0.3681752,-5.311344,1.088196e-07,1.138936e-05,2.1147583925160545,1.332256219999965,PSMB10,PSMB10,protein_coding,0.4777231916538927,2.7597822699319066,False,True,3.580231,1.955505,Lysate
ENSG00000140968,822.7588,-1.945114,0.1582619,-12.29048,1.019047e-34,1.76749e-31,234.5741,-1.809368,0.1163765,-15.54754,1.653443e-54,2.437174e-51,2.9152725360846152,2.3702800587256614,IRF8,IRF8,protein_coding,5.214349821708428,17.433675731206854,True,True,1.945114,1.809368,Both
ENSG00000187555,4666.064,-0.3856914,0.1869932,-2.062596,0.03915103,0.389913,3821.515,0.3118955,0.04197564,7.430393,1.082753e-13,2.716559e-11,3.6689506913064744,3.5822355685930964,USP7,USP7,protein_coding,84.94849200702927,98.87058846050382,True,False,0.3856914,-0.3118955,NTVE
ENSG00000261971,494.6517,-0.8708384,0.2536325,-3.433465,0.0005959189,0.05756728,410.9733,-0.5801146,0.08202266,-7.072614,1.520421e-12,3.220744e-10,2.69429950598262,2.6138136076684524,MMP25-AS1,MMP25-AS1,lncRNA,9.135529257415564,10.48131887217762,True,False,0.8708384,0.5801146,NTVE
ENSG00000167193,4505.584,-0.07275011,0.1125088,-0.646617,0.5178798,0.9786497,29210.49,0.1809044,0.02698373,6.704203,2.025086e-11,3.673817e-09,3.6537510908843336,4.465538842235832,CRK,CRK,protein_coding,649.320250289848,95.47013102225573,True,False,0.07275011,-0.1809044,NTVE
ENSG00000124422,10614.18,-0.3542216,0.1892228,-1.871982,0.06120915,0.4540012,19082.09,0.4477565,0.02771749,16.15429,1.059242e-58,1.784369e-55,4.025886448315403,4.280625939852247,USP22,USP22,protein_coding,424.17595373625727,224.90694997447753,True,False,0.3542216,-0.4477565,NTVE
ENSG00000183688,2028.786,-0.2404949,0.1538088,-1.563597,0.1179122,0.5809468,17908.04,0.2856837,0.0252373,11.3199,1.045914e-29,7.551072e-27,3.3072362392853702,4.253048055767241,RFLNB,RFLNB,protein_coding,398.07798551139024,42.98853716546359,True,False,0.2404949,-0.2856837,NTVE
ENSG00000011258,1193.579,-0.2462079,0.1396272,-1.763323,0.0778461,0.4979231,1296.681,0.4093795,0.05897525,6.941547,3.87829e-12,7.795363e-10,3.07685116915645,3.1128331472640163,MBTD1,MBTD1,protein_coding,28.823933849315445,25.29109290059024,True,False,0.2462079,-0.4093795,NTVE
ENSG00000132383,4963.452,-0.1520439,0.1032234,-1.472959,0.1407621,0.6245582,1808.175,0.3252401,0.0499279,6.514194,7.30809e-11,1.273552e-08,3.695783826309031,3.2572404603519542,RPA1,RPA1,protein_coding,40.19393866956172,105.17202936682065,True,False,0.1520439,-0.3252401,NTVE
ENSG00000127804,2585.98,-0.2409512,0.1478948,-1.629207,0.1032693,0.5528185,6957.217,0.2298521,0.03596283,6.391381,1.643945e-10,2.730338e-08,3.4126251617186885,3.842435549488572,METTL16,METTL16,protein_coding,154.65204054299622,54.795083039386874,True,False,0.2409512,-0.2298521,NTVE
ENSG00000153944,4350.161,0.03136162,0.1021475,0.3070227,0.7588261,0.9786497,9324.028,0.3287287,0.03179466,10.33912,4.688321e-25,2.764234e-22,3.6385053305449064,3.969603569034214,MSI2,MSI2,protein_coding,207.26390398345083,92.17682782917974,True,False,-0.03136162,-0.3287287,NTVE
ENSG00000068489,2903.549,0.1509146,0.1322202,1.141389,0.2537082,0.7885443,21606.59,0.2394456,0.02473404,9.680813,3.638097e-22,1.763032e-19,3.462929159541049,4.334586230972085,PRR11,PRR11,protein_coding,480.2930874049058,61.52414502970971,True,False,-0.1509146,-0.2394456,NTVE
ENSG00000108854,3374.503,0.3556156,0.1357556,2.619528,0.008805146,0.2264062,4752.312,0.2892289,0.0385725,7.49832,6.464107e-14,1.669155e-11,3.528209818573975,3.6769049453212683,SMURF2,SMURF2,protein_coding,105.63918706243709,71.50332643781472,True,False,-0.3556156,-0.2892289,NTVE
ENSG00000168610,2167.79,-0.8515563,0.1585284,-5.371631,7.802758e-08,3.917601e-05,2049.309,-0.5567877,0.04150291,-13.41563,4.897463e-41,5.414145e-38,3.336017208558901,3.3116074473602573,STAT3,STAT3,protein_coding,45.55410856857376,45.93393338771084,True,False,0.8515563,0.5567877,NTVE
ENSG00000197063,3820.217,0.03108984,0.1258181,0.2471016,0.8048296,0.9801992,6139.251,0.3428033,0.03396503,10.09283,5.942916e-24,3.337089e-21,3.582088032866135,3.7881153896413435,MAFG,MAFG,protein_coding,136.4694668220971,80.94769013815939,True,False,-0.03108984,-0.3428033,NTVE
ENSG00000141542,1436.259,0.2247323,0.1059476,2.121165,0.03390791,0.3705872,6711.523,0.3259515,0.03064573,10.63611,2.0239449999999998e-26,1.278555e-23,3.1572327631153776,3.826821082828204,RAB40B,RAB40B,protein_coding,149.19050636213467,30.433310068549158,True,False,-0.2247323,-0.3259515,NTVE
ENSG00000108679,3921.056,-2.201369,0.112724,-19.52884,6.243777e-85,3.403572e-81,120.7431,-2.113633,0.1749754,-12.0796,1.353782e-33,1.1137529999999999e-30,3.593403044880496,2.081862321886933,LGALS3BP,LGALS3BP,protein_coding,2.683999478022181,83.0843970649758,True,True,2.201369,2.113633,Both
ENSG00000128422,243.0322,-1.007351,0.1631328,-6.175038,6.614774e-10,4.071073e-07,54.02796,-1.726161,0.2545209,-6.782002,1.185219e-11,2.242156e-09,2.385663818272668,1.732618569658962,KRT17,KRT17,protein_coding,1.2009880186826682,5.14968003628987,True,False,1.007351,1.726161,NTVE
ENSG00000180616,187.2904,-0.756083,0.2108014,-3.586708,0.0003348787,0.03956131,1091.972,-0.6271624,0.06281003,-9.985068,1.7717930000000002e-23,9.642916e-21,2.272515517183694,3.038211502470004,SSTR2,SSTR2,protein_coding,24.273455609594563,3.96855080877655,True,False,0.756083,0.6271624,NTVE
ENSG00000184557,267.9802,-1.45115,0.1331143,-10.90154,1.1332550000000001e-27,1.4414249999999999e-24,69.19125,-1.179351,0.2144284,-5.499973,3.798502e-08,4.509256e-06,2.4281027069078633,1.840051176581217,SOCS3,SOCS3,protein_coding,1.5380529312540612,5.678310471044441,False,True,1.45115,1.179351,Lysate
ENSG00000278311,3128.458,-0.03248807,0.1281285,-0.2535584,0.7998367,0.9786497,3784.526,0.3069138,0.048518,6.325771,2.519705e-10,4.107699e-08,3.495330328886601,3.578011493221754,GGNBP2,GGNBP2,protein_coding,84.12626318656199,66.28980730525146,True,False,0.03248807,-0.3069138,NTVE
ENSG00000141279,3795.141,-0.1748687,0.0954046,-1.832917,0.06681491,0.4692783,7291.841,0.2118932,0.03341943,6.34042,2.29139e-10,3.770243e-08,3.5792279157741604,3.862837190211206,NPEPPS,NPEPPS,protein_coding,162.09040051001458,80.416347474142,True,False,0.1748687,-0.2118932,NTVE
ENSG00000141551,10479.47,-0.1399024,0.1073006,-1.303836,0.1922895,0.7093621,3474.689,0.3007246,0.044667,6.732591,1.666686e-11,3.086946e-09,4.020339318726344,3.540915939392845,CSNK1D,CSNK1D,protein_coding,77.23889367002681,222.0525405682811,True,False,0.1399024,-0.3007246,NTVE
ENSG00000141622,215.9793,-0.09852973,0.1859105,-0.5299848,0.5961225,0.9786497,994.2227,0.4414931,0.06366712,6.934397,4.079573e-12,8.153614e-10,2.334412129268668,2.9974836746873037,RNF165,RNF165,protein_coding,22.100585522798433,4.576448262665855,True,False,0.09852973,-0.4414931,NTVE
ENSG00000166510,143.3386,-0.7712402,0.1834991,-4.202964,2.634426e-05,0.006335254,160.0248,-0.9852562,0.145345,-6.778743,1.212256e-11,2.281105e-09,2.156363158363995,2.204187293084196,CCDC68,CCDC68,protein_coding,3.5571927478307575,3.0372433235173744,True,False,0.7712402,0.9852562,NTVE
ENSG00000101493,1394.559,-0.01402966,0.174229,-0.08052428,0.9358203,0.9997238,641.1864,0.4977533,0.07552217,6.590823,4.373941e-11,7.814774e-09,3.1444368928095963,2.806984302098213,ZNF516,ZNF516,protein_coding,14.252938370100829,29.549716629024324,True,False,0.01402966,-0.4977533,NTVE
ENSG00000078043,888.5769,-0.09556833,0.1418305,-0.6738207,0.5004253,0.9758396,2761.212,0.2771333,0.04263714,6.499809,8.042195e-11,1.3744e-08,2.948695018861039,3.4410997521284292,PIAS2,PIAS2,protein_coding,61.37900688907758,18.828314612789335,True,False,0.09556833,-0.2771333,NTVE
ENSG00000075336,850.2487,0.3172764,0.1588219,1.997687,0.04575066,0.4124861,1968.768,0.3076676,0.0444893,6.915542,4.660771e-12,9.211141e-10,2.9295459765844623,3.29419454180793,TIMM21,TIMM21,protein_coding,43.76376194040714,18.01616722504843,True,False,-0.3172764,-0.3076676,NTVE
ENSG00000124222,4264.639,-0.11815,0.1741399,-0.6784771,0.4974692,0.9736222,12005.22,0.3034783,0.03117272,9.735381,2.130182e-22,1.0765329999999999e-19,3.629882274203782,4.079370123069478,STX16,STX16,protein_coding,266.86414555814326,90.36467727438256,True,False,0.11815,-0.3034783,NTVE
ENSG00000197296,877.3737,-0.08243127,0.1441005,-0.57204,0.5672949,0.9786497,1635.157,0.339331,0.0474795,7.146895,8.876276e-13,1.987387e-10,2.943184611928895,3.2135594578893882,FITM2,FITM2,protein_coding,36.34791995968561,18.590926746561887,True,False,0.08243127,-0.339331,NTVE
ENSG00000101412,5819.226,0.1150717,0.08722069,1.319316,0.1870635,0.7004685,17824.89,0.2167642,0.02655403,8.163139,3.264294e-16,1.021926e-13,3.7648652241201956,4.251026858437484,E2F1,E2F1,protein_coding,396.22964339827945,123.30527378207067,True,False,-0.1150717,-0.2167642,NTVE
ENSG00000101266,6517.692,-0.2465305,0.1758264,-1.402125,0.160878,0.6585265,23579.6,0.2979313,0.02756122,10.8098,3.093345e-27,2.026485e-24,3.8140938335975325,4.372536433529799,CSNK2A1,CSNK2A1,protein_coding,524.151144802244,138.10527319049163,True,False,0.2465305,-0.2979313,NTVE
ENSG00000116017,2001.393,-0.2856622,0.1873057,-1.525112,0.1272312,0.5996967,5467.542,0.2242612,0.03158704,7.099786,1.249502e-12,2.703349e-10,3.3013323764787277,3.737792127841029,ARID3A,ARID3A,protein_coding,121.53804129647452,42.40809891393113,True,False,0.2856622,-0.2242612,NTVE
ENSG00000127526,2176.282,-0.255161,0.1479653,-1.724465,0.0846239,0.5127249,13506.25,0.1498942,0.02344996,6.392089,1.636349e-10,2.730338e-08,3.3377151700283156,4.130534784227317,SLC35E1,SLC35E1,protein_coding,300.2305552038757,46.113872847865395,True,False,0.255161,-0.1498942,NTVE
ENSG00000168813,1929.102,-0.1003222,0.1710315,-0.5865715,0.5574916,0.9786497,2294.395,0.3394871,0.04471806,7.591722,3.156812e-14,8.396644e-12,3.285355191286196,3.360668187563902,ZNF507,ZNF507,protein_coding,51.002127511855356,40.8763038698858,True,False,0.1003222,-0.3394871,NTVE
ENSG00000130517,751.257,-0.0228779,0.1241968,-0.1842069,0.8538511,0.990703,2804.295,0.3168605,0.04463218,7.099372,1.253249e-12,2.703349e-10,2.875788531662656,3.4478236976445666,PGPEP1,PGPEP1,protein_coding,62.33669929147266,15.918603275710046,True,False,0.0228779,-0.3168605,NTVE
ENSG00000130303,422.7233,-3.251926,0.1541785,-21.09196,9.426611e-99,5.995009999999999e-95,339.2957,-2.836718,0.1251259,-22.67091,8.677933e-114,1.705503e-110,2.626056186278387,2.530578355730866,BST2,BST2,protein_coding,7.542207229192977,8.957207065090856,True,True,3.251926,2.836718,Both
ENSG00000178951,983.3125,0.009841286,0.1442608,0.06821873,0.9456115,0.9997238,5968.171,0.2259013,0.03270594,6.907042,4.948642e-12,9.725731e-10,2.992691560006752,3.775841258045793,ZBTB7A,ZBTB7A,protein_coding,132.66652793200703,20.835694820210175,True,False,-0.009841286,-0.2259013,NTVE
ENSG00000129351,21623.58,-0.1341088,0.1304263,-1.028235,0.3038395,0.8399356,15760.89,0.2397412,0.03220675,7.443819,9.78155e-14,2.471658e-11,4.334927597366315,4.197580737974314,ILF3,ILF3,protein_coding,350.3489684558788,458.18833158370336,True,False,0.1341088,-0.2397412,NTVE
ENSG00000100354,1825.849,-0.2974252,0.1808736,-1.644382,0.1000973,0.5465691,6084.692,0.4045537,0.03514676,11.51041,1.1691909999999999e-30,8.991586000000001e-28,3.261464857985573,3.7842385996431873,TNRC6B,TNRC6B,protein_coding,135.25667431038082,38.688445994316076,True,False,0.2974252,-0.4045537,NTVE
ENSG00000100347,2935.346,0.1717307,0.1281186,1.340404,0.180114,0.689972,1726.294,0.3308002,0.05031877,6.57409,4.895146e-11,8.702044e-09,3.4676593004845513,3.23711476108049,SAMM50,SAMM50,protein_coding,38.373805169097224,62.197900919315735,True,False,-0.1717307,-0.3308002,NTVE
ENSG00000100422,4963.975,0.1136418,0.1088206,1.044304,0.2963446,0.8328117,6482.838,0.5035388,0.03711786,13.56594,6.375487e-42,7.275459000000001e-39,3.695829585600788,3.811765169129493,CERK,CERK,protein_coding,144.10706539837358,105.18311136607416,True,False,-0.1136418,-0.5035388,NTVE
ENSG00000100028,975.7379,0.04130442,0.1092385,0.3781122,0.7053472,0.9786497,4599.535,0.3584924,0.03645044,9.835063,7.951817000000001e-23,4.0768619999999996e-20,2.9893331743567564,3.66271392795508,SNRPD3,SNRPD3,protein_coding,102.24310572732315,20.675194415725166,True,False,-0.04130442,-0.3584924,NTVE
ENSG00000278948,541.0764,-0.2525036,0.2015808,-1.252617,0.210345,0.7362269,1169.806,0.4424372,0.06226472,7.105745,1.19675e-12,2.629579e-10,2.733258591827072,3.068113844553555,ENSG00000278948,ENSG00000278948,TEC,26.003628309917634,11.46502535543682,True,False,0.2525036,-0.4424372,NTVE
ENSG00000221963,504.5539,-9.043729,0.3268122,-27.67256,1.4940189999999999e-168,1.900292e-164,652.77,-9.643617,0.3908116,-24.67588,1.9420449999999999e-134,5.284754e-131,2.7029075674454788,2.814760186901071,APOL6,APOL6,protein_coding,14.510430320809547,10.69113947066354,True,True,9.043729,9.643617,Both
ENSG00000128335,460.5787,-1.195189,0.1769514,-6.754332,1.434945e-11,1.033106e-08,609.547,-0.8588111,0.07009114,-12.25278,1.6234209999999999e-34,1.400735e-31,2.663303849636982,2.7850071981474884,APOL2,APOL2,protein_coding,13.549625857129612,9.759336155992257,True,True,1.195189,0.8588111,Both
ENSG00000128284,11.13524,-4.475812,0.7097244,-6.306408,2.855847e-10,1.847007e-07,14.86631,-2.842238,0.4570841,-6.218195,5.029071e-10,7.94234e-08,1.0466995819046234,1.172203184694946,APOL3,APOL3,protein_coding,0.33046334142585315,0.23594784200322597,True,False,4.475812,2.842238,NTVE
ENSG00000100320,5537.805,-0.3244213,0.177868,-1.823944,0.06816052,0.4722754,4483.793,0.2674503,0.04179979,6.398364,1.570504e-10,2.633088e-08,3.743337659081101,3.651645554629253,RBFOX2,RBFOX2,protein_coding,99.67027574709867,117.34216228699829,True,False,0.3244213,-0.2674503,NTVE
ENSG00000100342,38.90804,-7.503634,0.694018,-10.81187,3.0243550000000002e-27,3.722689e-24,13.32582,-5.753311,0.8243196,-6.979467,2.963021e-12,5.989705e-10,1.590039353686696,1.1246939426905818,APOL1,APOL1,protein_coding,0.2962197750779758,0.8244337863014355,True,True,7.503634,5.753311,Both
ENSG00000182670,5040.715,-0.2490994,0.1698004,-1.467013,0.1423725,0.627447,7861.71,0.3619395,0.02898564,12.48685,8.806793999999999e-36,7.988439000000001e-33,3.7024921432968414,3.8955170196770696,TTC3,TTC3,protein_coding,174.75802374099854,106.80917756629324,True,False,0.2490994,-0.3619395,NTVE
